sample_id,age,weight
DW31240510808865,5.0,170.0
DW31240510802107,1.0,166.0
DW31240510806513,6.0,166.0
DW31240510806340,4.0,165.0
DW31240663106415,3.0,165.0
DW31240663106534,3.0,160.0
DW31240411301893,4.0,155.0
DW31240411301706,12.58333333,150.0
DW31240411303328,5.0,145.0
DW31240411302940,7.0,140.0
DW31240510806779,1.416666667,125.0
DW31240510809960,1.0,124.0
DW31240411301675,3.0,120.0
DW31240510802858,1.0,120.0
DW31240510809861,7.0,115.0
DW31240510810078,6.0,115.0
DW31240411301122,9.0,115.0
DW31240663105437,4.0,110.0
DW31240510808964,4.0,109.0
DW31240411302321,2.0,105.0
DW31240411303658,8.0,105.0
DW31240510804851,2.0,105.0
DW31240510810051,3.0,105.0
DW31240411301833,2.0,105.0
DW31240510810090,5.0,105.0
DW31240663105430,7.0,102.0
DW31240663106505,1.0,102.0
DWO31240411301658,1.0,101.0
DW31240411301779,3.0,100.0
DW31240510810094,2.0,100.0
DW31240510802889,1.0,100.0
DW31240510809113,2.0,100.0
DW31240663106474,9.0,100.0
DW31240663106533,3.0,100.0
DW31240663106504,1.5,100.0
DW31240663106510,9.5,99.0
DW31240510809919,5.0,98.0
DW31240510802982,2.0,97.0
DW31240411301612,2.0,95.0
DW31240510806704,1.0,95.0
DW31240663105291,10.0,95.0
DW31240510808819,2.0,92.0
DW31240663105468,3.0,92.0
DW31231210401827,1.0,90.0
DW31240510802828,5.0,90.0
DW31240411301680,1.5,90.0
DW31240663105400,9.0,90.0
DW31240411301693,3.0,90.0
DW31240510808996,2.0,90.0
DW31240663105250,4.0,90.0
DW31240663105401,3.0,90.0
DWO31240663106363,2.0,90.0
DW31240663105464,1.0,90.0
DW31240663106529,1.5,90.0
DW31240411302224,3.5,89.0
DW31240510810055,6.0,88.0
DW31240510806531,1.333333333,88.0
DW31240663106528,9.0,88.0
DW31240411303842,7.0,85.0
DW31240510801995,10.0,85.0
DW31240510808883,3.0,85.0
DW31240510802977,1.0,85.0
DW31240411302974,5.0,85.0
DW31240411301730,7.0,85.0
DW31240663106404,2.0,85.0
DW31240510807756,7.0,84.0
DW31240510806768,3.0,82.0
DW31240411303316,11.0,81.0
DW31240411303686,1.25,81.0
DW31240510807732,2.0,81.0
DW31240411303700,9.0,80.0
DW31240510802027,7.0,80.0
DW31240510807709,2.0,80.0
DW31240510808748,11.0,80.0
DW31240510809822,4.0,80.0
DW31240510809982,2.9,80.0
DW31240510810058,3.0,80.0
DW31240510802827,7.0,80.0
DW31240510809073,7.0,80.0
DWO31240663105265,10.0,80.0
DW31240411302060,6.5,80.0
DW31240510806582,7.0,80.0
DW31240663105475,8.0,80.0
DW31240510806674,8.0,80.0
DW31240411302291,9.5,79.0
DW31240510806455,1.75,78.0
DW31240510806723,3.833333333,78.0
DW31240411302379,1.5,76.0
DW31240411302943,2.416666667,76.0
DW31240510804406,4.0,76.0
DW31240510808971,10.0,76.0
DW31240510807067,4.0,76.0
DW31240411302217,4.0,75.0
DW31240411302252,1.5,75.0
DW31240411302371,5.0,75.0
DW31240411303690,2.0,75.0
DW31240510804156,4.0,75.0
DW31240510808823,1.5,75.0
DW31240510808863,6.0,75.0
DW31240510809918,1.0,75.0
DW31240510810088,6.5,75.0
DW31240510809052,5.0,75.0
DW31240411301109,9.0,75.0
DW31240411302266,4.0,75.0
DW31240663105445,6.0,75.0
DW31240411301753,3.0,75.0
DW31240663105247,3.0,75.0
DW31240411301683,2.0,75.0
DWO31240510809055,4.0,75.0
DW31240663105273,1.0,75.0
DW31240663106493,3.0,75.0
DW31240663106525,3.0,75.0
DW31240411303729,1.0,73.0
DW31240510808978,1.25,73.0
DW31240663105375,1.0,73.0
DWO31240663105239,4.0,72.0
DW31240663106432,1.0,72.0
DW31240510809006,5.0,71.0
DW31240411301787,2.5,70.0
DW31240411302336,3.0,70.0
DW31240411303354,3.0,70.0
DW31240510808858,4.0,70.0
DW31240510808874,5.0,70.0
DW31240510809870,13.0,70.0
DW31240510809941,13.0,70.0
DW31240510802790,11.0,70.0
DW31240510802822,3.666666667,70.0
DW31240510808944,2.0,70.0
DW31240510809094,1.0,70.0
DWO31240510806494,5.0,70.0
DW31240663105449,1.166666667,70.0
DW31240411301620,1.25,70.0
DW31240510807791,5.0,70.0
DW31240510810424,1.0,70.0
DW31240663106550,2.0,70.0
DW31240663105306,3.0,70.0
DW31240663105492,4.0,70.0
DW31240510810091,7.0,69.0
DW31240411303877,2.0,69.0
DWO31240510809039,3.0,68.0
DW31231210401824,1.0,67.0
DW31240411302398,1.5,67.0
DW31240510808907,11.0,67.0
DW31240510809858,1.0,67.0
DW31240510806767,1.25,67.0
DW31240663105228,4.0,67.0
DW31240663106356,8.5,67.0
DW31240510805118,1.5,66.0
DW31240510809993,6.0,66.0
DW31240510810087,4.0,66.0
DW31240411301611,7.0,65.0
DW31240411301852,6.0,65.0
DW31240411302306,10.0,65.0
DW31240510802062,7.0,65.0
DW31240510804189,1.0,65.0
DW31240510805117,4.0,65.0
DW31240510808827,1.0,65.0
DW31240510810115,6.0,65.0
DW31240510802955,3.0,65.0
DW31240510809118,2.0,65.0
DW31240510806745,2.0,65.0
DW31240510806670,5.0,65.0
DW31240411303830,5.0,65.0
DW31240663105270,1.25,65.0
DW31240411301717,2.0,65.0
DW31240510806778,1.666666667,65.0
DW31240663105209,9.0,65.0
DW31240510810085,1.0,65.0
DW31240663105257,4.0,65.0
DW31240663105256,16.0,65.0
DWO31240663105309,3.0,65.0
DW31240411301891,6.0,64.0
DW31240411303379,2.0,64.0
DW31240411302293,3.5,63.0
DW31240510808159,7.0,63.0
DW31240510802820,1.75,63.0
DW31240411301829,1.5,63.0
DW31240411302424,4.0,62.0
DW31240510806693,7.0,62.0
DWO31240663105418,8.0,62.0
DW31240663105479,2.0,62.0
DW31240663106496,4.0,62.0
DW31240510809868,1.5,61.0
DW31240411301697,13.0,61.0
DW31240510806756,9.5,61.0
DW31240510802853,3.0,60.4
DW31240411301724,5.5,60.0
DW31240411302297,1.0,60.0
DW31240411302401,1.0,60.0
DW31240411303646,2.5,60.0
DW31240510804176,2.0,60.0
DW31240510805113,3.0,60.0
DW31240510802899,4.0,60.0
DW31240510809112,1.0,60.0
DW31240510806620,2.0,60.0
DW31240411301121,2.0,60.0
DW31240411301634,3.0,60.0
DW31240411301682,6.0,60.0
DW31240663105432,1.0,60.0
DW31240663106340,1.25,60.0
DW31240663106342,2.0,60.0
DW31240663106538,1.833333333,60.0
DW31240663106322,1.0,60.0
DW31240663106387,1.0,60.0
DW31240663106473,4.0,60.0
DW31240663105312,6.0,60.0
DW31240663106421,4.0,60.0
DWO31240663105208,5.0,60.0
DWO31240411301652,3.5,59.0
DW31240510805111,1.166666667,58.0
DW31240510809961,6.0,58.0
DW31240510802824,5.5,58.0
DW31240510802010,1.0,58.0
DW31240510805126,2.0,58.0
DW31240411301100,12.0,57.5
DW31240411303593,1.0,57.0
DW31240510801994,5.0,57.0
DW31240510808836,5.0,57.0
DW31240510808945,8.0,57.0
DW31240510809084,2.5,57.0
DW31240411302423,7.0,56.0
DW31240510802972,1.5,56.0
DW31240510809988,1.0,56.0
DW31240510809029,1.0,56.0
DW31240411301798,6.0,56.0
DW31240663106435,1.5,56.0
DW31240411302178,3.833333333,55.0
DW31240411302202,1.5,55.0
DW31240411302276,11.0,55.0
DW31240411302281,14.0,55.0
DW31240411302372,7.0,55.0
DW31240411303806,2.0,55.0
DW31240510802992,1.0,55.0
DW31240510803391,4.0,55.0
DW31240510805136,3.0,55.0
DW31240510809955,1.5,55.0
DW31240510810104,10.0,55.0
DW31240510802925,1.0,55.0
DW31240510802926,3.0,55.0
DW31240510802976,11.0,55.0
DW31240510806606,2.0,55.0
DWO31240510808908,7.0,55.0
DW31240510806676,3.0,55.0
DWO31240411301707,4.0,55.0
DW31240411301688,5.0,55.0
DW31240663106444,1.0,55.0
DWO31240663105406,10.0,55.0
DW31240663106370,10.0,55.0
DW31240411301875,3.0,55.0
DW31240663106467,1.0,55.0
DW31240510808903,2.5,55.0
DW31240411302351,2.0,54.0
DW31240411303787,1.0,54.0
DW31240411301881,5.0,54.0
DW31240663106328,2.0,54.0
DW31240510808821,10.0,53.0
DW31240510808952,3.0,53.0
DW31240510806392,1.0,53.0
DW31240510802975,6.0,53.0
DW31240510806562,3.0,53.0
DW31240663106443,2.0,53.0
DW31240663106477,3.0,53.0
DW31240663106446,1.0,53.0
DW31240663106475,1.0,53.0
DW31240411303779,5.0,52.0
DW31240510804184,3.0,52.0
DW31240411301899,2.0,52.0
DW31240510806578,6.0,52.0
DW31240411301111,3.0,52.0
DWO31240663105390,3.0,52.0
DW31240663106527,14.0,52.0
DW31240510805143,1.0,51.0
DW31240510809966,1.0,51.0
DW31240411301889,1.0,51.0
DW31240663106472,1.666666667,51.0
DW31240411301677,10.0,50.0
DW31240411301743,11.0,50.0
DW31240411303757,4.0,50.0
DW31240411303786,2.0,50.0
DW31240411303869,2.0,50.0
DW31240510803392,2.0,50.0
DW31240510805137,3.0,50.0
DW31240510805357,1.0,50.0
DW31240510809860,6.0,50.0
DW31240510809915,1.0,50.0
DW31240510809978,7.0,50.0
DW31240510809990,1.0,50.0
DW31240510802891,2.0,50.0
DW31240510809010,2.0,50.0
DW31240510805150,1.166666667,50.0
DW31240510808997,2.0,50.0
DWO31240510802087,1.0,50.0
DW31240510802942,7.0,50.0
DW31240510806532,10.0,50.0
DW31240663105450,1.0,50.0
DW31240663105473,7.0,50.0
DW31240411301696,2.0,50.0
DW31240663105383,2.0,50.0
DW31240663105384,1.5,50.0
DW31240663105024,1.0,50.0
DW31240663106440,1.166666667,50.0
DW31240510808946,8.0,50.0
DW31240663105249,1.0,50.0
DW31240663106318,2.0,50.0
DW31240663106463,1.0,50.0
DW31240663106535,12.0,50.0
DW31240510802043,2.0,50.0
DW31240510806701,1.0,49.5
DW31240510809046,1.833333333,49.0
DW31240663105278,4.0,49.0
DW31240411301758,2.5,48.0
DW31240411303475,1.0,48.0
DW31240411303741,1.0,48.0
DW31240510802134,1.0,48.0
DW31240510809862,4.0,48.0
DW31240510809886,1.0,48.0
DW31240510809892,11.0,48.0
DW31240510810426,3.0,48.0
DW31240663105397,4.0,48.0
DW31240663106545,3.0,48.0
DW31240510806785,9.0,48.0
DWO31240510808913,1.0,48.0
DW31240663106559,2.0,48.0
DW31240663105370,3.0,47.8
DW31240411301824,3.0,47.0
DW31240411302273,1.0,47.0
DW31240510805135,2.0,47.0
DW31240510802943,2.0,47.0
DW31240510806700,10.0,47.0
DW31240510806761,1.5,47.0
DW31240663106436,3.0,47.0
DW31240411301883,5.0,46.0
DW31240510809997,2.0,46.0
DW31240510807785,1.0,46.0
DW31240411301661,2.0,46.0
DW31240411302201,1.5,45.0
DW31240411302275,11.0,45.0
DW31240411303723,7.0,45.0
DW31240411303808,1.5,45.0
DW31240510804192,2.0,45.0
DW31240510806472,2.0,45.0
DW31240510808607,6.0,45.0
DW31240510809940,1.0,45.0
DW31240510809983,1.5,45.0
DW31240510810029,1.0,45.0
DW31240510810100,1.5,45.0
DW31240510809100,12.0,45.0
DW31240510808939,1.0,45.0
DW31240510806762,5.0,45.0
DW31240663105423,6.0,45.0
DW31240411301752,8.0,45.0
DW31240663105224,2.0,45.0
DW31240663106539,4.0,45.0
DW31240663105258,3.0,45.0
DW31240663106551,1.0,45.0
DWO31240663105253,9.0,45.0
DW31240411301801,1.0,45.0
DW31240510806731,11.0,45.0
DW31240411301780,1.0,44.0
DW31240510807733,2.0,44.0
DW31240510810064,11.0,44.0
DW31240663105413,8.0,44.0
DW31240510808846,6.0,43.0
DW31240510802944,2.0,43.0
DW31240411302387,2.0,42.0
DW31240510804140,3.666666667,42.0
DW31240510802855,2.0,42.0
DW31240510802906,6.0,42.0
DW31240411301066,3.0,42.0
DWO31240510809019,1.0,42.0
DW31240510808924,4.0,42.0
DW31240510802789,1.083333333,41.4
DW31240510805704,2.0,41.0
DW31240510806109,1.5,41.0
DWO31240663106481,1.25,41.0
DW31240411302218,9.0,40.0
DW31240411302389,3.0,40.0
DW31240510807788,15.0,40.0
DW31240510808839,1.0,40.0
DW31240510809037,4.0,40.0
DW31240411301097,4.0,40.0
DW31240411301734,9.0,40.0
DW31240411301144,4.0,40.0
DW31240411301664,6.0,40.0
DW31240663106502,3.0,40.0
DW31240510806535,6.0,40.0
DW31240510806615,1.5,39.4
DW31240663106549,5.0,39.2
DW31240411302369,15.0,38.0
DW31240510810011,1.5,38.0
DW31240510810061,1.333333333,38.0
DW31240510809015,1.166666667,38.0
DW31240663106543,2.0,38.0
DW31240510808914,6.0,37.0
DW31240510802897,4.0,37.0
DWO31240663106480,5.0,37.0
DW31240510802894,1.5,36.0
DW31240663105251,1.5,36.0
DW31240663105290,1.0,36.0
DW31240663106488,10.0,36.0
DW31240663105419,8.0,35.4
DW31240411301746,2.0,35.0
DW31240411301867,1.0,35.0
DW31240411303312,1.166666667,35.0
DW31240411303712,4.0,35.0
DW31240663105424,5.0,35.0
DW31240663106310,2.0,35.0
DW31240663106478,10.0,35.0
DW31240663106495,3.0,35.0
DW31240663105327,1.0,35.0
DWO31240663105317,10.0,35.0
DW31240510806725,14.0,34.0
DW31240411301782,1.5,32.0
DW31240411302793,2.0,32.0
DW31240411303705,5.0,32.0
DW31240411304918,2.0,32.0
DW31240510807734,2.0,32.0
DW31240411301641,4.0,32.0
DW31240663105261,1.0,32.0
DW31240663106353,1.0,32.0
DW31240411301078,7.0,31.0
DW31240411302210,2.0,30.0
DW31240411302212,1.0,30.0
DW31240411302283,1.5,30.0
DW31240510805140,1.0,30.0
DW31240510806634,7.5,30.0
DW31240510806738,7.0,30.0
DW31240510808897,4.0,30.0
DW31240411301738,13.5,30.0
DW31240411301081,15.0,30.0
DW31240411301091,3.0,30.0
DW31240663106447,7.0,30.0
DWO31240510806565,1.0,30.0
DW31240510808947,1.0,30.0
DW31240663106323,9.0,30.0
DW31240510807761,11.0,29.0
DW31240510802967,12.0,29.0
DW31240663105378,8.0,29.0
DW31240411303654,8.0,28.0
DW31240510804145,8.0,28.0
DW31240510809852,2.166666667,28.0
DW31240663106459,12.0,28.0
DW31240411302279,1.25,27.0
DW31240411303776,3.0,27.0
DW31240510808867,1.0,27.0
DW31240411302253,7.0,26.0
DW31240510809905,7.0,26.0
DW31240663105234,3.0,26.0
DW31240510810046,3.0,25.5
DW31240411302378,5.0,25.0
DW31240411303768,2.5,25.0
DW31240510809912,11.0,25.0
DW31240510810042,1.0,25.0
DW31240510810436,1.5,25.0
DW31240510810421,2.0,25.0
DW31240411301902,5.0,25.0
DW31240510808894,2.0,25.0
DW31240663106554,2.0,25.0
DWO31240510806734,5.0,25.0
DW31240411301761,5.0,24.0
DW31240411302420,1.0,24.0
DW31240411303711,10.0,24.0
DW31240510808898,11.0,24.0
DW31240510805115,1.5,23.0
DW31240510809985,10.0,23.0
DW31240510810053,11.0,23.0
DW31240663106329,3.0,23.0
DW31240510808783,3.0,22.5
DW31240510805161,5.0,22.0
DW31240510802908,8.0,22.0
DW31240510810107,2.5,21.0
DW31240510810109,13.0,21.0
DW31240510808980,11.0,21.0
DWO31240663105311,8.0,21.0
DW31240411301785,13.0,20.0
DW31240411302271,2.5,20.0
DW31240411302385,10.0,20.0
DW31240411303782,6.0,20.0
DW31240510809973,3.0,20.0
DW31240510802924,1.2,20.0
DW31240510808915,1.0,20.0
DWO31240510806776,1.0,20.0
DW31240663106416,11.0,20.0
DWO31240663105433,10.0,20.0
DW31240663106351,11.0,20.0
DW31240510809056,5.0,19.5
DW31240411301745,11.0,19.0
DW31240411302261,4.0,19.0
DW31240411303684,2.0,19.0
DW31240663106396,1.166666667,19.0
DW31240663106571,2.0,19.0
DW31240411301072,1.416666667,18.2
DW31240411302308,3.0,18.0
DW31240510808861,13.0,18.0
DW31240510809911,12.0,18.0
DWO31240510810420,4.0,18.0
DW31240510806569,1.0,18.0
DW31240663105281,8.0,18.0
DW31240663105398,2.0,18.0
DW31240510809067,12.0,18.0
DW31240411302223,13.0,17.4
DW31240663106333,12.0,17.4
DW31240411301588,6.0,17.0
DW31240510808820,1.5,17.0
DW31240510809996,8.0,17.0
DW31240510810047,2.0,17.0
DW31240411301870,1.0,17.0
DW31240411301075,2.0,17.0
DWO31240663105277,7.0,17.0
DW31240663106515,6.0,17.0
DW31240510806673,13.5,16.8
DW31240510804147,10.0,16.0
DW31240510809967,4.0,16.0
DW31240510810080,1.5,16.0
DW31240510809058,2.0,16.0
DW31240510800240,4.0,16.0
DW31240510806581,7.0,16.0
DW31240411301714,1.0,16.0
DW31240411301632,1.0,16.0
DW31240663104963,1.0,16.0
DW31240411302200,3.0,15.0
DW31240411302305,12.0,15.0
DW31240411303717,10.0,15.0
DW31240510801996,4.0,15.0
DW31240510802044,2.0,15.0
DW31240510805129,1.0,15.0
DW31240510805132,3.0,15.0
DW31240510808750,17.0,15.0
DW31240510808873,14.0,15.0
DW31240510810097,1.0,15.0
DW31240510809021,9.0,15.0
DW31240510806696,8.0,15.0
DW31240663105380,2.0,15.0
DW31240663105236,4.0,15.0
DW31240411301655,4.0,15.0
DW31240663105499,5.0,15.0
DW31240663105320,3.0,15.0
DW31240411302292,1.0,14.0
DW31240411302300,10.0,14.0
DW31240411302307,7.0,14.0
DW31240411302941,6.0,14.0
DW31240411303414,7.0,14.0
DW31240510805326,8.0,14.0
DW31240411301643,1.0,14.0
DW31240510806509,7.0,14.0
DW31240663105403,8.0,14.0
DW31240663105301,2.0,14.0
DW31240411303315,4.0,13.5
DW31240411302219,4.0,13.4
DW31240411302963,8.0,13.0
DW31240510805321,3.0,13.0
DW31240510807064,1.583333333,13.0
DW31240510810057,1.583333333,13.0
DW31240510806678,1.0,13.0
DW31240663106346,3.5,13.0
DWO31240663105213,17.0,13.0
DWO31240663106349,2.0,13.0
DW31240663105255,6.0,13.0
DW31240663106461,11.0,13.0
DW31240510801601,6.0,13.0
DW31240411302221,1.5,12.6
DW31240510805167,1.416666667,12.5
DW31240411301759,1.0,12.0
DW31240411302339,7.0,12.0
DW31240411302976,1.5,12.0
DW31240411303660,8.0,12.0
DW31240510807755,2.0,12.0
DW31240510809071,8.0,12.0
DW31240510802029,6.0,12.0
DWO31240510806711,8.0,12.0
DW31240411301660,7.0,12.0
DWO31240663106412,11.0,12.0
DW31240663105242,2.0,12.0
DW31240510810028,8.583333333,11.6
DW31240510810040,7.0,11.0
DW31240411301695,5.0,11.0
DW31240411301708,8.0,11.0
DW31240663105264,7.0,11.0
DW31240510808604,2.5,10.5
DW31240411303713,1.5,10.0
DW31240411303760,11.0,10.0
DW31240510802803,11.0,10.0
DW31240510802883,4.0,10.0
DW31240510805317,8.0,10.0
DW31240510807729,5.0,10.0
DW31240510807748,9.0,10.0
DW31240510809962,1.583333333,10.0
DW31240510810037,1.0,10.0
DW31240510810077,5.0,10.0
DW31240510802025,1.333333333,10.0
DW31240510809085,5.0,10.0
DW31240510802801,6.0,10.0
DW31240510806665,7.0,10.0
DW31240411301123,2.0,10.0
DW31240663105470,3.0,10.0
DW31240663105395,3.0,10.0
DW31240663105469,5.0,10.0
DW31240411301799,1.083333333,10.0
DW31240510805144,4.0,9.8
DW31240663106455,6.0,9.7
DW31240510806516,13.0,9.0
DW31240411301076,2.0,9.0
DW31240411301820,1.0,8.8
DW31240663106500,14.0,8.5
DW31240411301715,2.0,8.5
DWO31240411301108,7.0,8.5
DW31240510806496,6.0,8.0
DW31240510808902,2.5,8.0
DW31240510809831,11.0,8.0
DW31240510808955,13.0,8.0
DW31240510809958,6.0,7.8
DW31240663105388,5.0,7.8
DW31240510802969,4.0,7.0
DW31240663105318,13.0,7.0
DW31240510808932,1.083333333,7.0
DW31240510801969,9.0,5.0
DW31240510808882,10.0,4.5
DW31240510809959,5.0,3.0
DW31240210304726,6.0,
DW31240210304737,7.0,
DW31240210304811,6.0,
DW31240411301581,1.0,
DW31240411301807,5.0,
DW31240411301871,1.0,
DW31240411302234,10.0,
DW31240411302260,14.0,
DW31240411302327,12.0,
DW31240411302395,4.0,
DW31240411303282,3.0,
DW31240411303356,4.0,
DW31240411303415,9.0,
DW31240411303682,5.0,
DW31240411303716,5.0,
DW31240411303724,7.0,
DW31240411303732,2.0,
DW31240411303762,7.0,
DW31240411303780,1.166666667,
DW31240510802013,2.0,
DW31240510802913,3.0,
DW31240510805210,3.5,
DW31240510807772,9.0,
DW31240510808879,12.0,
DW31240510808890,4.0,
DW31240510809835,2.0,
DW31240510809974,2.0,
DW31240510809991,2.0,
DW31240510809994,4.0,
DW31240510809995,5.0,
DW31240510810006,2.0,
DW31240510810035,2.0,
DW31240510810068,4.0,
DW31240510810441,15.0,
DW31240510801287,2.0,
DW31240510802057,2.0,
DW31240510802105,1.833333333,
DW31240510802937,3.0,
DW31240510807789,1.166666667,
DW31240510802946,2.0,
DW31240510806974,1.0,
DW31240510808977,1.0,
DWO31240510809008,7.0,
DW31240510803390,1.0,
DW31240510806473,9.0,
DW31240510806744,2.0,
DW31240510806753,6.0,
DW31240411301638,2.0,
DWO31240510800094,1.0,
DW31240510806697,5.0,
DW31240663106358,3.0,
DW31240663106523,2.0,
DW31240663105447,4.0,
DW31240663106469,1.0,
DWO31240663106562,12.5,
DW31240663106449,2.0,
DW31240663106540,3.0,
