taxon_feature,nonzero_samples,total_abundance
k__Bacteria,1043,1043.0
k__Bacteria|p__Proteobacteria,1040,478.689820149
k__Bacteria|p__Bacteroidota,983,450.855247762
k__Bacteria|p__Bacteroidota|c__Bacteroidia,890,303.372739273
k__Bacteria|p__Proteobacteria|c__Betaproteobacteria,1031,268.402336553
k__Bacteria|p__Proteobacteria|c__Gammaproteobacteria,1036,186.41456184
k__Bacteria|p__Bacteroidota|c__Flavobacteriia,976,146.332880033
k__Bacteria|p__Firmicutes,1014,60.436387188000005
k__Bacteria|p__Firmicutes|c__Bacilli,960,52.155867704
k__Bacteria|p__Actinobacteria,921,19.607923938
k__Bacteria|p__Actinobacteria|c__Actinomycetia,921,19.417723973999998
k__Bacteria|p__Tenericutes,556,14.488316456
k__Bacteria|p__Tenericutes|c__Mollicutes,552,14.46873769
k__Bacteria|p__Proteobacteria|c__Epsilonproteobacteria,744,13.975233369999998
k__Bacteria|p__Fusobacteria,758,10.234432147
k__Bacteria|p__Fusobacteria|c__Fusobacteriia,758,10.234432147
k__Bacteria|p__Proteobacteria|c__Deltaproteobacteria,452,9.323747591
k__Bacteria|p__Spirochaetes,505,8.032491494
k__Bacteria|p__Spirochaetes|c__Spirochaetia,505,7.947543206
k__Bacteria|p__Firmicutes|c__Erysipelotrichia,623,6.387967329
k__Bacteria|p__Firmicutes|c__Clostridia,453,1.587100902
k__Bacteria|p__Bacteroidota|c__CFGB625,155,0.660132829
k__Bacteria|p__Proteobacteria|c__Alphaproteobacteria,24,0.5667767
k__Bacteria|p__Elusimicrobia|c__Endomicrobia,79,0.291839378
k__Bacteria|p__Elusimicrobia,79,0.291839378
k__Bacteria|p__Candidatus_Absconditabacteria,86,0.29048154000000004
k__Bacteria|p__Bacteroidota|c__CFGB73433,96,0.232563637
k__Bacteria|p__Actinobacteria|c__Coriobacteriia,7,0.19019996399999997
k__Bacteria|p__Firmicutes|c__Negativicutes,26,0.1582976
k__Bacteria|p__Bacteroidota|c__Sphingobacteriia,6,0.1291908
k__Bacteria|p__Firmicutes|c__Tissierellia,33,0.06507936
k__Bacteria|p__Firmicutes|c__CFGB4791,64,0.053697022
k__Bacteria|p__Candidatus_Saccharibacteria,15,0.051955972999999996
k__Bacteria|p__Spirochaetes|c__CFGB1021,49,0.047510188
k__Bacteria|p__Spirochaetes|c__CFGB1017,13,0.021987800000000002
k__Bacteria|p__Synergistetes,23,0.019890363
k__Bacteria|p__Synergistetes|c__Synergistia,23,0.019890363
k__Bacteria|p__Spirochaetes|c__CFGB9016,5,0.01545
k__Bacteria|p__Bacteroidota|c__CFGB7550,21,0.011286436999999998
k__Bacteria|p__Firmicutes|c__CFGB1781,3,0.0080008
k__Bacteria|p__Firmicutes|c__CFGB4967,6,0.0070550709999999996
k__Bacteria|p__Proteobacteria|c__CFGB73473,15,0.0064873
k__Bacteria|p__Candidatus_Saccharibacteria|c__Candidatus_Saccharimonadia,1,0.0064258
k__Bacteria|p__Tenericutes|c__CFGB47718,4,0.005805666
k__Bacteria|p__Candidatus_Saccharibacteria|c__CFGB12783,2,0.0032477
k__Bacteria|p__Bacteroidota|c__Chitinophagia,1,0.0018719
k__Bacteria|p__Firmicutes|c__CFGB47647,3,0.0017054000000000001
k__Bacteria|p__Bacteroidota|c__Cytophagia,4,0.0014405
k__Bacteria|p__Verrucomicrobia|c__CFGB26673,3,0.0012133
k__Bacteria|p__Verrucomicrobia,3,0.0012133
k__Bacteria|p__Bacteroidota|c__CFGB72586,2,0.0011044
k__Bacteria|p__Proteobacteria|c__CFGB2401,3,0.0005461
k__Bacteria|p__Firmicutes|c__CFGB1207,1,0.0004787
k__Bacteria|p__Firmicutes|c__CFGB75783,1,0.0003418
k__Bacteria|p__Firmicutes|c__CFGB1380,1,0.0001982
k__Bacteria|p__Proteobacteria|c__CFGB4196,1,0.0001282
k__Bacteria|p__Bacteroidota|c__CFGB658,0,0.0
k__Bacteria|p__Bacteroidota|c__CFGB47554,0,0.0
age_group,0,0.0
