trait,fold,train_n,test_n,best_alpha,best_l1_ratio,mae,median_absolute_error,r2,mse,rmse,actual_min,actual_max,predicted_min,predicted_max,actual_range,predicted_range,bias_pred_minus_actual,predicted_actual_range_ratio,r,p
Age,1,607,68,0.1,0.8,2.038691088399874,1.5026234570228345,0.13253904072329448,7.185666040639051,2.6806092666852903,1.0,15.0,0.38402569972970113,10.90619949342696,14.0,10.52217379369726,0.4425554206242085,0.7515838424069471,0.49569283444488854,1.722785957651971e-05
Age,2,607,68,0.1,0.8,1.3361731031691915,1.039360606762497,0.4433658648360037,3.222283630182169,1.7950720403878417,1.0,11.0,0.18913297007468088,9.33342336654258,10.0,9.144290396467898,0.24064324774856646,0.9144290396467898,0.6840563759255283,1.274462743511061e-10
Age,3,607,68,1.0,0.2,2.4272580928248284,1.792569434833418,0.3449128642731084,10.612332695350258,3.2576575472799867,1.0,15.0,1.7389748750265603,10.679042657506596,14.0,8.940067782480035,-0.37323011778477255,0.6385762701771454,0.6032915932070491,5.181144372323706e-08
Age,4,607,68,0.1,0.8,1.79056568744763,1.5483245811271817,0.5612602547850242,5.57351004829429,2.36082825472212,1.0,17.0,0.631858294368373,11.15537445855734,16.0,10.523516164188967,-0.47443746670412873,0.6577197602618104,0.7625575997355613,4.167911719664201e-14
Age,5,607,68,0.1,0.8,2.639893137272316,2.0685829196189807,0.29092976526804604,11.979467808626781,3.461136779820581,1.0,16.0,0.07134147527278678,9.81506656021587,15.0,9.743725084943083,-0.7701723413860477,0.6495816723295389,0.5754131643138994,2.8534594554287046e-07
Age,6,608,67,0.1,0.8,2.215541671309444,1.8054595687687707,0.39815653235476256,7.721272269752283,2.7787177384096218,1.0,15.0,1.3667722589147209,10.628627748179536,14.0,9.261855489264814,0.3300594019223537,0.6615611063760581,0.6390087251898119,5.914186467458593e-09
Age,7,608,67,0.1,0.6,2.6484061999386985,2.181038047994866,0.14945946931496434,11.344058801852697,3.3680942388615995,1.0,15.0,0.08274295012601307,11.332061734873992,14.0,11.24931878474798,-0.11747406427526723,0.8035227703391413,0.4621346650602117,8.255034839622527e-05
Age,8,608,67,0.1,0.8,2.0497855296672833,1.3167003244770878,0.46105139304392717,7.432954515234196,2.726344533479618,1.0,13.0,1.0767395331682486,10.92847746651544,12.0,9.851737933347192,0.19354237488368767,0.820978161112266,0.6810596152614157,2.2669152975052828e-10
Age,9,608,67,0.1,0.8,2.1767798053685135,1.44185604405253,0.28899039410359384,8.287194803190022,2.8787488259988963,1.0,17.0,0.4338442925173247,8.7025492483018,16.0,8.268704955784475,0.07153021958523162,0.5167940597365297,0.5400518791299039,2.3975070798294865e-06
Age,10,608,67,1.0,0.2,2.1231168123331865,1.9289559006694112,0.46113320945947167,7.605219574961882,2.7577562573515957,1.0,14.0,1.859619517852051,9.936961187503323,13.0,8.077341669651272,-0.03972326816289461,0.6213339745885593,0.7045284529709727,2.8738223167444763e-11
Weight,1,556,62,1.0,0.8,20.44670208548623,17.405252880880578,0.21709763825939554,695.7322795640364,26.376737470051832,8.0,166.0,9.048411586495092,75.60128877225873,158.0,66.55287718576363,-0.4290496360803639,0.4212207416820483,0.4661772123246338,0.00013415674639589818
Weight,2,556,62,1.0,0.6,19.052896031063206,14.2701677420986,0.3772579157209257,562.5094201038597,23.717281043658012,7.0,155.0,7.510018072419605,86.18897123952894,148.0,78.67895316710934,2.8383794039022323,0.5316145484264144,0.6264178448435326,5.1579739092914514e-08
Weight,3,556,62,1.0,0.8,20.53189983766307,17.39373392523711,0.039003197542911816,694.4489118469468,26.352398597602967,7.8,140.0,31.414927311534406,80.37852814520934,132.2,48.96360083367494,0.46086880455253415,0.3703751954135775,0.2500418991022952,0.049993375932966405
Weight,4,556,62,1.0,0.8,20.306887919748533,16.717298620572365,0.25034463005711716,804.960865277283,28.37183225097179,3.0,170.0,6.204492741038592,75.44411954749368,167.0,69.23962680645509,-2.3074272274467074,0.4146085437512281,0.5074676362469865,2.5575099449302026e-05
Weight,5,556,62,1.0,0.6,22.427641179311873,13.920842544466783,0.2674804518539934,932.6481668118406,30.539288904816377,8.0,165.0,6.984134696470235,77.51571418389935,157.0,70.53157948742911,-2.7908439388684467,0.44924572921929373,0.5488044131660341,3.867998305067058e-06
Weight,6,556,62,1.0,0.6,16.66725091458864,14.56806719022256,0.3016683561414808,515.8562046417811,22.712468043825204,10.0,145.0,5.401059879508431,78.8618700180825,135.0,73.46081013857406,-1.1270622232441754,0.5441541491746227,0.55090129050655,3.4907413497852976e-06
Weight,7,556,62,1.0,0.6,18.20379801806003,13.95762074079001,-0.02028873975106893,502.86218639894184,22.42458887915098,4.5,95.0,6.012879134199743,72.40795605915667,90.5,66.39507692495692,5.614740520950428,0.733647258839303,0.35502813323529137,0.004633367738362529
Weight,8,556,62,1.0,0.6,17.38179143015236,13.255711103569332,0.27762999659892984,515.4557227286431,22.703649986921555,8.0,120.0,10.056749665475444,75.46816493823887,112.0,65.41141527276343,-3.1034004792049976,0.5840304935068164,0.54610401270887,4.410017943829123e-06
Weight,9,557,61,1.0,0.6,17.778205149138326,13.478086531760361,0.35019366432811616,632.9693488276299,25.15888210607995,5.0,165.0,6.485697852608084,72.32635186618867,160.0,65.84065401358059,-1.3002217068338335,0.41150408758487866,0.5952598049227037,4.198043937124148e-07
Weight,10,557,61,1.0,0.6,20.57363590099184,15.061306725457726,0.16996416833809214,785.0033072258981,28.017910472158665,7.0,166.0,3.9408073491354685,72.60206286507639,159.0,68.66125551594092,1.0588605078768405,0.43183179569774166,0.4165305348778262,0.000840659258174399
