sample_id,age,age_group,shannon
DW31240510808865,5.0,Adult (>2–7),2.703453424487573
DW31240510802107,1.0,Puppy (0–2),1.1579891816318706
DW31240510806513,6.0,Adult (>2–7),2.5981425817872412
DW31240510806340,4.0,Adult (>2–7),1.9160480974842213
DW31240663106415,3.0,Adult (>2–7),2.453447956104179
DW31240663106534,3.0,Adult (>2–7),2.971183472039782
DW31240411301893,4.0,Adult (>2–7),2.596879131198831
DW31240411301706,12.58333333,Mature (>7),2.2324471774825323
DW31240411303328,5.0,Adult (>2–7),2.507399167668999
DW31240411302940,7.0,Adult (>2–7),0.23784514168464968
DW31240510806779,1.416666667,Puppy (0–2),2.4180296900416254
DW31240510809960,1.0,Puppy (0–2),1.9067501979942652
DW31240411301675,3.0,Adult (>2–7),2.332254954966712
DW31240510802858,1.0,Puppy (0–2),2.3007060482081343
DW31240510809861,7.0,Adult (>2–7),2.4077452824672934
DW31240510810078,6.0,Adult (>2–7),2.893574262392557
DW31240411301122,9.0,Mature (>7),3.0280526445488443
DW31240411302278,0.666666667,Puppy (0–2),2.1387134618924155
DW31240663105437,4.0,Adult (>2–7),2.0271968274195915
DW31240510808964,4.0,Adult (>2–7),1.972025648020665
DW31240411302321,2.0,Puppy (0–2),2.107833195072128
DW31240411303658,8.0,Mature (>7),2.0652052138947017
DW31240510804851,2.0,Puppy (0–2),2.5619506231548175
DW31240510810051,3.0,Adult (>2–7),2.8814206777848086
DW31240411301833,2.0,Puppy (0–2),2.453038215437851
DW31240510810090,5.0,Adult (>2–7),3.015603730750745
DW31240663105430,7.0,Adult (>2–7),2.730202751268531
DW31240663106505,1.0,Puppy (0–2),1.8699071889916314
DWO31240411301658,1.0,Puppy (0–2),1.3862891093568845
DW31240411301779,3.0,Adult (>2–7),2.434088436554767
DW31240510810094,2.0,Puppy (0–2),2.6742951055659216
DW31240510802889,1.0,Puppy (0–2),2.378630826328373
DW31240510809113,2.0,Puppy (0–2),2.496798018976017
DW31240663106474,9.0,Mature (>7),2.197249458265647
DW31240663106533,3.0,Adult (>2–7),2.6382119710379093
DW31240663106504,1.5,Puppy (0–2),2.5085996170634135
DW31240663106510,9.5,Mature (>7),1.971961265177744
DW31240510809919,5.0,Adult (>2–7),2.69152274997261
DW31240510802982,2.0,Puppy (0–2),1.5366491314769526
DW31240411301612,2.0,Puppy (0–2),2.208884241291897
DW31240663106498,0.5,Puppy (0–2),2.474487949593863
DW31240510806704,1.0,Puppy (0–2),1.904413000480657
DW31240663105291,10.0,Mature (>7),2.3813650299945475
DW31240510808819,2.0,Puppy (0–2),2.190645826417873
DW31240663105468,3.0,Adult (>2–7),2.428413021922636
DW31231210401827,1.0,Puppy (0–2),1.8139438589892103
DW31240510802828,5.0,Adult (>2–7),1.696789417866803
DW31240411301680,1.5,Puppy (0–2),2.735688146832466
DW31240663105400,9.0,Mature (>7),2.1427786319612743
DW31240411301693,3.0,Adult (>2–7),2.673275702452157
DW31240510808996,2.0,Puppy (0–2),2.366950341844784
DW31240663105250,4.0,Adult (>2–7),2.783825967903518
DW31240663105401,3.0,Adult (>2–7),2.07451245594728
DWO31240663106363,2.0,Puppy (0–2),2.6112146948447226
DW31240663105464,1.0,Puppy (0–2),1.4177480751636022
DW31240663106529,1.5,Puppy (0–2),1.884747928715034
DW31240411302224,3.5,Adult (>2–7),2.3861186165284733
DW31240510810055,6.0,Adult (>2–7),2.89302194479748
DW31240510806531,1.333333333,Puppy (0–2),2.212294216811787
DW31240663106528,9.0,Mature (>7),2.3172967963504685
DW31240411303842,7.0,Adult (>2–7),2.9615913232060525
DW31240510801995,10.0,Mature (>7),2.7188107087573234
DW31240510808883,3.0,Adult (>2–7),2.492762466935877
DW31240510802977,1.0,Puppy (0–2),1.94403625877184
DW31240411302974,5.0,Adult (>2–7),2.701774900576165
DW31240411301730,7.0,Adult (>2–7),2.615109160826204
DW31240663106404,2.0,Puppy (0–2),1.881811239213324
DW31240510807756,7.0,Adult (>2–7),3.0135298349613344
DW31240510806768,3.0,Adult (>2–7),2.4834910697967394
DW31240411303316,11.0,Mature (>7),2.6920514471209245
DW31240411303686,1.25,Puppy (0–2),1.9213115981040798
DW31240510807732,2.0,Puppy (0–2),2.959735568002868
DW31240411303700,9.0,Mature (>7),2.6914763836974185
DW31240510802027,7.0,Adult (>2–7),3.0150913290487455
DW31240510807709,2.0,Puppy (0–2),2.206291860477336
DW31240510808748,11.0,Mature (>7),1.9860090984833014
DW31240510809822,4.0,Adult (>2–7),2.7805979261697424
DW31240510809982,2.9,Adult (>2–7),1.8287669281261614
DW31240510810058,3.0,Adult (>2–7),2.450673488940307
DW31240510802827,7.0,Adult (>2–7),2.7409246416685114
DW31240510809073,7.0,Adult (>2–7),2.9152202211842138
DWO31240663105265,10.0,Mature (>7),2.5318590181967546
DW31240411302060,6.5,Adult (>2–7),2.9796090833798106
DW31240510806582,7.0,Adult (>2–7),2.63615468358095
DW31240663105475,8.0,Mature (>7),2.9569567178173117
DW31240510806674,8.0,Mature (>7),2.8989211951743306
DW31240411302291,9.5,Mature (>7),2.957645430935122
DW31240510806455,1.75,Puppy (0–2),1.8705510605174462
DW31240510806723,3.833333333,Adult (>2–7),1.4676295750453734
DW31240411302379,1.5,Puppy (0–2),1.467658766466021
DW31240411302943,2.416666667,Adult (>2–7),1.1389866134001239
DW31240510804406,4.0,Adult (>2–7),2.690000805736381
DW31240510808971,10.0,Mature (>7),2.625760472883777
DW31240510807067,4.0,Adult (>2–7),2.672785777586718
DW31240411302217,4.0,Adult (>2–7),2.7266545336267174
DW31240411302252,1.5,Puppy (0–2),2.613785809523583
DW31240411302371,5.0,Adult (>2–7),2.6821749230101775
DW31240411303690,2.0,Puppy (0–2),2.4584083033108075
DW31240510804156,4.0,Adult (>2–7),2.9914607101975084
DW31240510808823,1.5,Puppy (0–2),2.357348673095907
DW31240510808863,6.0,Adult (>2–7),2.5522635002591536
DW31240510809918,1.0,Puppy (0–2),2.585067995582071
DW31240510810088,6.5,Adult (>2–7),2.946686160026409
DW31240510809052,5.0,Adult (>2–7),2.4494867427367124
DW31240411301109,9.0,Mature (>7),1.700490920074909
DW31240411302266,4.0,Adult (>2–7),1.9243545581723465
DW31240663105445,6.0,Adult (>2–7),2.8135685595849793
DW31240411301753,3.0,Adult (>2–7),1.6396750205911694
DW31240663105247,3.0,Adult (>2–7),2.213563572528114
DW31240411301683,2.0,Puppy (0–2),2.6040391746847096
DW31240663106506,0.666666667,Puppy (0–2),2.3661851940501344
DWO31240510809055,4.0,Adult (>2–7),2.3806247522861073
DW31240663105273,1.0,Puppy (0–2),1.3304186199780779
DW31240663106493,3.0,Adult (>2–7),2.843105827422071
DW31240663106525,3.0,Adult (>2–7),2.771611253101733
DW31240411303729,1.0,Puppy (0–2),2.2597501971643585
DW31240510808978,1.25,Puppy (0–2),1.9252625774703649
DW31240663105375,1.0,Puppy (0–2),1.3110877015647355
DW31240510808871,0.833333333,Puppy (0–2),2.0198885508542754
DWO31240663105239,4.0,Adult (>2–7),2.8897979072748643
DW31240663106432,1.0,Puppy (0–2),1.6129791135536264
DW31240510809006,5.0,Adult (>2–7),2.5315861796717503
DW31240411301787,2.5,Adult (>2–7),2.484586139439741
DW31240411302336,3.0,Adult (>2–7),2.714789287397998
DW31240411303354,3.0,Adult (>2–7),1.6692007556528614
DW31240411304928,0.666666667,Puppy (0–2),1.7861342775770852
DW31240510805328,0.666666667,Puppy (0–2),1.2744803189671796
DW31240510808858,4.0,Adult (>2–7),2.6902552219088665
DW31240510808874,5.0,Adult (>2–7),2.785843701324062
DW31240510809870,13.0,Mature (>7),2.7973391181086025
DW31240510809941,13.0,Mature (>7),2.2672747195504503
DW31240510802790,11.0,Mature (>7),2.8555699065427893
DW31240510802822,3.666666667,Adult (>2–7),2.6953987219989726
DW31240510808944,2.0,Puppy (0–2),2.1630544480241345
DW31240510809094,1.0,Puppy (0–2),2.4918368076074753
DWO31240510806494,5.0,Adult (>2–7),2.2632431562943447
DW31240663105449,1.166666667,Puppy (0–2),1.2739133308591606
DW31240411301620,1.25,Puppy (0–2),2.4706392626325546
DW31240510807791,5.0,Adult (>2–7),2.858226981073959
DW31240510810424,1.0,Puppy (0–2),2.5560338248928365
DW31240663106550,2.0,Puppy (0–2),2.6499781285974375
DW31240663105306,3.0,Adult (>2–7),2.067812528765897
DW31240663105487,0.583333333,Puppy (0–2),1.3887775865278618
DW31240663105492,4.0,Adult (>2–7),2.468809718966162
DW31240510810091,7.0,Adult (>2–7),1.5929699116137421
DW31240411303877,2.0,Puppy (0–2),0.5077188234036182
DWO31240510809039,3.0,Adult (>2–7),2.48693846861619
DW31231210401824,1.0,Puppy (0–2),1.6457621431981637
DW31240411302398,1.5,Puppy (0–2),2.4819245707399826
DW31240510808907,11.0,Mature (>7),1.689054142878863
DW31240510809858,1.0,Puppy (0–2),0.4946783410531348
DW31240510807054,0.666666667,Puppy (0–2),1.8833925663761586
DW31240510806767,1.25,Puppy (0–2),2.582208762090127
DW31240663105228,4.0,Adult (>2–7),1.8237692235075984
DW31240663106356,8.5,Mature (>7),2.4032903994528363
DW31240510805118,1.5,Puppy (0–2),2.4209849783646704
DW31240510809993,6.0,Adult (>2–7),0.5715568333654113
DW31240510810087,4.0,Adult (>2–7),2.682892440228349
DW31240411301611,7.0,Adult (>2–7),2.440891287052079
DW31240411301852,6.0,Adult (>2–7),2.956245379613247
DW31240411302306,10.0,Mature (>7),2.686774626142721
DW31240510802062,7.0,Adult (>2–7),0.7020924378044303
DW31240510804189,1.0,Puppy (0–2),1.7339433037080283
DW31240510805117,4.0,Adult (>2–7),2.4989564130843274
DW31240510808827,1.0,Puppy (0–2),2.0058457130583536
DW31240510810115,6.0,Adult (>2–7),0.6705576627880763
DW31240510802955,3.0,Adult (>2–7),2.6710645309150904
DW31240510809118,2.0,Puppy (0–2),2.291725701743642
DW31240510806745,2.0,Puppy (0–2),2.2929579743345405
DW31240510806670,5.0,Adult (>2–7),2.7324791194574947
DW31240411303830,5.0,Adult (>2–7),2.690027603346426
DW31240663105270,1.25,Puppy (0–2),2.006959764083814
DW31240411301717,2.0,Puppy (0–2),2.6284262281222337
DW31240510806778,1.666666667,Puppy (0–2),2.509403546841347
DW31240663105209,9.0,Mature (>7),2.0729477982412674
DW31240510810085,1.0,Puppy (0–2),1.7430010646067147
DW31240663105257,4.0,Adult (>2–7),2.292211451883975
DW31240663105256,16.0,Mature (>7),2.927813886444903
DWO31240663105309,3.0,Adult (>2–7),1.6960849740574884
DW31240510802857,0.666666667,Puppy (0–2),1.6787514582478509
DW31240411301891,6.0,Adult (>2–7),2.912300157309574
DW31240411303379,2.0,Puppy (0–2),2.5891743645551446
DW31240411302187,0.75,Puppy (0–2),2.148131300960718
DW31240411302250,0.75,Puppy (0–2),2.0586707519010607
DW31240411302293,3.5,Adult (>2–7),2.5576589611486495
DW31240510808159,7.0,Adult (>2–7),2.731222458306346
DW31240510802820,1.75,Puppy (0–2),2.5152505533351803
DW31240411301829,1.5,Puppy (0–2),0.9564453999017887
DW31240411302424,4.0,Adult (>2–7),2.11231030186803
DW31240411301754,0.916666667,Puppy (0–2),1.3777003582412832
DW31240510806693,7.0,Adult (>2–7),2.5532749210987467
DWO31240663105418,8.0,Mature (>7),2.736601455956632
DW31240663105479,2.0,Puppy (0–2),1.7821382232254384
DW31240411301135,0.583333333,Puppy (0–2),1.619362711026473
DW31240663106496,4.0,Adult (>2–7),2.4074186370104065
DW31240510809868,1.5,Puppy (0–2),1.188571127571226
DW31240411301697,13.0,Mature (>7),2.7898056174050976
DW31240510806756,9.5,Mature (>7),2.3074384706977944
DW31240510802853,3.0,Adult (>2–7),2.7739100048190632
DW31240411301724,5.5,Adult (>2–7),2.7116262675936444
DW31240411302297,1.0,Puppy (0–2),1.7928203279305361
DW31240411302401,1.0,Puppy (0–2),1.8704866065760972
DW31240411303646,2.5,Adult (>2–7),2.4078319708303066
DW31240510804176,2.0,Puppy (0–2),2.4762564776683043
DW31240510804195,0.833333333,Puppy (0–2),1.9940564462724275
DW31240510805113,3.0,Adult (>2–7),2.342910892329589
DW31240510807776,0.5,Puppy (0–2),2.6312546534758683
DW31240510808603,0.5,Puppy (0–2),1.5449092922370669
DW31240510809841,0.5,Puppy (0–2),2.37424031840722
DW31240510809938,0.75,Puppy (0–2),1.0907419430166276
DW31240510802899,4.0,Adult (>2–7),2.6932895317955885
DW31240510809112,1.0,Puppy (0–2),2.6931185519019323
DW31240510806620,2.0,Puppy (0–2),2.6648621715331253
DW31240411301121,2.0,Puppy (0–2),2.230799460875905
DW31240411301634,3.0,Adult (>2–7),2.6324654192324175
DW31240411301682,6.0,Adult (>2–7),2.0348784746795845
DW31240663105432,1.0,Puppy (0–2),2.690019215129048
DW31240663106320,0.416666667,Puppy (0–2),2.4389140583216506
DW31240663106340,1.25,Puppy (0–2),2.318721461228552
DW31240663106342,2.0,Puppy (0–2),2.715743786613445
DW31240663106538,1.833333333,Puppy (0–2),0.22342952160440074
DW31240663106322,1.0,Puppy (0–2),2.6807496327394045
DW31240663106387,1.0,Puppy (0–2),2.0325343317098263
DW31240663106473,4.0,Adult (>2–7),2.0709994204489446
DW31240663105312,6.0,Adult (>2–7),2.794725547345751
DW31240663106548,0.416666667,Puppy (0–2),1.2851550784266612
DW31240663106421,4.0,Adult (>2–7),2.428497240945948
DWO31240663105208,5.0,Adult (>2–7),2.551119245420472
DWO31240411301652,3.5,Adult (>2–7),2.113134771607368
DW31240510806621,0.5,Puppy (0–2),1.2061055019122375
DW31240510805111,1.166666667,Puppy (0–2),2.03435806422746
DW31240510809961,6.0,Adult (>2–7),2.2708371652988544
DW31240510802824,5.5,Adult (>2–7),2.271967164876155
DW31240510802010,1.0,Puppy (0–2),2.0801767450586195
DW31240510805126,2.0,Puppy (0–2),1.418810478284989
DW31240411301100,12.0,Mature (>7),2.492268832615041
DW31240411303593,1.0,Puppy (0–2),2.026595422738135
DW31240510801994,5.0,Adult (>2–7),2.0722814782591774
DW31240510808836,5.0,Adult (>2–7),2.5258555726256513
DW31240510808945,8.0,Mature (>7),2.6657576190267913
DW31240510809084,2.5,Adult (>2–7),1.885627685950672
DW31240411302423,7.0,Adult (>2–7),2.294712009501038
DW31240510802972,1.5,Puppy (0–2),0.8602871055906861
DW31240510809988,1.0,Puppy (0–2),1.6987015755933272
DW31240510809029,1.0,Puppy (0–2),0.9685534505642066
DW31240411301798,6.0,Adult (>2–7),2.8934908359135325
DW31240663106435,1.5,Puppy (0–2),2.838886314514188
DW31240411302178,3.833333333,Adult (>2–7),2.28683672801633
DW31240411302202,1.5,Puppy (0–2),1.4484410380409327
DW31240411302276,11.0,Mature (>7),2.9908339125329055
DW31240411302281,14.0,Mature (>7),3.045428736458772
DW31240411302298,0.75,Puppy (0–2),1.8966401638675094
DW31240411302372,7.0,Adult (>2–7),2.861546030071514
DW31240411302981,0.833333333,Puppy (0–2),1.84428251693513
DW31240411303806,2.0,Puppy (0–2),2.024959371476886
DW31240510802992,1.0,Puppy (0–2),2.9801290695304785
DW31240510803391,4.0,Adult (>2–7),1.7837493165746192
DW31240510805136,3.0,Adult (>2–7),1.7494899721225528
DW31240510809955,1.5,Puppy (0–2),2.16618102139648
DW31240510809986,0.75,Puppy (0–2),1.3905344424177195
DW31240510810104,10.0,Mature (>7),1.94474071399616
DW31240510802925,1.0,Puppy (0–2),2.5492268364297184
DW31240510802926,3.0,Adult (>2–7),2.8458735256711636
DW31240510802976,11.0,Mature (>7),2.42930921534409
DW31240510806606,2.0,Puppy (0–2),2.4161384846879113
DWO31240510808908,7.0,Adult (>2–7),2.412730244310755
DW31240510806676,3.0,Adult (>2–7),2.284221243574574
DWO31240411301707,4.0,Adult (>2–7),1.5923281477298545
DW31240411301688,5.0,Adult (>2–7),2.753446213299117
DW31240663105229,0.5,Puppy (0–2),1.2857154168086367
DW31240663106444,1.0,Puppy (0–2),1.9610603107825726
DWO31240663105406,10.0,Mature (>7),2.843646696425651
DW31240663106370,10.0,Mature (>7),2.8029600304678843
DW31240411301875,3.0,Adult (>2–7),1.767840869216652
DW31240663106467,1.0,Puppy (0–2),2.175319577760783
DW31240510808903,2.5,Adult (>2–7),0.7819588436656386
DW31240663105299,0.833333333,Puppy (0–2),2.715014323721945
DW31240411302351,2.0,Puppy (0–2),1.6955746157470557
DW31240411303787,1.0,Puppy (0–2),2.8695337296572725
DW31240411301881,5.0,Adult (>2–7),2.4274780839379426
DW31240663106439,0.75,Puppy (0–2),2.326139041491786
DW31240663106328,2.0,Puppy (0–2),2.5071438256904544
DW31240510809838,0.583333333,Puppy (0–2),2.0110317156446627
DW31240411302236,0.666666667,Puppy (0–2),2.520907560963222
DW31240510807766,0.916666667,Puppy (0–2),2.0198961519035334
DW31240510808821,10.0,Mature (>7),2.774688135320784
DW31240510808952,3.0,Adult (>2–7),2.2023877162491883
DW31240510806392,1.0,Puppy (0–2),2.1557059961571436
DW31240510802975,6.0,Adult (>2–7),2.815486125166216
DW31240510806562,3.0,Adult (>2–7),2.754602838676321
DW31240663106443,2.0,Puppy (0–2),2.1568024860291803
DW31240663106477,3.0,Adult (>2–7),2.812442745106593
DW31240663106446,1.0,Puppy (0–2),2.3495061979587097
DW31240663106475,1.0,Puppy (0–2),2.778156880803828
DW31240411301822,0.666666667,Puppy (0–2),1.8755233385268582
DW31240411303779,5.0,Adult (>2–7),2.6271108288751965
DW31240510804184,3.0,Adult (>2–7),2.4127757956022364
DW31240510802080,0.583333333,Puppy (0–2),1.9460263335695083
DW31240411301899,2.0,Puppy (0–2),1.0520951497359037
DW31240510806578,6.0,Adult (>2–7),2.7391184209428157
DW31240411301111,3.0,Adult (>2–7),2.558130525881712
DW31240663105394,0.5,Puppy (0–2),2.4946820182713476
DWO31240663105390,3.0,Adult (>2–7),2.639125014614345
DW31240663106527,14.0,Mature (>7),2.6053802437973044
DW31240510805143,1.0,Puppy (0–2),2.6092954808319337
DW31240510809966,1.0,Puppy (0–2),2.1839982103957887
DW31240411301889,1.0,Puppy (0–2),1.2664822537279068
DW31240663106472,1.666666667,Puppy (0–2),2.374503406384323
DW31240411301677,10.0,Mature (>7),2.5957919718527767
DW31240411301743,11.0,Mature (>7),2.933002209805223
DW31240411303757,4.0,Adult (>2–7),2.5234019051817342
DW31240411303786,2.0,Puppy (0–2),2.9571749484684
DW31240411303869,2.0,Puppy (0–2),2.737738416611549
DW31240510803392,2.0,Puppy (0–2),0.3121977548202792
DW31240510805130,0.666666667,Puppy (0–2),1.4927888488397918
DW31240510805137,3.0,Adult (>2–7),1.6971648786020015
DW31240510805147,0.416666667,Puppy (0–2),2.1583773647787408
DW31240510805357,1.0,Puppy (0–2),1.6602291830178122
DW31240510807749,0.833333333,Puppy (0–2),2.0154644621695925
DW31240510808835,0.625,Puppy (0–2),2.636522724867332
DW31240510809860,6.0,Adult (>2–7),2.9274689361212114
DW31240510809915,1.0,Puppy (0–2),2.6896770628224473
DW31240510809978,7.0,Adult (>2–7),2.511124393652895
DW31240510809990,1.0,Puppy (0–2),2.510016491290513
DW31240510810043,0.666666667,Puppy (0–2),1.0419315901287864
DW31240510802891,2.0,Puppy (0–2),2.7941349061210645
DW31240510809010,2.0,Puppy (0–2),2.4412525317430136
DW31240510805150,1.166666667,Puppy (0–2),2.419724169618363
DW31240510808997,2.0,Puppy (0–2),2.8343276974564002
DWO31240510802087,1.0,Puppy (0–2),2.463888576112908
DW31240510802942,7.0,Adult (>2–7),2.8211318641033913
DW31240510806532,10.0,Mature (>7),1.9996356691578405
DW31240510806667,0.5,Puppy (0–2),2.3173051826351223
DW31240663105450,1.0,Puppy (0–2),1.0782920986494449
DW31240663105473,7.0,Adult (>2–7),2.094234006773474
DW31240411301696,2.0,Puppy (0–2),1.9016840300303357
DW31240663105383,2.0,Puppy (0–2),2.981535879746969
DW31240663105384,1.5,Puppy (0–2),2.098989990143658
DW31240411301624,0.5833,Puppy (0–2),1.863717545141898
DW31240411301720,0.583333333,Puppy (0–2),2.334900718733342
DW31240663105024,1.0,Puppy (0–2),1.8718149081748632
DW31240663106440,1.166666667,Puppy (0–2),2.5145752668711787
DW31240510808946,8.0,Mature (>7),2.355677135361212
DW31240663105249,1.0,Puppy (0–2),2.642240914064244
DW31240663106318,2.0,Puppy (0–2),2.3951170079507236
DW31240663105360,0.833333333,Puppy (0–2),1.3004705400724077
DW31240663106463,1.0,Puppy (0–2),2.526884955180602
DW31240663106535,12.0,Mature (>7),2.6350582256344266
DW31240510802043,2.0,Puppy (0–2),1.3183441146217525
DW31240663105198,0.833333333,Puppy (0–2),1.0946735104193368
DW31240663105363,0.5,Puppy (0–2),1.198668012498794
DW31240663106526,0.583333333,Puppy (0–2),1.9033162826410643
DW31240411303749,0.75,Puppy (0–2),1.5448899490050547
DW31240510806701,1.0,Puppy (0–2),0.7633824589997809
DW31240510809046,1.833333333,Puppy (0–2),2.3964671856929907
DW31240663105278,4.0,Adult (>2–7),2.7323622761885904
DW31240411301758,2.5,Adult (>2–7),1.428697533310585
DW31240411303475,1.0,Puppy (0–2),2.4420717873623214
DW31240411303741,1.0,Puppy (0–2),2.4585796616285442
DW31240510802134,1.0,Puppy (0–2),1.6080154349868176
DW31240510809862,4.0,Adult (>2–7),2.7116212471324
DW31240510809886,1.0,Puppy (0–2),2.0548538545934694
DW31240510809892,11.0,Mature (>7),3.0584775197512633
DW31240510810426,3.0,Adult (>2–7),2.009802087620495
DW31240510806546,0.75,Puppy (0–2),2.8316945384414174
DW31240663105397,4.0,Adult (>2–7),2.311698197418755
DW31240663106545,3.0,Adult (>2–7),2.579969175223639
DW31240510806785,9.0,Mature (>7),2.3780432890621843
DWO31240510808913,1.0,Puppy (0–2),2.2305878778863133
DW31240663106559,2.0,Puppy (0–2),2.60682777068208
DW31240663106503,0.416666667,Puppy (0–2),2.0355974438056728
DW31240663105370,3.0,Adult (>2–7),2.099693848670936
DW31240411301824,3.0,Adult (>2–7),2.9427294073279553
DW31240411302273,1.0,Puppy (0–2),2.320061173092628
DW31240510805135,2.0,Puppy (0–2),2.337563898261563
DW31240510802943,2.0,Puppy (0–2),2.8550190984387975
DW31240510806700,10.0,Mature (>7),1.0176292415192074
DW31240510806761,1.5,Puppy (0–2),2.308280448415391
DW31240663106436,3.0,Adult (>2–7),2.260894836549084
DW31240411301883,5.0,Adult (>2–7),2.2933700056076307
DW31240510809997,2.0,Puppy (0–2),2.59912310471506
DW31240510807785,1.0,Puppy (0–2),2.4464773654959204
DW31240663105368,0.75,Puppy (0–2),1.991868871287245
DW31240411301661,2.0,Puppy (0–2),1.8665763427452768
DW31240411302182,0.583333333,Puppy (0–2),0.65481042363357
DW31240411302197,0.5,Puppy (0–2),2.5597695515569776
DW31240411302201,1.5,Puppy (0–2),1.0307212994377202
DW31240411302275,11.0,Mature (>7),2.9324286510025472
DW31240411302365,0.5,Puppy (0–2),2.5956517641606096
DW31240411302946,0.75,Puppy (0–2),2.408218905351687
DW31240411303721,0.916666667,Puppy (0–2),1.9555408146491113
DW31240411303723,7.0,Adult (>2–7),2.2379281750963034
DW31240411303808,1.5,Puppy (0–2),1.8644938310133299
DW31240510804192,2.0,Puppy (0–2),1.7254405385600726
DW31240510806472,2.0,Puppy (0–2),2.0388827355361094
DW31240510808607,6.0,Adult (>2–7),2.7773627994948606
DW31240510809940,1.0,Puppy (0–2),0.6813531471329354
DW31240510809983,1.5,Puppy (0–2),1.9749503846867513
DW31240510810029,1.0,Puppy (0–2),1.881340920118561
DW31240510810100,1.5,Puppy (0–2),2.288912036080355
DW31240510809100,12.0,Mature (>7),2.367154752230852
DW31240510808939,1.0,Puppy (0–2),2.2094183565816925
DW31240510806762,5.0,Adult (>2–7),2.855579789580225
DW31240411301073,0.833333333,Puppy (0–2),1.6156533753871907
DW31240663104812,0.916666667,Puppy (0–2),1.7803443294440995
DW31240663105423,6.0,Adult (>2–7),2.6493805578765905
DW31240411301752,8.0,Mature (>7),2.246187726740636
DW31240663105224,2.0,Puppy (0–2),2.645536730768297
DW31240663105425,0.583333333,Puppy (0–2),2.5979377473270224
DW31240663106539,4.0,Adult (>2–7),2.9482204004560955
DW31240663105258,3.0,Adult (>2–7),2.235053732411729
DW31240411301115,0.416666667,Puppy (0–2),2.478784305975314
DW31240663105480,0.916666667,Puppy (0–2),1.9723529924241154
DW31240663106451,0.5,Puppy (0–2),1.8376253006305403
DW31240663106551,1.0,Puppy (0–2),2.7690017924308146
DWO31240663105253,9.0,Mature (>7),2.8082000664808167
DW31240411301801,1.0,Puppy (0–2),2.7273931003278484
DW31240510806731,11.0,Mature (>7),1.9281731052407225
DW31240510805322,0.75,Puppy (0–2),2.472103170370806
DW31240411301780,1.0,Puppy (0–2),1.9523799673541316
DW31240510807733,2.0,Puppy (0–2),1.133810903272114
DW31240510810064,11.0,Mature (>7),2.584293990771391
DW31240663105413,8.0,Mature (>7),2.730097240996908
DW31240510808846,6.0,Adult (>2–7),2.875426746723145
DW31240510802944,2.0,Puppy (0–2),2.526539430951735
DW31240411301819,0.416666667,Puppy (0–2),2.3833948645127525
DW31240663106361,0.666666667,Puppy (0–2),1.4060825960550756
DW31240411302387,2.0,Puppy (0–2),2.7044116365662902
DW31240510804140,3.666666667,Adult (>2–7),2.2140324183167475
DW31240510802855,2.0,Puppy (0–2),1.5646756569835072
DW31240510802906,6.0,Adult (>2–7),2.908843757355537
DW31240411301066,3.0,Adult (>2–7),2.66043279364987
DWO31240510809019,1.0,Puppy (0–2),2.470498148674964
DW31240510808924,4.0,Adult (>2–7),2.024048742886826
DW31240663105409,0.583333333,Puppy (0–2),2.0287463657632667
DW31240663106300,0.916666667,Puppy (0–2),-0.0
DW31240663106563,0.333333333,Puppy (0–2),1.9788428567266967
DW31240510802789,1.083333333,Puppy (0–2),1.2121611163999708
DW31240510805704,2.0,Puppy (0–2),2.3493265603491644
DW31240510806109,1.5,Puppy (0–2),2.405877929512249
DWO31240663106481,1.25,Puppy (0–2),3.0176858047346222
DW31240411301747,0.75,Puppy (0–2),1.0613503735116947
DW31240411302218,9.0,Mature (>7),2.3085603448209366
DW31240411302389,3.0,Adult (>2–7),3.1071013065846387
DW31240510805123,0.5,Puppy (0–2),2.5413840573776305
DW31240510807788,15.0,Mature (>7),2.4601499290259685
DW31240510808839,1.0,Puppy (0–2),2.7061884402169962
DW31240510809037,4.0,Adult (>2–7),2.8238348855395827
DW31240411301097,4.0,Adult (>2–7),2.4878798543862977
DW31240411301739,0.5,Puppy (0–2),2.6312980384034605
DW31240411301742,0.916666667,Puppy (0–2),2.1649123425023733
DW31240510806648,0.666666667,Puppy (0–2),1.8199861354451665
DW31240411301734,9.0,Mature (>7),2.589291420351591
DW31240510801975,0.5,Puppy (0–2),1.227417815180623
DW31240411301144,4.0,Adult (>2–7),2.5832910484483333
DW31240510806643,0.666666667,Puppy (0–2),2.3719793070277464
DW31240663104989,0.416666667,Puppy (0–2),2.6852357205345676
DW31240411301664,6.0,Adult (>2–7),2.231225535079939
DW31240663106388,0.666666667,Puppy (0–2),2.1324329149709706
DW31240663105303,0.75,Puppy (0–2),2.7762946933757537
DW31240663106502,3.0,Adult (>2–7),2.6116524372286003
DW31240510806535,6.0,Adult (>2–7),1.4337728691464602
DW31240663105471,0.666666667,Puppy (0–2),1.6873027148491209
DW31240510806615,1.5,Puppy (0–2),1.7523293266166944
DW31240663106549,5.0,Adult (>2–7),1.4349306876923227
DW31240510809871,0.416666667,Puppy (0–2),2.0166405554015383
DW31240510806631,0.333333333,Puppy (0–2),1.821917755185193
DW31240663105288,0.916666667,Puppy (0–2),2.5487665528754615
DW31240663106309,0.458,Puppy (0–2),1.9535800715152714
DW31240411302369,15.0,Mature (>7),2.915292872601599
DW31240411303692,0.583333333,Puppy (0–2),1.6861496907652305
DW31240510804124,0.346153846,Puppy (0–2),2.0792155470849623
DW31240510808870,0.666666667,Puppy (0–2),0.976720946645547
DW31240510810011,1.5,Puppy (0–2),2.1939705062100052
DW31240510810054,0.5,Puppy (0–2),1.919360721471239
DW31240510810061,1.333333333,Puppy (0–2),2.703444088318674
DW31240510802861,0.416666667,Puppy (0–2),2.1588120492772456
DW31240510809015,1.166666667,Puppy (0–2),2.3821445057593182
DW31240663105476,0.583333333,Puppy (0–2),2.1125945184640047
DW31240663106543,2.0,Puppy (0–2),2.5095369307212656
DW31240510810032,0.583333333,Puppy (0–2),2.1461223570144887
DW31240510808840,0.5,Puppy (0–2),2.539776474639385
DW31240510808914,6.0,Adult (>2–7),2.760581524899152
DW31240510802897,4.0,Adult (>2–7),2.6696830870059562
DWO31240663106480,5.0,Adult (>2–7),2.694379434004845
DW31240663105284,0.833333333,Puppy (0–2),1.4368186230137228
DW31240510810440,0.75,Puppy (0–2),1.126245315906673
DW31240510802894,1.5,Puppy (0–2),2.138301816531163
DW31240663105251,1.5,Puppy (0–2),2.6893178147541876
DW31240663105290,1.0,Puppy (0–2),2.3868836518595566
DW31240663106488,10.0,Mature (>7),2.3900220203417395
DW31240663105419,8.0,Mature (>7),2.752022779860621
DW31240411301616,0.5,Puppy (0–2),1.9945028822500368
DW31240411301746,2.0,Puppy (0–2),2.8449826607220983
DW31240411301867,1.0,Puppy (0–2),1.9605503127224146
DW31240411303312,1.166666667,Puppy (0–2),2.5322417256622605
DW31240411303712,4.0,Adult (>2–7),2.7866294235182703
DW31240411303764,0.5,Puppy (0–2),2.12614819954975
DW31240510808781,0.5,Puppy (0–2),1.8259313119850027
DW31240510808963,0.416666667,Puppy (0–2),2.2593484416987737
DW31240510807770,0.75,Puppy (0–2),1.8079217922506694
DW31240510808934,0.583333333,Puppy (0–2),2.2238789914154045
DW31240510806740,0.333333333,Puppy (0–2),1.0409217951004115
DW31240510806608,0.833333333,Puppy (0–2),2.850620064875659
DWO31240411301723,0.5,Puppy (0–2),1.1998196444940505
DW31240411301110,0.75,Puppy (0–2),1.6317546629409987
DW31240510806510,0.333333333,Puppy (0–2),0.81525483092674
DW31240663105424,5.0,Adult (>2–7),1.8528807348522514
DW31240663106544,0.416666667,Puppy (0–2),1.8251901459839168
DW31240663106511,0.346153846,Puppy (0–2),2.3244441724509124
DW31240663106310,2.0,Puppy (0–2),2.2754049594702597
DW31240663106478,10.0,Mature (>7),2.820221679249181
DW31240663106495,3.0,Adult (>2–7),2.544027548395866
DW31240663105327,1.0,Puppy (0–2),2.77968206059068
DWO31240663105317,10.0,Mature (>7),2.507044554799354
DW31240411301630,0.75,Puppy (0–2),1.4444300017110117
DW31240411301642,0.5,Puppy (0–2),2.5505568182732166
DW31240510806725,14.0,Mature (>7),2.1274362725059235
DW31240411301606,0.307692308,Puppy (0–2),0.5216948223707438
DW31240510805131,0.5,Puppy (0–2),2.637440081788415
DW31240510806487,0.416666667,Puppy (0–2),0.3322580823996679
DW31240510802909,0.458333333,Puppy (0–2),1.0266752699687114
DW31240411301771,0.375,Puppy (0–2),1.8399572380409452
DW31240411301782,1.5,Puppy (0–2),2.8308966111412603
DW31240411302793,2.0,Puppy (0–2),2.849315171593374
DW31240411303657,0.416666667,Puppy (0–2),0.3067415218616944
DW31240411303705,5.0,Adult (>2–7),2.413882932141895
DW31240411304918,2.0,Puppy (0–2),2.305556549800937
DW31240510807734,2.0,Puppy (0–2),2.5554139360935575
DW31240411301641,4.0,Adult (>2–7),2.2790372248948962
DW31240663105261,1.0,Puppy (0–2),1.8108113279431377
DW31240663105305,0.416666667,Puppy (0–2),1.3857663767124473
DW31240663106353,1.0,Puppy (0–2),2.148842422078748
DW31240510809909,0.375,Puppy (0–2),1.9019649475152816
DW31240411303751,0.416666667,Puppy (0–2),2.24424647844055
DW31240663105238,0.416666667,Puppy (0–2),2.5479028792905836
DW31240411301078,7.0,Adult (>2–7),2.2254788353157484
DW31240411302210,2.0,Puppy (0–2),2.405485379274558
DW31240411302212,1.0,Puppy (0–2),1.626644917198357
DW31240411302283,1.5,Puppy (0–2),2.7646031553957906
DW31240411302310,0.25,Puppy (0–2),0.9156146976900683
DW31240411303402,0.333333333,Puppy (0–2),1.3906004300282908
DW31240510808829,0.333333333,Puppy (0–2),1.4388219938021
DW31240510808906,0.75,Puppy (0–2),2.13210718096883
DW31240510802917,0.833333333,Puppy (0–2),1.6219220826065073
DW31240510805140,1.0,Puppy (0–2),2.4644725888651173
DW31240510806147,0.916666667,Puppy (0–2),0.827813908591
DW31240510808984,0.416666667,Puppy (0–2),0.6432078667994149
DW31240510809050,0.416666667,Puppy (0–2),2.3017211085582274
DW31240510806724,0.5,Puppy (0–2),1.6977711699859896
DW31240510806634,7.5,Mature (>7),1.9264703845981543
DW31240510806738,7.0,Adult (>2–7),2.7416908019226036
DW31240510808897,4.0,Adult (>2–7),2.4755926099731727
DW31240411301738,13.5,Mature (>7),2.2074060363005485
DW31240411301081,15.0,Mature (>7),2.57002356355569
DW31240411301091,3.0,Adult (>2–7),2.643695565974079
DW31240510806568,0.333333333,Puppy (0–2),1.0670479662670287
DW31240663105438,0.666666667,Puppy (0–2),2.0476315166019976
DW31240663106447,7.0,Adult (>2–7),2.565882127121765
DWO31240510806565,1.0,Puppy (0–2),2.6431143411377467
DWO31240663105416,0.333333333,Puppy (0–2),1.5853715685797156
DW31240510808947,1.0,Puppy (0–2),2.00302950412539
DW31240663105052,0.416666667,Puppy (0–2),0.23733760349758473
DW31240663106308,0.416666667,Puppy (0–2),0.9082662303333514
DW31240663106347,0.416666667,Puppy (0–2),2.350280254942047
DW31240663106323,9.0,Mature (>7),2.805872449009454
DW31240663105496,0.5,Puppy (0–2),2.032353646100523
DW31240510809839,0.583333333,Puppy (0–2),1.5445508303787725
DW31240510808941,0.416666667,Puppy (0–2),2.429756817265853
DW31240510807761,11.0,Mature (>7),2.325787660391916
DW31240510802967,12.0,Mature (>7),2.4594720076724346
DW31240411301102,0.5,Puppy (0–2),2.6360987323981457
DW31240411301888,0.5,Puppy (0–2),2.8067535399970707
DW31240663105378,8.0,Mature (>7),2.9697258896841765
DW31240510806489,0.333333333,Puppy (0–2),0.75113960306494
DW31240411303654,8.0,Mature (>7),2.7268684729598616
DW31240411304921,0.5,Puppy (0–2),2.3901561633780486
DW31240510803385,0.333333333,Puppy (0–2),0.7183782960594419
DW31240510804145,8.0,Mature (>7),2.4327133775257863
DW31240510809852,2.166666667,Adult (>2–7),2.6279085064938386
DW31240510809896,0.75,Puppy (0–2),0.7409902583742163
DW31240510809109,0.5,Puppy (0–2),2.4210407087216637
DW31240663105308,0.666666667,Puppy (0–2),2.6828887004056394
DW31240663106459,12.0,Mature (>7),2.695624538392046
DW31240411302279,1.25,Puppy (0–2),1.1082541374337362
DW31240411303776,3.0,Adult (>2–7),1.6217136218829746
DW31240510805329,0.833333333,Puppy (0–2),2.1352772162058433
DW31240510808850,0.416666667,Puppy (0–2),0.936269185386181
DW31240510808867,1.0,Puppy (0–2),1.298393312664895
DW31240510809844,0.75,Puppy (0–2),1.8971190590004503
DW31240663105276,0.416666667,Puppy (0–2),1.3746952425966932
DW31240510810086,0.25,Puppy (0–2),1.6319859194880155
DW31240411302253,7.0,Adult (>2–7),2.6898991665395857
DW31240411302303,0.288461538,Puppy (0–2),1.9379395562172137
DW31240411302313,0.416666667,Puppy (0–2),1.9003802757627968
DW31240510805154,0.333333333,Puppy (0–2),0.44461393773042623
DW31240510809888,0.5,Puppy (0–2),2.3800658264316015
DW31240510809905,7.0,Adult (>2–7),2.7323685692399757
DW31240663105454,0.666666667,Puppy (0–2),0.9692829680998979
DW31240663105234,3.0,Adult (>2–7),2.5094864104465375
DW31240510810046,3.0,Adult (>2–7),2.424226866914341
DW31240411302326,0.5,Puppy (0–2),2.4009307093438585
DW31240411302378,5.0,Adult (>2–7),2.525984294128499
DW31240411303500,0.3698,Puppy (0–2),1.6000912362462207
DW31240411303768,2.5,Adult (>2–7),2.9409567407010337
DW31240510807763,0.416666667,Puppy (0–2),1.5136784251729627
DW31240510808826,0.416666667,Puppy (0–2),2.0154457173433773
DW31240510809912,11.0,Mature (>7),2.9598888999736577
DW31240510810042,1.0,Puppy (0–2),2.081242819212551
DW31240510810076,0.416666667,Puppy (0–2),1.811706525105268
DW31240510810436,1.5,Puppy (0–2),2.286774217237325
DW31240510805360,0.333333333,Puppy (0–2),0.7092202889534885
DW31240510810421,2.0,Puppy (0–2),2.4093741026534268
DW31240510806566,0.333333333,Puppy (0–2),1.4773762392453273
DWO31240411301741,0.25,Puppy (0–2),0.7523414680175342
DW31240411301112,0.333333333,Puppy (0–2),0.49809315282290545
DW31240411301902,5.0,Adult (>2–7),2.0389310300946266
DW31240663105427,0.333333333,Puppy (0–2),1.7715023817614286
DW31240663105462,0.230769231,Puppy (0–2),0.9741054092677417
DW31240510808894,2.0,Puppy (0–2),2.4931141749561623
DW31240663106456,0.333333333,Puppy (0–2),0.5073194349557132
DW31240411301832,0.5,Puppy (0–2),2.094421757484088
DW31240663106337,0.326923077,Puppy (0–2),0.9190848946165662
DW31240663106398,0.666666667,Puppy (0–2),0.9352858565668846
DW31240663105259,0.583333333,Puppy (0–2),2.659699025488274
DW31240663106554,2.0,Puppy (0–2),2.2474618169188645
DWO31240510806734,5.0,Adult (>2–7),2.569086805866975
DWO31240663106514,0.583333333,Puppy (0–2),2.1222546041890933
DW31240411301618,0.5,Puppy (0–2),1.8086426298470064
DW31240411301761,5.0,Adult (>2–7),2.665941876354157
DW31240411302420,1.0,Puppy (0–2),2.464155561747363
DW31240411303711,10.0,Mature (>7),2.385666779238243
DW31240510808898,11.0,Mature (>7),2.5414933815235847
DW31240663106487,0.375,Puppy (0–2),1.258279065448354
DW31240663106345,0.416666667,Puppy (0–2),1.5471477508255538
DW31240411303275,0.583333333,Puppy (0–2),1.6548224342029716
DW31240411303706,0.269230769,Puppy (0–2),1.0840653407937162
DW31240510805115,1.5,Puppy (0–2),2.391126563398988
DW31240510809873,0.916666667,Puppy (0–2),2.8037491188806043
DW31240510809985,10.0,Mature (>7),2.540513165834522
DW31240510810053,11.0,Mature (>7),1.7755978823412133
DW31240663106329,3.0,Adult (>2–7),2.648217363440719
DW31240663106299,0.416666667,Puppy (0–2),2.382090679280968
DW31240663106567,0.416666667,Puppy (0–2),0.5815222332325815
DW31240510808783,3.0,Adult (>2–7),1.9425882013825406
DW31240510805134,0.416666667,Puppy (0–2),2.1958665593215887
DW31240510805146,0.25,Puppy (0–2),1.0764758521239244
DW31240510805161,5.0,Adult (>2–7),2.8011023754083553
DW31240510809903,0.269230769,Puppy (0–2),0.6941600931427752
DW31240510802877,0.25,Puppy (0–2),0.5697274668872394
DW31240510802908,8.0,Mature (>7),2.170978184344614
DW31240510807035,0.416666667,Puppy (0–2),2.4039207764416934
DW31240411301898,0.416666667,Puppy (0–2),0.5063951138431373
DW31240411301684,0.25,Puppy (0–2),0.9313567554674893
DW31240411301118,0.666666667,Puppy (0–2),2.6248788872071507
DW31240510809875,0.5,Puppy (0–2),2.314061843878189
DW31240510810107,2.5,Adult (>2–7),2.6501433675777895
DW31240510810109,13.0,Mature (>7),2.3877639109847926
DW31240510808980,11.0,Mature (>7),2.5616137754141217
DWO31240663105311,8.0,Mature (>7),2.191194755169766
DW31240663106448,0.416666667,Puppy (0–2),2.398150428145472
DW31240663105460,0.307692308,Puppy (0–2),1.256499418956984
DW31240663106326,0.833333333,Puppy (0–2),2.1088194915802236
DW31240663105300,0.230769231,Puppy (0–2),1.053088554718265
DW31240411301785,13.0,Mature (>7),2.6276498190395596
DW31240411302233,0.416666667,Puppy (0–2),2.6491045216871814
DW31240411302271,2.5,Adult (>2–7),2.4590541707081166
DW31240411302328,0.333333333,Puppy (0–2),1.532102833553775
DW31240411302385,10.0,Mature (>7),2.7403253902231177
DW31240411303403,0.307692308,Puppy (0–2),1.0290509509574968
DW31240411303782,6.0,Adult (>2–7),2.801311994461982
DW31240510809973,3.0,Adult (>2–7),2.1708409512448723
DW31240510802890,0.333333333,Puppy (0–2),2.6497989479430273
DW31240510802924,1.2,Puppy (0–2),2.431646450596411
DW31240510809027,0.230769231,Puppy (0–2),0.9910297307438731
DW31240510808860,0.75,Puppy (0–2),1.1803931560346377
DW31240510808915,1.0,Puppy (0–2),1.949830055966238
DW31240411301074,0.416666667,Puppy (0–2),2.5795816568396934
DW31240663105461,0.5,Puppy (0–2),1.9247659105715802
DWO31240510806776,1.0,Puppy (0–2),2.37995677290491
DW31240663105248,0.5,Puppy (0–2),1.7146333756223195
DW31240663105428,0.25,Puppy (0–2),1.446416451514075
DW31240663106360,0.416666667,Puppy (0–2),1.9676565516294304
DW31240663106416,11.0,Mature (>7),1.9762173794633926
DWO31240663105433,10.0,Mature (>7),3.0145948606230424
DW31240663106351,11.0,Mature (>7),1.5368508409481612
DWO31240663106457,0.230769231,Puppy (0–2),1.1673500615804515
DW31240510809040,0.230769231,Puppy (0–2),0.5228734127044252
DW31240663105294,0.230769231,Puppy (0–2),1.214779004835179
DW31240510809056,5.0,Adult (>2–7),1.9377915994652708
DW31240411301140,0.25,Puppy (0–2),1.2294426020783087
DW31240411301745,11.0,Mature (>7),2.3753685618094584
DW31240411302261,4.0,Adult (>2–7),2.8045625400354153
DW31240411303684,2.0,Puppy (0–2),2.1133553945012866
DW31240411303737,0.666666667,Puppy (0–2),1.7810540379430038
DW31240663106396,1.166666667,Puppy (0–2),2.147925958672216
DW31240663106571,2.0,Puppy (0–2),2.2213623466233607
DW31240663105324,0.416666667,Puppy (0–2),2.839738736539954
DW31240411301709,0.1731,Puppy (0–2),1.284747596580867
DW31240510806537,0.416666667,Puppy (0–2),0.550426327784113
DW31240510808880,0.5,Puppy (0–2),2.511371935827659
DW31240411301072,1.416666667,Puppy (0–2),2.8081176646610153
DW31240411302308,3.0,Adult (>2–7),2.521908007526127
DW31240510808861,13.0,Mature (>7),2.850189625342126
DW31240510809911,12.0,Mature (>7),1.9496610636903318
DWO31240510810420,4.0,Adult (>2–7),2.4778062843375936
DW31240510806569,1.0,Puppy (0–2),2.284790610180692
DW31240510806580,0.416666667,Puppy (0–2),2.430658316546413
DW31240510809031,0.416666667,Puppy (0–2),2.3453761916636755
DW31240663105271,0.346153846,Puppy (0–2),1.9629174069927526
DW31240663105281,8.0,Mature (>7),2.603280962232286
DW31240663105398,2.0,Puppy (0–2),2.5994877445590943
DW31240663106468,0.333333333,Puppy (0–2),2.5905547627616476
DW31240510809067,12.0,Mature (>7),2.8142498070406483
DW31240663106327,0.75,Puppy (0–2),2.152216993512733
DW31240663106460,0.25,Puppy (0–2),0.48983671654152716
DW31240411302223,13.0,Mature (>7),2.666208185550631
DW31240663106333,12.0,Mature (>7),2.574517444337086
DW31240411301588,6.0,Adult (>2–7),2.549486232915459
DW31240411301687,0.269230769,Puppy (0–2),1.001397988059576
DW31240411302299,0.25,Puppy (0–2),0.9965797865185331
DW31240411302333,0.291,Puppy (0–2),1.9762734900745174
DW31240510808820,1.5,Puppy (0–2),2.031447692861223
DW31240510809996,8.0,Mature (>7),2.3005692910505093
DW31240510810047,2.0,Puppy (0–2),2.306408654128082
DWO31240510808992,0.269230769,Puppy (0–2),1.3171175046163488
DW31240411301870,1.0,Puppy (0–2),2.671373028477216
DW31240411301075,2.0,Puppy (0–2),2.719480295863663
DWO31240663105277,7.0,Adult (>2–7),1.8896277954895273
DW31240510806515,0.5,Puppy (0–2),2.02053637717006
DW31240663105267,0.33333,Puppy (0–2),0.9609933317100188
DW31240663106515,6.0,Adult (>2–7),2.4092213747839333
DW31240510806673,13.5,Mature (>7),2.9532663181802845
DW31240411302953,0.333333333,Puppy (0–2),1.308488191425693
DW31240510804147,10.0,Mature (>7),3.107828126825746
DW31240510809967,4.0,Adult (>2–7),2.6772213005554817
DW31240510810048,0.115384615,Puppy (0–2),0.32507547243671364
DW31240510810080,1.5,Puppy (0–2),2.8230761844223147
DW31240510809058,2.0,Puppy (0–2),1.271393454507526
DW31240510800240,4.0,Adult (>2–7),3.1450819626573185
DW31240510806581,7.0,Adult (>2–7),2.7314502365288877
DW31240411301714,1.0,Puppy (0–2),1.6984603561488991
DW31240411301632,1.0,Puppy (0–2),2.3453425959849556
DW31240663104963,1.0,Puppy (0–2),2.231661116672298
DW31240510810070,0.25,Puppy (0–2),1.4456152367893567
DW31240411301786,0.346153846,Puppy (0–2),2.0194356872562587
DW31240411302200,3.0,Adult (>2–7),2.4632685232452762
DW31240411302249,0.230769231,Puppy (0–2),1.569789302479314
DW31240411302305,12.0,Mature (>7),2.5576670735364604
DW31240411303717,10.0,Mature (>7),2.171168977004658
DW31240510801996,4.0,Adult (>2–7),3.023888344307338
DW31240510802044,2.0,Puppy (0–2),2.295513978320268
DW31240510804188,0.269230769,Puppy (0–2),0.5431720690422694
DW31240510805129,1.0,Puppy (0–2),1.6682126895658254
DW31240510805132,3.0,Adult (>2–7),2.240554371778254
DW31240510808750,17.0,Mature (>7),2.794482982990103
DW31240510808873,14.0,Mature (>7),2.4121543494894913
DW31240510810004,0.25,Puppy (0–2),1.0054020240009753
DW31240510810097,1.0,Puppy (0–2),3.0270281926080296
DW31240510809021,9.0,Mature (>7),2.651359598452709
DW31240510809001,0.333333333,Puppy (0–2),0.9127173506026603
DW31240510806696,8.0,Mature (>7),2.749546195291063
DW31240663105380,2.0,Puppy (0–2),2.830205292945866
DW31240411301757,0.8333,Puppy (0–2),0.9506103122931389
DW31240663105203,0.333333333,Puppy (0–2),1.712923687105749
DW31240663106450,0.333333333,Puppy (0–2),0.8529671890603815
DW31240663105236,4.0,Adult (>2–7),2.538491472223412
DW31240411301655,4.0,Adult (>2–7),3.2268143934917495
DW31240663105499,5.0,Adult (>2–7),2.9093415678191463
DW31240663106453,0.166666667,Puppy (0–2),0.6732493724131245
DW31240663105320,3.0,Adult (>2–7),2.10144260027156
DW31240411301672,0.192307692,Puppy (0–2),1.1226654364843496
DW31240411302292,1.0,Puppy (0–2),1.9108022223437537
DW31240411302300,10.0,Mature (>7),2.6922673227192626
DW31240411302307,7.0,Adult (>2–7),3.1655548897331527
DW31240411302941,6.0,Adult (>2–7),2.2205588532122356
DW31240411303414,7.0,Adult (>2–7),2.4584455064520547
DW31240510805326,8.0,Mature (>7),2.8627984519495584
DW31240510802939,0.173076923,Puppy (0–2),0.49984260763077315
DW31240411301643,1.0,Puppy (0–2),2.589716027834988
DW31240510806509,7.0,Adult (>2–7),2.1712647682967376
DW31240663105403,8.0,Mature (>7),1.8671659919802481
DWO31240663105405,0.666666667,Puppy (0–2),1.2162057892601355
DW31240663106470,0.416666667,Puppy (0–2),2.163162249261314
DW31240663105301,2.0,Puppy (0–2),3.3292951427811843
DWO31240663105298,0.333333333,Puppy (0–2),0.6057202382368003
DW31240411303315,4.0,Adult (>2–7),2.595285468003051
DW31240411302219,4.0,Adult (>2–7),2.569448293302849
DW31240411302963,8.0,Mature (>7),2.856394678599578
DW31240510805145,0.192307692,Puppy (0–2),1.1048387669682491
DW31240510805321,3.0,Adult (>2–7),2.7072890370488287
DW31240510808851,0.230769231,Puppy (0–2),1.2219845698419087
DW31240510802936,0.75,Puppy (0–2),2.986638683018315
DW31240510807064,1.583333333,Puppy (0–2),2.1493888125210896
DW31240510810057,1.583333333,Puppy (0–2),2.7652934007420606
DW31240510806629,0.583333333,Puppy (0–2),1.835618608484782
DW31240411301105,0.375,Puppy (0–2),1.0772333155573943
DW31240411301166,0.192307692,Puppy (0–2),1.6227724281726168
DW31240510806678,1.0,Puppy (0–2),2.6043529793938887
DW31240663105414,0.333333333,Puppy (0–2),0.610746174881371
DW31240663105429,0.166666667,Puppy (0–2),1.1522392808081023
DW31240663106346,3.5,Adult (>2–7),2.5654201194917547
DWO31240663105213,17.0,Mature (>7),2.30732775197082
DWO31240663106349,2.0,Puppy (0–2),2.0913604734805773
DW31240663105255,6.0,Adult (>2–7),1.7481727094719253
DW31240663106461,11.0,Mature (>7),2.8059945415533023
DW31240510801601,6.0,Adult (>2–7),2.417468522744402
DW31240663105373,0.583333333,Puppy (0–2),2.8940475093866658
DW31240510805153,0.25,Puppy (0–2),1.178532221486606
DW31240411302221,1.5,Puppy (0–2),2.2655313013411766
DW31240411302289,0.25,Puppy (0–2),1.1077121338281295
DW31240510805167,1.416666667,Puppy (0–2),2.2980789578658443
DW31240411301134,0.019230769,Puppy (0–2),0.6296864057273317
DW31240411301759,1.0,Puppy (0–2),2.623066140735936
DW31240411302339,7.0,Adult (>2–7),3.063127115890112
DW31240411302976,1.5,Puppy (0–2),2.3122539878746755
DW31240411303660,8.0,Mature (>7),2.7591746235559165
DW31240510807755,2.0,Puppy (0–2),2.816445676526767
DW31240510809071,8.0,Mature (>7),2.2605027447163084
DW31240510802029,6.0,Adult (>2–7),2.2814657138001513
DW31240411301083,0.5,Puppy (0–2),2.721861440922928
DWO31240510806711,8.0,Mature (>7),2.551675616841151
DW31240411301660,7.0,Adult (>2–7),2.9664172973559153
DW31240663106401,0.038461538,Puppy (0–2),0.29698652063236336
DW31240663106462,0.038461538,Puppy (0–2),0.02708162368573207
DWO31240663106412,11.0,Mature (>7),2.417045279696939
DW31240663105242,2.0,Puppy (0–2),2.4585629697408686
DW31240510810028,8.583333333,Mature (>7),1.702493031614797
DW31240510808876,0.166666667,Puppy (0–2),0.8676098295531611
DW31240663105232,0.333333333,Puppy (0–2),1.3648741377167704
DW31240510810040,7.0,Adult (>2–7),2.9130634853504564
DW31240411301695,5.0,Adult (>2–7),2.2803400682107497
DW31240411301708,8.0,Mature (>7),2.7704406729177142
DW31240411301645,0.416666667,Puppy (0–2),1.8136515182559365
DW31240663106395,0.25,Puppy (0–2),2.2486984870018354
DW31240663105264,7.0,Adult (>2–7),2.6117685707082323
DW31240510808604,2.5,Adult (>2–7),2.7016653294307114
DW31240663106491,0.416666667,Puppy (0–2),2.62522891880738
DW31240411302256,0.25,Puppy (0–2),0.9637063008436717
DW31240411303713,1.5,Puppy (0–2),2.533939266540314
DW31240411303760,11.0,Mature (>7),3.0896298458727474
DW31240510802803,11.0,Mature (>7),2.3813328393002435
DW31240510802883,4.0,Adult (>2–7),1.9822371553788247
DW31240510802898,0.916666667,Puppy (0–2),2.55876331915782
DW31240510805317,8.0,Mature (>7),2.430285435324281
DW31240510807729,5.0,Adult (>2–7),2.455253002222221
DW31240510807748,9.0,Mature (>7),2.404797028926003
DW31240510809962,1.583333333,Puppy (0–2),2.968922287720136
DW31240510809984,0.211538462,Puppy (0–2),1.145113336148702
DW31240510810037,1.0,Puppy (0–2),2.6401063280381827
DW31240510810077,5.0,Adult (>2–7),2.760911347355794
DW31240510802025,1.333333333,Puppy (0–2),2.3361111511987174
DW31240510809085,5.0,Adult (>2–7),2.5808862376157893
DW31240510802989,0.25,Puppy (0–2),1.0283198952942896
DW31240510807050,0.833333333,Puppy (0–2),2.854604994372681
DW31240510802801,6.0,Adult (>2–7),2.6576717763563984
DW31240510809053,0.192307692,Puppy (0–2),1.316226192620391
DW31240510806717,0.916666667,Puppy (0–2),2.871409693715284
DW31240510806665,7.0,Adult (>2–7),2.7832802485003296
DW31240411301123,2.0,Puppy (0–2),2.76914793311825
DW31240411301654,0.833333333,Puppy (0–2),2.704516853122679
DW31240663105470,3.0,Adult (>2–7),2.49579073618452
DW31240663105395,3.0,Adult (>2–7),2.654987925281009
DW31240663105469,5.0,Adult (>2–7),2.9869017422479103
DW31240411301799,1.083333333,Puppy (0–2),1.738081216904328
DW31240510805144,4.0,Adult (>2–7),1.4656172728153798
DW31240663106455,6.0,Adult (>2–7),2.387484550676938
DW31240510810063,0.5,Puppy (0–2),2.0274186997888974
DW31240411302813,0.153846154,Puppy (0–2),0.9650666711764125
DW31240510809894,0.211538462,Puppy (0–2),0.2009262950031735
DW31240510810103,0.458333333,Puppy (0–2),2.2630257665582825
DW31240510807738,0.269230769,Puppy (0–2),2.1343189063566173
DW31240510806516,13.0,Mature (>7),2.7922299100848735
DW31240411301076,2.0,Puppy (0–2),1.8272742322469615
DW31240663106402,0.038461538,Puppy (0–2),0.047427146036345805
DW31240411301631,0.192307692,Puppy (0–2),0.842745238592779
DW31240510807758,0.17,Puppy (0–2),0.5655474211434648
DW31240411301820,1.0,Puppy (0–2),1.8913393186940273
DW31240510802085,0.666666667,Puppy (0–2),2.5891725904868506
DW31240411301731,0.416666667,Puppy (0–2),2.4057703688826693
DW31240510805133,0.326923077,Puppy (0–2),1.2630495242467872
DW31240663106500,14.0,Mature (>7),0.38061772242697994
DW31240663106484,0.75,Puppy (0–2),2.750003546635368
DW31240411301715,2.0,Puppy (0–2),2.9174057267300477
DWO31240411301108,7.0,Adult (>2–7),2.651730684673162
DW31240411302287,0.333333333,Puppy (0–2),1.4640630507330712
DW31240411303785,0.583333333,Puppy (0–2),2.789872854712114
DW31240510806496,6.0,Adult (>2–7),2.6477215064285327
DW31240510808902,2.5,Adult (>2–7),3.298296778663033
DW31240510809831,11.0,Mature (>7),2.0048715465044946
DW31240510809965,0.25,Puppy (0–2),-0.0
DW31240510809976,0.25,Puppy (0–2),1.8359299526509942
DW31240510802850,0.416666667,Puppy (0–2),1.4754214522859463
DW31240510808955,13.0,Mature (>7),2.357767102135568
DW31240510808166,0.307692308,Puppy (0–2),1.1298943788419848
DW31240510806533,0.583333333,Puppy (0–2),2.9419084568146228
DW31240510808904,0.416666667,Puppy (0–2),2.8272558037351074
DW31240411301776,0.416666667,Puppy (0–2),2.281400787150615
DW31240663106427,0.096153846,Puppy (0–2),1.6203666140102584
DW31240510809958,6.0,Adult (>2–7),1.7191795300678958
DW31240663105388,5.0,Adult (>2–7),2.677577096119177
DW31240411303652,0.25,Puppy (0–2),1.151175733084521
DW31240510802012,0.25,Puppy (0–2),1.2326913071045995
DW31240510807737,0.416666667,Puppy (0–2),2.436512502334964
DW31240510808886,0.583333333,Puppy (0–2),2.617097466854657
DW31240510801977,0.25,Puppy (0–2),1.7438817558870052
DW31240510802969,4.0,Adult (>2–7),2.360809964074725
DW31240510802995,0.583333333,Puppy (0–2),2.7804432261726286
DW31240663105318,13.0,Mature (>7),2.9187892120392154
DW31240663105365,0.096153846,Puppy (0–2),1.185221518438114
DW31240510808932,1.083333333,Puppy (0–2),2.5002051227788704
DW31240411301639,0.5,Puppy (0–2),0.5691749875832486
DW31240510801999,0.416666667,Puppy (0–2),1.8764663133392347
DW31240510806511,0.25,Puppy (0–2),2.2934279262316655
DW31240411302414,0.230769231,Puppy (0–2),1.7968916950317053
DW31240510802084,0.416666667,Puppy (0–2),2.5183550733094817
DW31240663105246,0.230769231,Puppy (0–2),1.0985081272213388
DW31240411301710,0.416666667,Puppy (0–2),1.5408751704398453
DW31240510801969,9.0,Mature (>7),2.4849637498648915
DW31240510808918,0.416666667,Puppy (0–2),1.321891693609415
DW31240411301737,0.288461538,Puppy (0–2),2.3413490445664724
DW31240663105274,0.5,Puppy (0–2),2.041823859724894
DW31240510808882,10.0,Mature (>7),2.6230647685624224
DW31240510800126,0.384615385,Puppy (0–2),2.1444500372318944
DW31240510808856,0.25,Puppy (0–2),1.538140962911301
DW31240510808958,0.326923077,Puppy (0–2),2.3999322545744826
DW31240411301828,0.115384615,Puppy (0–2),1.862165087970379
DW31240663105458,0.173076923,Puppy (0–2),2.5585014913288107
DW31240663105220,0.25,Puppy (0–2),2.320909845780068
DW31240510809121,0.166666667,Puppy (0–2),1.0103347799966476
DW31240510802912,0.25,Puppy (0–2),2.4881477090897333
DW31240510809959,5.0,Adult (>2–7),2.1387244390636386
DW31240663105455,0.192307692,Puppy (0–2),2.4701024654042087
DW31240411302354,0.211538462,Puppy (0–2),2.326167237416527
DW31240210304726,6.0,Adult (>2–7),2.7372953298387963
DW31240210304737,7.0,Adult (>2–7),2.694187164197692
DW31240210304811,6.0,Adult (>2–7),2.8901656652736523
DW31240411301581,1.0,Puppy (0–2),2.7864413580872625
DW31240411301744,0.666666667,Puppy (0–2),2.469369942125816
DW31240411301783,0.333333333,Puppy (0–2),0.8272977797461494
DW31240411301807,5.0,Adult (>2–7),2.8340554571113077
DW31240411301871,1.0,Puppy (0–2),2.6986524775378755
DW31240411302234,10.0,Mature (>7),2.301730836654602
DW31240411302260,14.0,Mature (>7),2.860843836627262
DW31240411302295,0.25,Puppy (0–2),0.799765637026125
DW31240411302327,12.0,Mature (>7),2.917099123740266
DW31240411302366,0.346153846,Puppy (0–2),1.2178939666940458
DW31240411302392,0.3589,Puppy (0–2),1.6234349826418557
DW31240411302395,4.0,Adult (>2–7),2.4231965448834853
DW31240411303282,3.0,Adult (>2–7),1.8534785926036161
DW31240411303287,0.173076923,Puppy (0–2),2.292091703498928
DW31240411303319,0.25,Puppy (0–2),0.6399163533745748
DW31240411303356,4.0,Adult (>2–7),2.853736655043621
DW31240411303380,0.115384615,Puppy (0–2),1.4960777843634276
DW31240411303406,0.211538462,Puppy (0–2),2.7698954915681364
DW31240411303415,9.0,Mature (>7),2.191907981635197
DW31240411303587,0.833,Puppy (0–2),1.791083536463509
DW31240411303682,5.0,Adult (>2–7),1.2378331312453796
DW31240411303716,5.0,Adult (>2–7),2.7493219367305852
DW31240411303724,7.0,Adult (>2–7),2.9597055435660318
DW31240411303732,2.0,Puppy (0–2),2.5989983793223255
DW31240411303736,0.269230769,Puppy (0–2),1.6048825234935293
DW31240411303762,7.0,Adult (>2–7),2.440451884420029
DW31240411303780,1.166666667,Puppy (0–2),2.040718136117028
DW31240510802013,2.0,Puppy (0–2),2.130891099257777
DW31240510802135,0.5,Puppy (0–2),2.423040358920754
DW31240510802913,3.0,Adult (>2–7),2.586849571483348
DW31240510804181,0.333333333,Puppy (0–2),2.281224688023952
DW31240510805112,0.230769231,Puppy (0–2),0.5583078351311392
DW31240510805210,3.5,Adult (>2–7),1.9868278008308602
DW31240510807751,0.5,Puppy (0–2),1.7724983615465515
DW31240510807772,9.0,Mature (>7),2.0213066987352444
DW31240510808831,0.75,Puppy (0–2),1.351598112646435
DW31240510808838,0.833333333,Puppy (0–2),1.2676861015963816
DW31240510808843,0.25,Puppy (0–2),0.7230060331286019
DW31240510808857,0.25,Puppy (0–2),0.5784654007687946
DW31240510808875,0.75,Puppy (0–2),2.1061198521472546
DW31240510808879,12.0,Mature (>7),2.795976513011331
DW31240510808890,4.0,Adult (>2–7),2.167264927788886
DW31240510808911,0.833333333,Puppy (0–2),1.7072221371309964
DW31240510809835,2.0,Puppy (0–2),2.8438180882983346
DW31240510809884,0.583333333,Puppy (0–2),2.949006989073012
DW31240510809907,0.416666667,Puppy (0–2),1.1671100108116712
DW31240510809931,0.583333333,Puppy (0–2),1.2015258461339027
DW31240510809974,2.0,Puppy (0–2),2.5383449561424714
DW31240510809991,2.0,Puppy (0–2),2.09039041277356
DW31240510809994,4.0,Adult (>2–7),2.502925939745473
DW31240510809995,5.0,Adult (>2–7),2.5056965904645554
DW31240510810006,2.0,Puppy (0–2),1.1918204509601376
DW31240510810034,0.217948718,Puppy (0–2),1.5464144049219641
DW31240510810035,2.0,Puppy (0–2),0.9896721767106249
DW31240510810068,4.0,Adult (>2–7),2.9144099452646715
DW31240510810095,0.442307692,Puppy (0–2),2.3468144116593344
DW31240510810441,15.0,Mature (>7),2.122040372697094
DW31240510801287,2.0,Puppy (0–2),2.030053110746942
DW31240510801484,0.230769231,Puppy (0–2),0.718264451927522
DW31240510801859,0.230769231,Puppy (0–2),0.1891590903261886
DW31240510802057,2.0,Puppy (0–2),2.2766250468389204
DW31240510802105,1.833333333,Puppy (0–2),2.929702850809528
DW31240510802108,0.333333333,Puppy (0–2),1.8445283629068303
DW31240510802797,0.416666667,Puppy (0–2),2.160611562853462
DW31240510802884,0.333333333,Puppy (0–2),2.124078133862786
DW31240510802918,0.458333333,Puppy (0–2),2.317234400436196
DW31240510802937,3.0,Adult (>2–7),2.1087482022711366
DW31240510802993,0.5,Puppy (0–2),2.2090381398768977
DW31240510807789,1.166666667,Puppy (0–2),2.262239708737944
DW31240510809101,0.153846154,Puppy (0–2),0.9850406925536358
DW31240510802946,2.0,Puppy (0–2),2.9130767818573755
DW31240510802996,0.211538462,Puppy (0–2),1.9880656282189069
DW31240510806974,1.0,Puppy (0–2),2.2933238273700316
DW31240510808943,0.333333333,Puppy (0–2),0.635396789952754
DW31240510809072,0.25,Puppy (0–2),1.9875143738733647
DW31240510808977,1.0,Puppy (0–2),2.1466252658742255
DW31240510809115,0.333333333,Puppy (0–2),0.5453788642770404
DWO31240510809016,0.75,Puppy (0–2),1.797657316018464
DWO31240510809008,7.0,Adult (>2–7),1.6697427836156347
DW31240510803390,1.0,Puppy (0–2),2.465810264911867
DW31240510806473,9.0,Mature (>7),2.4674156787348824
DW31240510806744,2.0,Puppy (0–2),2.586968858787719
DW31240510806753,6.0,Adult (>2–7),3.0196165210243815
DW31240411301090,0.307692308,Puppy (0–2),1.0073460840766297
DWO31240510808979,0.75,Puppy (0–2),1.3162659102229504
DW31240411301686,0.019230769,Puppy (0–2),0.04379285210177032
DW31240411301751,0.019230769,Puppy (0–2),0.01875475710445829
DW31240411301756,0.057692308,Puppy (0–2),0.1627588492189191
DW31240510809013,0.416666667,Puppy (0–2),2.2952905609104937
DW31240510809020,0.416666667,Puppy (0–2),1.2919460208548166
DW31240411301638,2.0,Puppy (0–2),2.2388833018090732
DW31240411301644,0.019230769,Puppy (0–2),0.23562918380675954
DW31240411301809,0.057692308,Puppy (0–2),0.5459619454317987
DWO31240510800094,1.0,Puppy (0–2),2.90324244677397
DW31240510806697,5.0,Adult (>2–7),2.560551090073914
DW31240663105404,0.096153846,Puppy (0–2),2.2699741173184784
DW31240663106319,0.346153846,Puppy (0–2),2.374490956448558
DW31240663106358,3.0,Adult (>2–7),2.4803800113003014
DW31240663106482,0.333333333,Puppy (0–2),2.1082238684976646
DW31240663106523,2.0,Puppy (0–2),2.4435982115073434
DW31240663106547,0.333333333,Puppy (0–2),2.2024289953241243
DW31240663105447,4.0,Adult (>2–7),2.436609463327541
DW31240663106469,1.0,Puppy (0–2),2.824356885603019
DWO31240663106562,12.5,Mature (>7),2.739770982777172
DW31240663106449,2.0,Puppy (0–2),1.759624632050621
DW31240663106540,3.0,Adult (>2–7),2.576432881433901
