sample_id,age,weight,weight_group,shannon
DW31240510808865,5.0,170.0,Large (≥60 lb),2.703453424487573
DW31240510802107,1.0,166.0,Large (≥60 lb),1.1579891816318706
DW31240510806513,6.0,166.0,Large (≥60 lb),2.5981425817872412
DW31240510806340,4.0,165.0,Large (≥60 lb),1.9160480974842213
DW31240663106415,3.0,165.0,Large (≥60 lb),2.453447956104179
DW31240663106534,3.0,160.0,Large (≥60 lb),2.971183472039782
DW31240411301893,4.0,155.0,Large (≥60 lb),2.596879131198831
DW31240411301706,12.58333333,150.0,Large (≥60 lb),2.2324471774825323
DW31240411303328,5.0,145.0,Large (≥60 lb),2.507399167668999
DW31240411302940,7.0,140.0,Large (≥60 lb),0.23784514168464968
DW31240510806779,1.416666667,125.0,Large (≥60 lb),2.4180296900416254
DW31240510809960,1.0,124.0,Large (≥60 lb),1.9067501979942652
DW31240411301675,3.0,120.0,Large (≥60 lb),2.332254954966712
DW31240510802858,1.0,120.0,Large (≥60 lb),2.3007060482081343
DW31240510809861,7.0,115.0,Large (≥60 lb),2.4077452824672934
DW31240510810078,6.0,115.0,Large (≥60 lb),2.893574262392557
DW31240411301122,9.0,115.0,Large (≥60 lb),3.0280526445488443
DW31240663105437,4.0,110.0,Large (≥60 lb),2.0271968274195915
DW31240510808964,4.0,109.0,Large (≥60 lb),1.972025648020665
DW31240411302321,2.0,105.0,Large (≥60 lb),2.107833195072128
DW31240411303658,8.0,105.0,Large (≥60 lb),2.0652052138947017
DW31240510804851,2.0,105.0,Large (≥60 lb),2.5619506231548175
DW31240510810051,3.0,105.0,Large (≥60 lb),2.8814206777848086
DW31240411301833,2.0,105.0,Large (≥60 lb),2.453038215437851
DW31240510810090,5.0,105.0,Large (≥60 lb),3.015603730750745
DW31240663105430,7.0,102.0,Large (≥60 lb),2.730202751268531
DW31240663106505,1.0,102.0,Large (≥60 lb),1.8699071889916314
DWO31240411301658,1.0,101.0,Large (≥60 lb),1.3862891093568845
DW31240411301779,3.0,100.0,Large (≥60 lb),2.434088436554767
DW31240510810094,2.0,100.0,Large (≥60 lb),2.6742951055659216
DW31240510802889,1.0,100.0,Large (≥60 lb),2.378630826328373
DW31240510809113,2.0,100.0,Large (≥60 lb),2.496798018976017
DW31240663106474,9.0,100.0,Large (≥60 lb),2.197249458265647
DW31240663106533,3.0,100.0,Large (≥60 lb),2.6382119710379093
DW31240663106504,1.5,100.0,Large (≥60 lb),2.5085996170634135
DW31240663106510,9.5,99.0,Large (≥60 lb),1.971961265177744
DW31240510809919,5.0,98.0,Large (≥60 lb),2.69152274997261
DW31240510802982,2.0,97.0,Large (≥60 lb),1.5366491314769526
DW31240411301612,2.0,95.0,Large (≥60 lb),2.208884241291897
DW31240510806704,1.0,95.0,Large (≥60 lb),1.904413000480657
DW31240663105291,10.0,95.0,Large (≥60 lb),2.3813650299945475
DW31240510808819,2.0,92.0,Large (≥60 lb),2.190645826417873
DW31240663105468,3.0,92.0,Large (≥60 lb),2.428413021922636
DW31231210401827,1.0,90.0,Large (≥60 lb),1.8139438589892103
DW31240510802828,5.0,90.0,Large (≥60 lb),1.696789417866803
DW31240411301680,1.5,90.0,Large (≥60 lb),2.735688146832466
DW31240663105400,9.0,90.0,Large (≥60 lb),2.1427786319612743
DW31240411301693,3.0,90.0,Large (≥60 lb),2.673275702452157
DW31240510808996,2.0,90.0,Large (≥60 lb),2.366950341844784
DW31240663105250,4.0,90.0,Large (≥60 lb),2.783825967903518
DW31240663105401,3.0,90.0,Large (≥60 lb),2.07451245594728
DWO31240663106363,2.0,90.0,Large (≥60 lb),2.6112146948447226
DW31240663105464,1.0,90.0,Large (≥60 lb),1.4177480751636022
DW31240663106529,1.5,90.0,Large (≥60 lb),1.884747928715034
DW31240411302224,3.5,89.0,Large (≥60 lb),2.3861186165284733
DW31240510810055,6.0,88.0,Large (≥60 lb),2.89302194479748
DW31240510806531,1.333333333,88.0,Large (≥60 lb),2.212294216811787
DW31240663106528,9.0,88.0,Large (≥60 lb),2.3172967963504685
DW31240411303842,7.0,85.0,Large (≥60 lb),2.9615913232060525
DW31240510801995,10.0,85.0,Large (≥60 lb),2.7188107087573234
DW31240510808883,3.0,85.0,Large (≥60 lb),2.492762466935877
DW31240510802977,1.0,85.0,Large (≥60 lb),1.94403625877184
DW31240411302974,5.0,85.0,Large (≥60 lb),2.701774900576165
DW31240411301730,7.0,85.0,Large (≥60 lb),2.615109160826204
DW31240663106404,2.0,85.0,Large (≥60 lb),1.881811239213324
DW31240510807756,7.0,84.0,Large (≥60 lb),3.0135298349613344
DW31240510806768,3.0,82.0,Large (≥60 lb),2.4834910697967394
DW31240411303316,11.0,81.0,Large (≥60 lb),2.6920514471209245
DW31240411303686,1.25,81.0,Large (≥60 lb),1.9213115981040798
DW31240510807732,2.0,81.0,Large (≥60 lb),2.959735568002868
DW31240411303700,9.0,80.0,Large (≥60 lb),2.6914763836974185
DW31240510802027,7.0,80.0,Large (≥60 lb),3.0150913290487455
DW31240510807709,2.0,80.0,Large (≥60 lb),2.206291860477336
DW31240510808748,11.0,80.0,Large (≥60 lb),1.9860090984833014
DW31240510809822,4.0,80.0,Large (≥60 lb),2.7805979261697424
DW31240510809982,2.9,80.0,Large (≥60 lb),1.8287669281261614
DW31240510810058,3.0,80.0,Large (≥60 lb),2.450673488940307
DW31240510802827,7.0,80.0,Large (≥60 lb),2.7409246416685114
DW31240510809073,7.0,80.0,Large (≥60 lb),2.9152202211842138
DWO31240663105265,10.0,80.0,Large (≥60 lb),2.5318590181967546
DW31240411302060,6.5,80.0,Large (≥60 lb),2.9796090833798106
DW31240510806582,7.0,80.0,Large (≥60 lb),2.63615468358095
DW31240663105475,8.0,80.0,Large (≥60 lb),2.9569567178173117
DW31240510806674,8.0,80.0,Large (≥60 lb),2.8989211951743306
DW31240411302291,9.5,79.0,Large (≥60 lb),2.957645430935122
DW31240510806455,1.75,78.0,Large (≥60 lb),1.8705510605174462
DW31240510806723,3.833333333,78.0,Large (≥60 lb),1.4676295750453734
DW31240411302379,1.5,76.0,Large (≥60 lb),1.467658766466021
DW31240411302943,2.416666667,76.0,Large (≥60 lb),1.1389866134001239
DW31240510804406,4.0,76.0,Large (≥60 lb),2.690000805736381
DW31240510808971,10.0,76.0,Large (≥60 lb),2.625760472883777
DW31240510807067,4.0,76.0,Large (≥60 lb),2.672785777586718
DW31240411302217,4.0,75.0,Large (≥60 lb),2.7266545336267174
DW31240411302252,1.5,75.0,Large (≥60 lb),2.613785809523583
DW31240411302371,5.0,75.0,Large (≥60 lb),2.6821749230101775
DW31240411303690,2.0,75.0,Large (≥60 lb),2.4584083033108075
DW31240510804156,4.0,75.0,Large (≥60 lb),2.9914607101975084
DW31240510808823,1.5,75.0,Large (≥60 lb),2.357348673095907
DW31240510808863,6.0,75.0,Large (≥60 lb),2.5522635002591536
DW31240510809918,1.0,75.0,Large (≥60 lb),2.585067995582071
DW31240510810088,6.5,75.0,Large (≥60 lb),2.946686160026409
DW31240510809052,5.0,75.0,Large (≥60 lb),2.4494867427367124
DW31240411301109,9.0,75.0,Large (≥60 lb),1.700490920074909
DW31240411302266,4.0,75.0,Large (≥60 lb),1.9243545581723465
DW31240663105445,6.0,75.0,Large (≥60 lb),2.8135685595849793
DW31240411301753,3.0,75.0,Large (≥60 lb),1.6396750205911694
DW31240663105247,3.0,75.0,Large (≥60 lb),2.213563572528114
DW31240411301683,2.0,75.0,Large (≥60 lb),2.6040391746847096
DWO31240510809055,4.0,75.0,Large (≥60 lb),2.3806247522861073
DW31240663105273,1.0,75.0,Large (≥60 lb),1.3304186199780779
DW31240663106493,3.0,75.0,Large (≥60 lb),2.843105827422071
DW31240663106525,3.0,75.0,Large (≥60 lb),2.771611253101733
DW31240411303729,1.0,73.0,Large (≥60 lb),2.2597501971643585
DW31240510808978,1.25,73.0,Large (≥60 lb),1.9252625774703649
DW31240663105375,1.0,73.0,Large (≥60 lb),1.3110877015647355
DWO31240663105239,4.0,72.0,Large (≥60 lb),2.8897979072748643
DW31240663106432,1.0,72.0,Large (≥60 lb),1.6129791135536264
DW31240510809006,5.0,71.0,Large (≥60 lb),2.5315861796717503
DW31240411301787,2.5,70.0,Large (≥60 lb),2.484586139439741
DW31240411302336,3.0,70.0,Large (≥60 lb),2.714789287397998
DW31240411303354,3.0,70.0,Large (≥60 lb),1.6692007556528614
DW31240510808858,4.0,70.0,Large (≥60 lb),2.6902552219088665
DW31240510808874,5.0,70.0,Large (≥60 lb),2.785843701324062
DW31240510809870,13.0,70.0,Large (≥60 lb),2.7973391181086025
DW31240510809941,13.0,70.0,Large (≥60 lb),2.2672747195504503
DW31240510802790,11.0,70.0,Large (≥60 lb),2.8555699065427893
DW31240510802822,3.666666667,70.0,Large (≥60 lb),2.6953987219989726
DW31240510808944,2.0,70.0,Large (≥60 lb),2.1630544480241345
DW31240510809094,1.0,70.0,Large (≥60 lb),2.4918368076074753
DWO31240510806494,5.0,70.0,Large (≥60 lb),2.2632431562943447
DW31240663105449,1.166666667,70.0,Large (≥60 lb),1.2739133308591606
DW31240411301620,1.25,70.0,Large (≥60 lb),2.4706392626325546
DW31240510807791,5.0,70.0,Large (≥60 lb),2.858226981073959
DW31240510810424,1.0,70.0,Large (≥60 lb),2.5560338248928365
DW31240663106550,2.0,70.0,Large (≥60 lb),2.6499781285974375
DW31240663105306,3.0,70.0,Large (≥60 lb),2.067812528765897
DW31240663105492,4.0,70.0,Large (≥60 lb),2.468809718966162
DW31240510810091,7.0,69.0,Large (≥60 lb),1.5929699116137421
DW31240411303877,2.0,69.0,Large (≥60 lb),0.5077188234036182
DWO31240510809039,3.0,68.0,Large (≥60 lb),2.48693846861619
DW31231210401824,1.0,67.0,Large (≥60 lb),1.6457621431981637
DW31240411302398,1.5,67.0,Large (≥60 lb),2.4819245707399826
DW31240510808907,11.0,67.0,Large (≥60 lb),1.689054142878863
DW31240510809858,1.0,67.0,Large (≥60 lb),0.4946783410531348
DW31240510806767,1.25,67.0,Large (≥60 lb),2.582208762090127
DW31240663105228,4.0,67.0,Large (≥60 lb),1.8237692235075984
DW31240663106356,8.5,67.0,Large (≥60 lb),2.4032903994528363
DW31240510805118,1.5,66.0,Large (≥60 lb),2.4209849783646704
DW31240510809993,6.0,66.0,Large (≥60 lb),0.5715568333654113
DW31240510810087,4.0,66.0,Large (≥60 lb),2.682892440228349
DW31240411301611,7.0,65.0,Large (≥60 lb),2.440891287052079
DW31240411301852,6.0,65.0,Large (≥60 lb),2.956245379613247
DW31240411302306,10.0,65.0,Large (≥60 lb),2.686774626142721
DW31240510802062,7.0,65.0,Large (≥60 lb),0.7020924378044303
DW31240510804189,1.0,65.0,Large (≥60 lb),1.7339433037080283
DW31240510805117,4.0,65.0,Large (≥60 lb),2.4989564130843274
DW31240510808827,1.0,65.0,Large (≥60 lb),2.0058457130583536
DW31240510810115,6.0,65.0,Large (≥60 lb),0.6705576627880763
DW31240510802955,3.0,65.0,Large (≥60 lb),2.6710645309150904
DW31240510809118,2.0,65.0,Large (≥60 lb),2.291725701743642
DW31240510806745,2.0,65.0,Large (≥60 lb),2.2929579743345405
DW31240510806670,5.0,65.0,Large (≥60 lb),2.7324791194574947
DW31240411303830,5.0,65.0,Large (≥60 lb),2.690027603346426
DW31240663105270,1.25,65.0,Large (≥60 lb),2.006959764083814
DW31240411301717,2.0,65.0,Large (≥60 lb),2.6284262281222337
DW31240510806778,1.666666667,65.0,Large (≥60 lb),2.509403546841347
DW31240663105209,9.0,65.0,Large (≥60 lb),2.0729477982412674
DW31240510810085,1.0,65.0,Large (≥60 lb),1.7430010646067147
DW31240663105257,4.0,65.0,Large (≥60 lb),2.292211451883975
DW31240663105256,16.0,65.0,Large (≥60 lb),2.927813886444903
DWO31240663105309,3.0,65.0,Large (≥60 lb),1.6960849740574884
DW31240411301891,6.0,64.0,Large (≥60 lb),2.912300157309574
DW31240411303379,2.0,64.0,Large (≥60 lb),2.5891743645551446
DW31240411302293,3.5,63.0,Large (≥60 lb),2.5576589611486495
DW31240510808159,7.0,63.0,Large (≥60 lb),2.731222458306346
DW31240510802820,1.75,63.0,Large (≥60 lb),2.5152505533351803
DW31240411301829,1.5,63.0,Large (≥60 lb),0.9564453999017887
DW31240411302424,4.0,62.0,Large (≥60 lb),2.11231030186803
DW31240510806693,7.0,62.0,Large (≥60 lb),2.5532749210987467
DWO31240663105418,8.0,62.0,Large (≥60 lb),2.736601455956632
DW31240663105479,2.0,62.0,Large (≥60 lb),1.7821382232254384
DW31240663106496,4.0,62.0,Large (≥60 lb),2.4074186370104065
DW31240510809868,1.5,61.0,Large (≥60 lb),1.188571127571226
DW31240411301697,13.0,61.0,Large (≥60 lb),2.7898056174050976
DW31240510806756,9.5,61.0,Large (≥60 lb),2.3074384706977944
DW31240510802853,3.0,60.4,Large (≥60 lb),2.7739100048190632
DW31240411301724,5.5,60.0,Large (≥60 lb),2.7116262675936444
DW31240411302297,1.0,60.0,Large (≥60 lb),1.7928203279305361
DW31240411302401,1.0,60.0,Large (≥60 lb),1.8704866065760972
DW31240411303646,2.5,60.0,Large (≥60 lb),2.4078319708303066
DW31240510804176,2.0,60.0,Large (≥60 lb),2.4762564776683043
DW31240510805113,3.0,60.0,Large (≥60 lb),2.342910892329589
DW31240510802899,4.0,60.0,Large (≥60 lb),2.6932895317955885
DW31240510809112,1.0,60.0,Large (≥60 lb),2.6931185519019323
DW31240510806620,2.0,60.0,Large (≥60 lb),2.6648621715331253
DW31240411301121,2.0,60.0,Large (≥60 lb),2.230799460875905
DW31240411301634,3.0,60.0,Large (≥60 lb),2.6324654192324175
DW31240411301682,6.0,60.0,Large (≥60 lb),2.0348784746795845
DW31240663105432,1.0,60.0,Large (≥60 lb),2.690019215129048
DW31240663106340,1.25,60.0,Large (≥60 lb),2.318721461228552
DW31240663106342,2.0,60.0,Large (≥60 lb),2.715743786613445
DW31240663106538,1.833333333,60.0,Large (≥60 lb),0.22342952160440074
DW31240663106322,1.0,60.0,Large (≥60 lb),2.6807496327394045
DW31240663106387,1.0,60.0,Large (≥60 lb),2.0325343317098263
DW31240663106473,4.0,60.0,Large (≥60 lb),2.0709994204489446
DW31240663105312,6.0,60.0,Large (≥60 lb),2.794725547345751
DW31240663106421,4.0,60.0,Large (≥60 lb),2.428497240945948
DWO31240663105208,5.0,60.0,Large (≥60 lb),2.551119245420472
DWO31240411301652,3.5,59.0,Medium (20–<60 lb),2.113134771607368
DW31240510805111,1.166666667,58.0,Medium (20–<60 lb),2.03435806422746
DW31240510809961,6.0,58.0,Medium (20–<60 lb),2.2708371652988544
DW31240510802824,5.5,58.0,Medium (20–<60 lb),2.271967164876155
DW31240510802010,1.0,58.0,Medium (20–<60 lb),2.0801767450586195
DW31240510805126,2.0,58.0,Medium (20–<60 lb),1.418810478284989
DW31240411301100,12.0,57.5,Medium (20–<60 lb),2.492268832615041
DW31240411303593,1.0,57.0,Medium (20–<60 lb),2.026595422738135
DW31240510801994,5.0,57.0,Medium (20–<60 lb),2.0722814782591774
DW31240510808836,5.0,57.0,Medium (20–<60 lb),2.5258555726256513
DW31240510808945,8.0,57.0,Medium (20–<60 lb),2.6657576190267913
DW31240510809084,2.5,57.0,Medium (20–<60 lb),1.885627685950672
DW31240411302423,7.0,56.0,Medium (20–<60 lb),2.294712009501038
DW31240510802972,1.5,56.0,Medium (20–<60 lb),0.8602871055906861
DW31240510809988,1.0,56.0,Medium (20–<60 lb),1.6987015755933272
DW31240510809029,1.0,56.0,Medium (20–<60 lb),0.9685534505642066
DW31240411301798,6.0,56.0,Medium (20–<60 lb),2.8934908359135325
DW31240663106435,1.5,56.0,Medium (20–<60 lb),2.838886314514188
DW31240411302178,3.833333333,55.0,Medium (20–<60 lb),2.28683672801633
DW31240411302202,1.5,55.0,Medium (20–<60 lb),1.4484410380409327
DW31240411302276,11.0,55.0,Medium (20–<60 lb),2.9908339125329055
DW31240411302281,14.0,55.0,Medium (20–<60 lb),3.045428736458772
DW31240411302372,7.0,55.0,Medium (20–<60 lb),2.861546030071514
DW31240411303806,2.0,55.0,Medium (20–<60 lb),2.024959371476886
DW31240510802992,1.0,55.0,Medium (20–<60 lb),2.9801290695304785
DW31240510803391,4.0,55.0,Medium (20–<60 lb),1.7837493165746192
DW31240510805136,3.0,55.0,Medium (20–<60 lb),1.7494899721225528
DW31240510809955,1.5,55.0,Medium (20–<60 lb),2.16618102139648
DW31240510810104,10.0,55.0,Medium (20–<60 lb),1.94474071399616
DW31240510802925,1.0,55.0,Medium (20–<60 lb),2.5492268364297184
DW31240510802926,3.0,55.0,Medium (20–<60 lb),2.8458735256711636
DW31240510802976,11.0,55.0,Medium (20–<60 lb),2.42930921534409
DW31240510806606,2.0,55.0,Medium (20–<60 lb),2.4161384846879113
DWO31240510808908,7.0,55.0,Medium (20–<60 lb),2.412730244310755
DW31240510806676,3.0,55.0,Medium (20–<60 lb),2.284221243574574
DWO31240411301707,4.0,55.0,Medium (20–<60 lb),1.5923281477298545
DW31240411301688,5.0,55.0,Medium (20–<60 lb),2.753446213299117
DW31240663106444,1.0,55.0,Medium (20–<60 lb),1.9610603107825726
DWO31240663105406,10.0,55.0,Medium (20–<60 lb),2.843646696425651
DW31240663106370,10.0,55.0,Medium (20–<60 lb),2.8029600304678843
DW31240411301875,3.0,55.0,Medium (20–<60 lb),1.767840869216652
DW31240663106467,1.0,55.0,Medium (20–<60 lb),2.175319577760783
DW31240510808903,2.5,55.0,Medium (20–<60 lb),0.7819588436656386
DW31240411302351,2.0,54.0,Medium (20–<60 lb),1.6955746157470557
DW31240411303787,1.0,54.0,Medium (20–<60 lb),2.8695337296572725
DW31240411301881,5.0,54.0,Medium (20–<60 lb),2.4274780839379426
DW31240663106328,2.0,54.0,Medium (20–<60 lb),2.5071438256904544
DW31240510808821,10.0,53.0,Medium (20–<60 lb),2.774688135320784
DW31240510808952,3.0,53.0,Medium (20–<60 lb),2.2023877162491883
DW31240510806392,1.0,53.0,Medium (20–<60 lb),2.1557059961571436
DW31240510802975,6.0,53.0,Medium (20–<60 lb),2.815486125166216
DW31240510806562,3.0,53.0,Medium (20–<60 lb),2.754602838676321
DW31240663106443,2.0,53.0,Medium (20–<60 lb),2.1568024860291803
DW31240663106477,3.0,53.0,Medium (20–<60 lb),2.812442745106593
DW31240663106446,1.0,53.0,Medium (20–<60 lb),2.3495061979587097
DW31240663106475,1.0,53.0,Medium (20–<60 lb),2.778156880803828
DW31240411303779,5.0,52.0,Medium (20–<60 lb),2.6271108288751965
DW31240510804184,3.0,52.0,Medium (20–<60 lb),2.4127757956022364
DW31240411301899,2.0,52.0,Medium (20–<60 lb),1.0520951497359037
DW31240510806578,6.0,52.0,Medium (20–<60 lb),2.7391184209428157
DW31240411301111,3.0,52.0,Medium (20–<60 lb),2.558130525881712
DWO31240663105390,3.0,52.0,Medium (20–<60 lb),2.639125014614345
DW31240663106527,14.0,52.0,Medium (20–<60 lb),2.6053802437973044
DW31240510805143,1.0,51.0,Medium (20–<60 lb),2.6092954808319337
DW31240510809966,1.0,51.0,Medium (20–<60 lb),2.1839982103957887
DW31240411301889,1.0,51.0,Medium (20–<60 lb),1.2664822537279068
DW31240663106472,1.666666667,51.0,Medium (20–<60 lb),2.374503406384323
DW31240411301677,10.0,50.0,Medium (20–<60 lb),2.5957919718527767
DW31240411301743,11.0,50.0,Medium (20–<60 lb),2.933002209805223
DW31240411303757,4.0,50.0,Medium (20–<60 lb),2.5234019051817342
DW31240411303786,2.0,50.0,Medium (20–<60 lb),2.9571749484684
DW31240411303869,2.0,50.0,Medium (20–<60 lb),2.737738416611549
DW31240510803392,2.0,50.0,Medium (20–<60 lb),0.3121977548202792
DW31240510805137,3.0,50.0,Medium (20–<60 lb),1.6971648786020015
DW31240510805357,1.0,50.0,Medium (20–<60 lb),1.6602291830178122
DW31240510809860,6.0,50.0,Medium (20–<60 lb),2.9274689361212114
DW31240510809915,1.0,50.0,Medium (20–<60 lb),2.6896770628224473
DW31240510809978,7.0,50.0,Medium (20–<60 lb),2.511124393652895
DW31240510809990,1.0,50.0,Medium (20–<60 lb),2.510016491290513
DW31240510802891,2.0,50.0,Medium (20–<60 lb),2.7941349061210645
DW31240510809010,2.0,50.0,Medium (20–<60 lb),2.4412525317430136
DW31240510805150,1.166666667,50.0,Medium (20–<60 lb),2.419724169618363
DW31240510808997,2.0,50.0,Medium (20–<60 lb),2.8343276974564002
DWO31240510802087,1.0,50.0,Medium (20–<60 lb),2.463888576112908
DW31240510802942,7.0,50.0,Medium (20–<60 lb),2.8211318641033913
DW31240510806532,10.0,50.0,Medium (20–<60 lb),1.9996356691578405
DW31240663105450,1.0,50.0,Medium (20–<60 lb),1.0782920986494449
DW31240663105473,7.0,50.0,Medium (20–<60 lb),2.094234006773474
DW31240411301696,2.0,50.0,Medium (20–<60 lb),1.9016840300303357
DW31240663105383,2.0,50.0,Medium (20–<60 lb),2.981535879746969
DW31240663105384,1.5,50.0,Medium (20–<60 lb),2.098989990143658
DW31240663105024,1.0,50.0,Medium (20–<60 lb),1.8718149081748632
DW31240663106440,1.166666667,50.0,Medium (20–<60 lb),2.5145752668711787
DW31240510808946,8.0,50.0,Medium (20–<60 lb),2.355677135361212
DW31240663105249,1.0,50.0,Medium (20–<60 lb),2.642240914064244
DW31240663106318,2.0,50.0,Medium (20–<60 lb),2.3951170079507236
DW31240663106463,1.0,50.0,Medium (20–<60 lb),2.526884955180602
DW31240663106535,12.0,50.0,Medium (20–<60 lb),2.6350582256344266
DW31240510802043,2.0,50.0,Medium (20–<60 lb),1.3183441146217525
DW31240510806701,1.0,49.5,Medium (20–<60 lb),0.7633824589997809
DW31240510809046,1.833333333,49.0,Medium (20–<60 lb),2.3964671856929907
DW31240663105278,4.0,49.0,Medium (20–<60 lb),2.7323622761885904
DW31240411301758,2.5,48.0,Medium (20–<60 lb),1.428697533310585
DW31240411303475,1.0,48.0,Medium (20–<60 lb),2.4420717873623214
DW31240411303741,1.0,48.0,Medium (20–<60 lb),2.4585796616285442
DW31240510802134,1.0,48.0,Medium (20–<60 lb),1.6080154349868176
DW31240510809862,4.0,48.0,Medium (20–<60 lb),2.7116212471324
DW31240510809886,1.0,48.0,Medium (20–<60 lb),2.0548538545934694
DW31240510809892,11.0,48.0,Medium (20–<60 lb),3.0584775197512633
DW31240510810426,3.0,48.0,Medium (20–<60 lb),2.009802087620495
DW31240663105397,4.0,48.0,Medium (20–<60 lb),2.311698197418755
DW31240663106545,3.0,48.0,Medium (20–<60 lb),2.579969175223639
DW31240510806785,9.0,48.0,Medium (20–<60 lb),2.3780432890621843
DWO31240510808913,1.0,48.0,Medium (20–<60 lb),2.2305878778863133
DW31240663106559,2.0,48.0,Medium (20–<60 lb),2.60682777068208
DW31240663105370,3.0,47.8,Medium (20–<60 lb),2.099693848670936
DW31240411301824,3.0,47.0,Medium (20–<60 lb),2.9427294073279553
DW31240411302273,1.0,47.0,Medium (20–<60 lb),2.320061173092628
DW31240510805135,2.0,47.0,Medium (20–<60 lb),2.337563898261563
DW31240510802943,2.0,47.0,Medium (20–<60 lb),2.8550190984387975
DW31240510806700,10.0,47.0,Medium (20–<60 lb),1.0176292415192074
DW31240510806761,1.5,47.0,Medium (20–<60 lb),2.308280448415391
DW31240663106436,3.0,47.0,Medium (20–<60 lb),2.260894836549084
DW31240411301883,5.0,46.0,Medium (20–<60 lb),2.2933700056076307
DW31240510809997,2.0,46.0,Medium (20–<60 lb),2.59912310471506
DW31240510807785,1.0,46.0,Medium (20–<60 lb),2.4464773654959204
DW31240411301661,2.0,46.0,Medium (20–<60 lb),1.8665763427452768
DW31240411302201,1.5,45.0,Medium (20–<60 lb),1.0307212994377202
DW31240411302275,11.0,45.0,Medium (20–<60 lb),2.9324286510025472
DW31240411303723,7.0,45.0,Medium (20–<60 lb),2.2379281750963034
DW31240411303808,1.5,45.0,Medium (20–<60 lb),1.8644938310133299
DW31240510804192,2.0,45.0,Medium (20–<60 lb),1.7254405385600726
DW31240510806472,2.0,45.0,Medium (20–<60 lb),2.0388827355361094
DW31240510808607,6.0,45.0,Medium (20–<60 lb),2.7773627994948606
DW31240510809940,1.0,45.0,Medium (20–<60 lb),0.6813531471329354
DW31240510809983,1.5,45.0,Medium (20–<60 lb),1.9749503846867513
DW31240510810029,1.0,45.0,Medium (20–<60 lb),1.881340920118561
DW31240510810100,1.5,45.0,Medium (20–<60 lb),2.288912036080355
DW31240510809100,12.0,45.0,Medium (20–<60 lb),2.367154752230852
DW31240510808939,1.0,45.0,Medium (20–<60 lb),2.2094183565816925
DW31240510806762,5.0,45.0,Medium (20–<60 lb),2.855579789580225
DW31240663105423,6.0,45.0,Medium (20–<60 lb),2.6493805578765905
DW31240411301752,8.0,45.0,Medium (20–<60 lb),2.246187726740636
DW31240663105224,2.0,45.0,Medium (20–<60 lb),2.645536730768297
DW31240663106539,4.0,45.0,Medium (20–<60 lb),2.9482204004560955
DW31240663105258,3.0,45.0,Medium (20–<60 lb),2.235053732411729
DW31240663106551,1.0,45.0,Medium (20–<60 lb),2.7690017924308146
DWO31240663105253,9.0,45.0,Medium (20–<60 lb),2.8082000664808167
DW31240411301801,1.0,45.0,Medium (20–<60 lb),2.7273931003278484
DW31240510806731,11.0,45.0,Medium (20–<60 lb),1.9281731052407225
DW31240411301780,1.0,44.0,Medium (20–<60 lb),1.9523799673541316
DW31240510807733,2.0,44.0,Medium (20–<60 lb),1.133810903272114
DW31240510810064,11.0,44.0,Medium (20–<60 lb),2.584293990771391
DW31240663105413,8.0,44.0,Medium (20–<60 lb),2.730097240996908
DW31240510808846,6.0,43.0,Medium (20–<60 lb),2.875426746723145
DW31240510802944,2.0,43.0,Medium (20–<60 lb),2.526539430951735
DW31240411302387,2.0,42.0,Medium (20–<60 lb),2.7044116365662902
DW31240510804140,3.666666667,42.0,Medium (20–<60 lb),2.2140324183167475
DW31240510802855,2.0,42.0,Medium (20–<60 lb),1.5646756569835072
DW31240510802906,6.0,42.0,Medium (20–<60 lb),2.908843757355537
DW31240411301066,3.0,42.0,Medium (20–<60 lb),2.66043279364987
DWO31240510809019,1.0,42.0,Medium (20–<60 lb),2.470498148674964
DW31240510808924,4.0,42.0,Medium (20–<60 lb),2.024048742886826
DW31240510802789,1.083333333,41.4,Medium (20–<60 lb),1.2121611163999708
DW31240510805704,2.0,41.0,Medium (20–<60 lb),2.3493265603491644
DW31240510806109,1.5,41.0,Medium (20–<60 lb),2.405877929512249
DWO31240663106481,1.25,41.0,Medium (20–<60 lb),3.0176858047346222
DW31240411302218,9.0,40.0,Medium (20–<60 lb),2.3085603448209366
DW31240411302389,3.0,40.0,Medium (20–<60 lb),3.1071013065846387
DW31240510807788,15.0,40.0,Medium (20–<60 lb),2.4601499290259685
DW31240510808839,1.0,40.0,Medium (20–<60 lb),2.7061884402169962
DW31240510809037,4.0,40.0,Medium (20–<60 lb),2.8238348855395827
DW31240411301097,4.0,40.0,Medium (20–<60 lb),2.4878798543862977
DW31240411301734,9.0,40.0,Medium (20–<60 lb),2.589291420351591
DW31240411301144,4.0,40.0,Medium (20–<60 lb),2.5832910484483333
DW31240411301664,6.0,40.0,Medium (20–<60 lb),2.231225535079939
DW31240663106502,3.0,40.0,Medium (20–<60 lb),2.6116524372286003
DW31240510806535,6.0,40.0,Medium (20–<60 lb),1.4337728691464602
DW31240510806615,1.5,39.4,Medium (20–<60 lb),1.7523293266166944
DW31240663106549,5.0,39.2,Medium (20–<60 lb),1.4349306876923227
DW31240411302369,15.0,38.0,Medium (20–<60 lb),2.915292872601599
DW31240510810011,1.5,38.0,Medium (20–<60 lb),2.1939705062100052
DW31240510810061,1.333333333,38.0,Medium (20–<60 lb),2.703444088318674
DW31240510809015,1.166666667,38.0,Medium (20–<60 lb),2.3821445057593182
DW31240663106543,2.0,38.0,Medium (20–<60 lb),2.5095369307212656
DW31240510808914,6.0,37.0,Medium (20–<60 lb),2.760581524899152
DW31240510802897,4.0,37.0,Medium (20–<60 lb),2.6696830870059562
DWO31240663106480,5.0,37.0,Medium (20–<60 lb),2.694379434004845
DW31240510802894,1.5,36.0,Medium (20–<60 lb),2.138301816531163
DW31240663105251,1.5,36.0,Medium (20–<60 lb),2.6893178147541876
DW31240663105290,1.0,36.0,Medium (20–<60 lb),2.3868836518595566
DW31240663106488,10.0,36.0,Medium (20–<60 lb),2.3900220203417395
DW31240663105419,8.0,35.4,Medium (20–<60 lb),2.752022779860621
DW31240411301746,2.0,35.0,Medium (20–<60 lb),2.8449826607220983
DW31240411301867,1.0,35.0,Medium (20–<60 lb),1.9605503127224146
DW31240411303312,1.166666667,35.0,Medium (20–<60 lb),2.5322417256622605
DW31240411303712,4.0,35.0,Medium (20–<60 lb),2.7866294235182703
DW31240663105424,5.0,35.0,Medium (20–<60 lb),1.8528807348522514
DW31240663106310,2.0,35.0,Medium (20–<60 lb),2.2754049594702597
DW31240663106478,10.0,35.0,Medium (20–<60 lb),2.820221679249181
DW31240663106495,3.0,35.0,Medium (20–<60 lb),2.544027548395866
DW31240663105327,1.0,35.0,Medium (20–<60 lb),2.77968206059068
DWO31240663105317,10.0,35.0,Medium (20–<60 lb),2.507044554799354
DW31240510806725,14.0,34.0,Medium (20–<60 lb),2.1274362725059235
DW31240411301782,1.5,32.0,Medium (20–<60 lb),2.8308966111412603
DW31240411302793,2.0,32.0,Medium (20–<60 lb),2.849315171593374
DW31240411303705,5.0,32.0,Medium (20–<60 lb),2.413882932141895
DW31240411304918,2.0,32.0,Medium (20–<60 lb),2.305556549800937
DW31240510807734,2.0,32.0,Medium (20–<60 lb),2.5554139360935575
DW31240411301641,4.0,32.0,Medium (20–<60 lb),2.2790372248948962
DW31240663105261,1.0,32.0,Medium (20–<60 lb),1.8108113279431377
DW31240663106353,1.0,32.0,Medium (20–<60 lb),2.148842422078748
DW31240411301078,7.0,31.0,Medium (20–<60 lb),2.2254788353157484
DW31240411302210,2.0,30.0,Medium (20–<60 lb),2.405485379274558
DW31240411302212,1.0,30.0,Medium (20–<60 lb),1.626644917198357
DW31240411302283,1.5,30.0,Medium (20–<60 lb),2.7646031553957906
DW31240510805140,1.0,30.0,Medium (20–<60 lb),2.4644725888651173
DW31240510806634,7.5,30.0,Medium (20–<60 lb),1.9264703845981543
DW31240510806738,7.0,30.0,Medium (20–<60 lb),2.7416908019226036
DW31240510808897,4.0,30.0,Medium (20–<60 lb),2.4755926099731727
DW31240411301738,13.5,30.0,Medium (20–<60 lb),2.2074060363005485
DW31240411301081,15.0,30.0,Medium (20–<60 lb),2.57002356355569
DW31240411301091,3.0,30.0,Medium (20–<60 lb),2.643695565974079
DW31240663106447,7.0,30.0,Medium (20–<60 lb),2.565882127121765
DWO31240510806565,1.0,30.0,Medium (20–<60 lb),2.6431143411377467
DW31240510808947,1.0,30.0,Medium (20–<60 lb),2.00302950412539
DW31240663106323,9.0,30.0,Medium (20–<60 lb),2.805872449009454
DW31240510807761,11.0,29.0,Medium (20–<60 lb),2.325787660391916
DW31240510802967,12.0,29.0,Medium (20–<60 lb),2.4594720076724346
DW31240663105378,8.0,29.0,Medium (20–<60 lb),2.9697258896841765
DW31240411303654,8.0,28.0,Medium (20–<60 lb),2.7268684729598616
DW31240510804145,8.0,28.0,Medium (20–<60 lb),2.4327133775257863
DW31240510809852,2.166666667,28.0,Medium (20–<60 lb),2.6279085064938386
DW31240663106459,12.0,28.0,Medium (20–<60 lb),2.695624538392046
DW31240411302279,1.25,27.0,Medium (20–<60 lb),1.1082541374337362
DW31240411303776,3.0,27.0,Medium (20–<60 lb),1.6217136218829746
DW31240510808867,1.0,27.0,Medium (20–<60 lb),1.298393312664895
DW31240411302253,7.0,26.0,Medium (20–<60 lb),2.6898991665395857
DW31240510809905,7.0,26.0,Medium (20–<60 lb),2.7323685692399757
DW31240663105234,3.0,26.0,Medium (20–<60 lb),2.5094864104465375
DW31240510810046,3.0,25.5,Medium (20–<60 lb),2.424226866914341
DW31240411302378,5.0,25.0,Medium (20–<60 lb),2.525984294128499
DW31240411303768,2.5,25.0,Medium (20–<60 lb),2.9409567407010337
DW31240510809912,11.0,25.0,Medium (20–<60 lb),2.9598888999736577
DW31240510810042,1.0,25.0,Medium (20–<60 lb),2.081242819212551
DW31240510810436,1.5,25.0,Medium (20–<60 lb),2.286774217237325
DW31240510810421,2.0,25.0,Medium (20–<60 lb),2.4093741026534268
DW31240411301902,5.0,25.0,Medium (20–<60 lb),2.0389310300946266
DW31240510808894,2.0,25.0,Medium (20–<60 lb),2.4931141749561623
DW31240663106554,2.0,25.0,Medium (20–<60 lb),2.2474618169188645
DWO31240510806734,5.0,25.0,Medium (20–<60 lb),2.569086805866975
DW31240411301761,5.0,24.0,Medium (20–<60 lb),2.665941876354157
DW31240411302420,1.0,24.0,Medium (20–<60 lb),2.464155561747363
DW31240411303711,10.0,24.0,Medium (20–<60 lb),2.385666779238243
DW31240510808898,11.0,24.0,Medium (20–<60 lb),2.5414933815235847
DW31240510805115,1.5,23.0,Medium (20–<60 lb),2.391126563398988
DW31240510809985,10.0,23.0,Medium (20–<60 lb),2.540513165834522
DW31240510810053,11.0,23.0,Medium (20–<60 lb),1.7755978823412133
DW31240663106329,3.0,23.0,Medium (20–<60 lb),2.648217363440719
DW31240510808783,3.0,22.5,Medium (20–<60 lb),1.9425882013825406
DW31240510805161,5.0,22.0,Medium (20–<60 lb),2.8011023754083553
DW31240510802908,8.0,22.0,Medium (20–<60 lb),2.170978184344614
DW31240510810107,2.5,21.0,Medium (20–<60 lb),2.6501433675777895
DW31240510810109,13.0,21.0,Medium (20–<60 lb),2.3877639109847926
DW31240510808980,11.0,21.0,Medium (20–<60 lb),2.5616137754141217
DWO31240663105311,8.0,21.0,Medium (20–<60 lb),2.191194755169766
DW31240411301785,13.0,20.0,Medium (20–<60 lb),2.6276498190395596
DW31240411302271,2.5,20.0,Medium (20–<60 lb),2.4590541707081166
DW31240411302385,10.0,20.0,Medium (20–<60 lb),2.7403253902231177
DW31240411303782,6.0,20.0,Medium (20–<60 lb),2.801311994461982
DW31240510809973,3.0,20.0,Medium (20–<60 lb),2.1708409512448723
DW31240510802924,1.2,20.0,Medium (20–<60 lb),2.431646450596411
DW31240510808915,1.0,20.0,Medium (20–<60 lb),1.949830055966238
DWO31240510806776,1.0,20.0,Medium (20–<60 lb),2.37995677290491
DW31240663106416,11.0,20.0,Medium (20–<60 lb),1.9762173794633926
DWO31240663105433,10.0,20.0,Medium (20–<60 lb),3.0145948606230424
DW31240663106351,11.0,20.0,Medium (20–<60 lb),1.5368508409481612
DW31240510809056,5.0,19.5,Small (<20 lb),1.9377915994652708
DW31240411301745,11.0,19.0,Small (<20 lb),2.3753685618094584
DW31240411302261,4.0,19.0,Small (<20 lb),2.8045625400354153
DW31240411303684,2.0,19.0,Small (<20 lb),2.1133553945012866
DW31240663106396,1.166666667,19.0,Small (<20 lb),2.147925958672216
DW31240663106571,2.0,19.0,Small (<20 lb),2.2213623466233607
DW31240411301072,1.416666667,18.2,Small (<20 lb),2.8081176646610153
DW31240411302308,3.0,18.0,Small (<20 lb),2.521908007526127
DW31240510808861,13.0,18.0,Small (<20 lb),2.850189625342126
DW31240510809911,12.0,18.0,Small (<20 lb),1.9496610636903318
DWO31240510810420,4.0,18.0,Small (<20 lb),2.4778062843375936
DW31240510806569,1.0,18.0,Small (<20 lb),2.284790610180692
DW31240663105281,8.0,18.0,Small (<20 lb),2.603280962232286
DW31240663105398,2.0,18.0,Small (<20 lb),2.5994877445590943
DW31240510809067,12.0,18.0,Small (<20 lb),2.8142498070406483
DW31240411302223,13.0,17.4,Small (<20 lb),2.666208185550631
DW31240663106333,12.0,17.4,Small (<20 lb),2.574517444337086
DW31240411301588,6.0,17.0,Small (<20 lb),2.549486232915459
DW31240510808820,1.5,17.0,Small (<20 lb),2.031447692861223
DW31240510809996,8.0,17.0,Small (<20 lb),2.3005692910505093
DW31240510810047,2.0,17.0,Small (<20 lb),2.306408654128082
DW31240411301870,1.0,17.0,Small (<20 lb),2.671373028477216
DW31240411301075,2.0,17.0,Small (<20 lb),2.719480295863663
DWO31240663105277,7.0,17.0,Small (<20 lb),1.8896277954895273
DW31240663106515,6.0,17.0,Small (<20 lb),2.4092213747839333
DW31240510806673,13.5,16.8,Small (<20 lb),2.9532663181802845
DW31240510804147,10.0,16.0,Small (<20 lb),3.107828126825746
DW31240510809967,4.0,16.0,Small (<20 lb),2.6772213005554817
DW31240510810080,1.5,16.0,Small (<20 lb),2.8230761844223147
DW31240510809058,2.0,16.0,Small (<20 lb),1.271393454507526
DW31240510800240,4.0,16.0,Small (<20 lb),3.1450819626573185
DW31240510806581,7.0,16.0,Small (<20 lb),2.7314502365288877
DW31240411301714,1.0,16.0,Small (<20 lb),1.6984603561488991
DW31240411301632,1.0,16.0,Small (<20 lb),2.3453425959849556
DW31240663104963,1.0,16.0,Small (<20 lb),2.231661116672298
DW31240411302200,3.0,15.0,Small (<20 lb),2.4632685232452762
DW31240411302305,12.0,15.0,Small (<20 lb),2.5576670735364604
DW31240411303717,10.0,15.0,Small (<20 lb),2.171168977004658
DW31240510801996,4.0,15.0,Small (<20 lb),3.023888344307338
DW31240510802044,2.0,15.0,Small (<20 lb),2.295513978320268
DW31240510805129,1.0,15.0,Small (<20 lb),1.6682126895658254
DW31240510805132,3.0,15.0,Small (<20 lb),2.240554371778254
DW31240510808750,17.0,15.0,Small (<20 lb),2.794482982990103
DW31240510808873,14.0,15.0,Small (<20 lb),2.4121543494894913
DW31240510810097,1.0,15.0,Small (<20 lb),3.0270281926080296
DW31240510809021,9.0,15.0,Small (<20 lb),2.651359598452709
DW31240510806696,8.0,15.0,Small (<20 lb),2.749546195291063
DW31240663105380,2.0,15.0,Small (<20 lb),2.830205292945866
DW31240663105236,4.0,15.0,Small (<20 lb),2.538491472223412
DW31240411301655,4.0,15.0,Small (<20 lb),3.2268143934917495
DW31240663105499,5.0,15.0,Small (<20 lb),2.9093415678191463
DW31240663105320,3.0,15.0,Small (<20 lb),2.10144260027156
DW31240411302292,1.0,14.0,Small (<20 lb),1.9108022223437537
DW31240411302300,10.0,14.0,Small (<20 lb),2.6922673227192626
DW31240411302307,7.0,14.0,Small (<20 lb),3.1655548897331527
DW31240411302941,6.0,14.0,Small (<20 lb),2.2205588532122356
DW31240411303414,7.0,14.0,Small (<20 lb),2.4584455064520547
DW31240510805326,8.0,14.0,Small (<20 lb),2.8627984519495584
DW31240411301643,1.0,14.0,Small (<20 lb),2.589716027834988
DW31240510806509,7.0,14.0,Small (<20 lb),2.1712647682967376
DW31240663105403,8.0,14.0,Small (<20 lb),1.8671659919802481
DW31240663105301,2.0,14.0,Small (<20 lb),3.3292951427811843
DW31240411303315,4.0,13.5,Small (<20 lb),2.595285468003051
DW31240411302219,4.0,13.4,Small (<20 lb),2.569448293302849
DW31240411302963,8.0,13.0,Small (<20 lb),2.856394678599578
DW31240510805321,3.0,13.0,Small (<20 lb),2.7072890370488287
DW31240510807064,1.583333333,13.0,Small (<20 lb),2.1493888125210896
DW31240510810057,1.583333333,13.0,Small (<20 lb),2.7652934007420606
DW31240510806678,1.0,13.0,Small (<20 lb),2.6043529793938887
DW31240663106346,3.5,13.0,Small (<20 lb),2.5654201194917547
DWO31240663105213,17.0,13.0,Small (<20 lb),2.30732775197082
DWO31240663106349,2.0,13.0,Small (<20 lb),2.0913604734805773
DW31240663105255,6.0,13.0,Small (<20 lb),1.7481727094719253
DW31240663106461,11.0,13.0,Small (<20 lb),2.8059945415533023
DW31240510801601,6.0,13.0,Small (<20 lb),2.417468522744402
DW31240411302221,1.5,12.6,Small (<20 lb),2.2655313013411766
DW31240510805167,1.416666667,12.5,Small (<20 lb),2.2980789578658443
DW31240411301759,1.0,12.0,Small (<20 lb),2.623066140735936
DW31240411302339,7.0,12.0,Small (<20 lb),3.063127115890112
DW31240411302976,1.5,12.0,Small (<20 lb),2.3122539878746755
DW31240411303660,8.0,12.0,Small (<20 lb),2.7591746235559165
DW31240510807755,2.0,12.0,Small (<20 lb),2.816445676526767
DW31240510809071,8.0,12.0,Small (<20 lb),2.2605027447163084
DW31240510802029,6.0,12.0,Small (<20 lb),2.2814657138001513
DWO31240510806711,8.0,12.0,Small (<20 lb),2.551675616841151
DW31240411301660,7.0,12.0,Small (<20 lb),2.9664172973559153
DWO31240663106412,11.0,12.0,Small (<20 lb),2.417045279696939
DW31240663105242,2.0,12.0,Small (<20 lb),2.4585629697408686
DW31240510810028,8.583333333,11.6,Small (<20 lb),1.702493031614797
DW31240510810040,7.0,11.0,Small (<20 lb),2.9130634853504564
DW31240411301695,5.0,11.0,Small (<20 lb),2.2803400682107497
DW31240411301708,8.0,11.0,Small (<20 lb),2.7704406729177142
DW31240663105264,7.0,11.0,Small (<20 lb),2.6117685707082323
DW31240510808604,2.5,10.5,Small (<20 lb),2.7016653294307114
DW31240411303713,1.5,10.0,Small (<20 lb),2.533939266540314
DW31240411303760,11.0,10.0,Small (<20 lb),3.0896298458727474
DW31240510802803,11.0,10.0,Small (<20 lb),2.3813328393002435
DW31240510802883,4.0,10.0,Small (<20 lb),1.9822371553788247
DW31240510805317,8.0,10.0,Small (<20 lb),2.430285435324281
DW31240510807729,5.0,10.0,Small (<20 lb),2.455253002222221
DW31240510807748,9.0,10.0,Small (<20 lb),2.404797028926003
DW31240510809962,1.583333333,10.0,Small (<20 lb),2.968922287720136
DW31240510810037,1.0,10.0,Small (<20 lb),2.6401063280381827
DW31240510810077,5.0,10.0,Small (<20 lb),2.760911347355794
DW31240510802025,1.333333333,10.0,Small (<20 lb),2.3361111511987174
DW31240510809085,5.0,10.0,Small (<20 lb),2.5808862376157893
DW31240510802801,6.0,10.0,Small (<20 lb),2.6576717763563984
DW31240510806665,7.0,10.0,Small (<20 lb),2.7832802485003296
DW31240411301123,2.0,10.0,Small (<20 lb),2.76914793311825
DW31240663105470,3.0,10.0,Small (<20 lb),2.49579073618452
DW31240663105395,3.0,10.0,Small (<20 lb),2.654987925281009
DW31240663105469,5.0,10.0,Small (<20 lb),2.9869017422479103
DW31240411301799,1.083333333,10.0,Small (<20 lb),1.738081216904328
DW31240510805144,4.0,9.8,Small (<20 lb),1.4656172728153798
DW31240663106455,6.0,9.7,Small (<20 lb),2.387484550676938
DW31240510806516,13.0,9.0,Small (<20 lb),2.7922299100848735
DW31240411301076,2.0,9.0,Small (<20 lb),1.8272742322469615
DW31240411301820,1.0,8.8,Small (<20 lb),1.8913393186940273
DW31240663106500,14.0,8.5,Small (<20 lb),0.38061772242697994
DW31240411301715,2.0,8.5,Small (<20 lb),2.9174057267300477
DWO31240411301108,7.0,8.5,Small (<20 lb),2.651730684673162
DW31240510806496,6.0,8.0,Small (<20 lb),2.6477215064285327
DW31240510808902,2.5,8.0,Small (<20 lb),3.298296778663033
DW31240510809831,11.0,8.0,Small (<20 lb),2.0048715465044946
DW31240510808955,13.0,8.0,Small (<20 lb),2.357767102135568
DW31240510809958,6.0,7.8,Small (<20 lb),1.7191795300678958
DW31240663105388,5.0,7.8,Small (<20 lb),2.677577096119177
DW31240510802969,4.0,7.0,Small (<20 lb),2.360809964074725
DW31240663105318,13.0,7.0,Small (<20 lb),2.9187892120392154
DW31240510808932,1.083333333,7.0,Small (<20 lb),2.5002051227788704
DW31240510801969,9.0,5.0,Small (<20 lb),2.4849637498648915
DW31240510808882,10.0,4.5,Small (<20 lb),2.6230647685624224
DW31240510809959,5.0,3.0,Small (<20 lb),2.1387244390636386
