removed_order_label,nonzero_samples,prevalence,total_abundance
OFGB625,162,0.142857143,3.36183046
OFGB73433,106,0.093474427,1.314827265
OFGB4791,67,0.059082892,0.28049278
OFGB1021,51,0.044973545,0.23937044
OFGB7550,22,0.019400353,0.06880207
OFGB73473,15,0.013227513,0.0324365
OFGB1017,14,0.012345679,0.110189
OFGB4967,6,0.005291005,0.035275355
OFGB9016,5,0.004409171,0.07725
OFGB47718,5,0.004409171,0.03267134
OFGB1781,3,0.002645503,0.040004
OFGB47647,3,0.002645503,0.008527
OFGB26673,3,0.002645503,0.0060665
OFGB2401,3,0.002645503,0.0027305
OFGB12783,2,0.001763668,0.0162385
OFGB72586,2,0.001763668,0.005522
OFGB1207,1,0.000881834,0.0023935
OFGB75783,1,0.000881834,0.001709
OFGB658,1,0.000881834,0.001659355
OFGB47554,1,0.000881834,0.00118807
OFGB1380,1,0.000881834,0.000991
OFGB4196,1,0.000881834,0.000641