sample_id,dbscan_cluster
DW31240510808940,1
DW31240510804170,1
DW31240510808962,1
DW31240663105385,1
DW31240663106366,1
DW31240663106442,1
DW31240411302315,1
DW31240663106407,1
DW31240510810083,1
DW31240510802864,1
DW31240411301711,1
DW31240663105269,1
DW31240663106311,1
DW31240663106524,1
DW31240210306037,1
DW31240411301796,1
DW31240411301698,1
DWO31240663106373,1
DW31240510810009,1
DW31240663105474,1
DW31240510808852,1
DW31240411302368,1
DW31240510802793,1
DW31240411301722,1
DW31240663106403,1
DW31240411301104,1
DW31240510809885,1
DW31240510806567,1
DW31240510809893,1
DW31240411303645,1
DW31240510808954,1
DW31240510809045,1
DWO31240663105386,1
DW31240663105366,1
DW31240411301797,1
DW31240411303812,1
DW31240411301088,1
DW31240510806710,1
DW31240663106364,1
DW31240411302195,1
DW31240411303718,1
DW31240510809076,1
DW31240411301071,1
DW31240510809048,1
DW31240663105252,1
DW31240510802023,1
DW31240411301666,1
DW31240510808892,1
DW31240411303280,1
DW31240510806596,1
DW31240510809901,1
DW31240510801997,1
DW31240510810419,1
DW31240510809025,1
DW31240663106345,-1
DW31240411301740,1
DW31240411301627,1
DW31240510807739,1
DW31240510808862,1
DW31240411303815,1
DW31240510802998,1
DW31240663105410,1
DW31240411303838,1
DWO31240510801974,1
DW31240411301107,1
DW31240663105280,1
DW31240663105415,1
DW31240663105486,1
DW31240510809921,1
DW31240510802919,1
DW31240411303886,1
DW31240510805203,1
DW31240510807735,1
DW31240510808878,-1
DW31240510810072,1
DW31240510810084,1
DW31240510801225,1
DW31240510802991,1
DW31240411301136,1
DW31240411301629,1
