sample_id,age,weight,UMAP1,UMAP2,dbscan_cluster
DW31240510808865,5.0,170.0,12.700049,16.2236,0
DW31240510802107,1.0,166.0,5.3753285,9.697872,0
DW31240510806513,6.0,166.0,6.589583,14.317574,0
DW31240510806340,4.0,165.0,6.1320996,14.496626,0
DW31240663106415,3.0,165.0,11.488853,14.545714,0
DW31240663106534,3.0,160.0,10.592204,15.645372,0
DW31240411301893,4.0,155.0,6.8721676,13.913846,0
DW31240411301706,12.58333333,150.0,5.465008,12.95313,0
DW31240411303328,5.0,145.0,10.605354,16.154938,0
DW31240411302940,7.0,140.0,3.8381917,8.651861,0
DW31240510808940,7.0,132.0,8.456715,8.109276,1
DW31240510804170,4.0,130.0,8.263379,7.3408556,1
DW31240510808962,4.0,130.0,8.198736,7.3399563,1
DW31240663105385,1.5,130.0,7.6971016,7.5034537,1
DW31240663106366,2.5,126.0,7.556329,7.148819,1
DW31240510806779,1.416666667,125.0,9.976131,15.839809,0
DW31240510809960,1.0,124.0,7.799831,12.598346,0
DW31240411301675,3.0,120.0,11.81338,14.818888,0
DW31240510802858,1.0,120.0,5.8266444,14.518694,0
DW31240510809861,7.0,115.0,10.104516,12.519871,0
DW31240510810078,6.0,115.0,12.003498,16.261919,0
DW31240411301122,9.0,115.0,12.78094,16.211872,0
DW31240411302278,0.666666667,110.0,5.7582107,14.874837,0
DW31240663105437,4.0,110.0,5.7091255,14.832835,0
DW31240663106442,2.0,110.0,7.89066,7.6930914,1
DW31240510808964,4.0,109.0,5.3199487,14.153436,0
DW31240411302321,2.0,105.0,7.6656427,11.2416725,0
DW31240411303658,8.0,105.0,4.7655993,11.95693,0
DW31240510804851,2.0,105.0,11.890237,14.250871,0
DW31240510810051,3.0,105.0,9.412234,15.327992,0
DW31240411301833,2.0,105.0,10.305318,14.180321,0
DW31240510810090,5.0,105.0,9.894256,15.6791115,0
DW31240663105430,7.0,102.0,12.522527,16.136734,0
DW31240663106505,1.0,102.0,4.8699126,10.736001,0
DWO31240411301658,1.0,101.0,2.91506,9.812956,0
DW31240411301779,3.0,100.0,8.049425,14.320852,0
DW31240510810094,2.0,100.0,8.230481,14.1641445,0
DW31240510802889,1.0,100.0,7.4770927,12.842102,0
DW31240510809113,2.0,100.0,7.3220654,14.901338,0
DW31240663106474,9.0,100.0,7.686814,12.527743,0
DW31240663106533,3.0,100.0,8.371751,11.602883,0
DW31240663106504,1.5,100.0,10.898685,14.03179,0
DW31240663106510,9.5,99.0,11.614301,16.106646,0
DW31240510809919,5.0,98.0,8.271932,12.962992,0
DW31240510802982,2.0,97.0,5.3195195,13.874997,0
DW31240411301612,2.0,95.0,7.683215,11.282765,0
DW31240663106498,0.5,95.0,4.4664354,12.660272,0
DW31240510806704,1.0,95.0,6.1178637,14.342028,0
DW31240663105291,10.0,95.0,11.154127,15.547915,0
DW31240411302315,6.0,94.0,8.981928,8.277065,1
DW31240663106407,6.0,94.0,9.112709,7.877612,1
DW31240510808819,2.0,92.0,8.573655,15.058897,0
DW31240663105468,3.0,92.0,6.558455,14.560834,0
DW31231210401827,1.0,90.0,6.1615586,14.287308,0
DW31240510802828,5.0,90.0,12.334221,15.742582,0
DW31240411301680,1.5,90.0,10.8754,13.752799,0
DW31240663105400,9.0,90.0,11.501366,16.45402,0
DW31240411301693,3.0,90.0,11.2305355,14.3541355,0
DW31240510808996,2.0,90.0,3.0540624,10.881312,0
DW31240663105250,4.0,90.0,11.167417,14.671943,0
DW31240663105401,3.0,90.0,9.187911,15.493615,0
DWO31240663106363,2.0,90.0,8.187464,13.204934,0
DW31240663105464,1.0,90.0,5.5810194,14.098542,0
DW31240663106529,1.5,90.0,5.3336005,13.610462,0
DW31240411302224,3.5,89.0,6.962496,13.985146,0
DW31240510810055,6.0,88.0,12.953287,15.223581,0
DW31240510806531,1.333333333,88.0,6.046618,13.623838,0
DW31240663106528,9.0,88.0,11.426023,12.613668,0
DW31240411303842,7.0,85.0,11.449467,15.708667,0
DW31240510801995,10.0,85.0,7.492773,15.058918,0
DW31240510808883,3.0,85.0,7.351644,14.692416,0
DW31240510802977,1.0,85.0,4.3794,12.143514,0
DW31240411302974,5.0,85.0,9.566192,14.420199,0
DW31240411301730,7.0,85.0,11.552212,16.28759,0
DW31240663106404,2.0,85.0,5.940587,13.544897,0
DW31240510807756,7.0,84.0,12.459172,16.387373,0
DW31240510806768,3.0,82.0,6.20854,14.497945,0
DW31240411303316,11.0,81.0,12.5833845,13.504031,0
DW31240411303686,1.25,81.0,5.3367925,13.828594,0
DW31240510807732,2.0,81.0,9.3877945,14.416809,0
DW31240411303700,9.0,80.0,12.96246,14.611156,0
DW31240510802027,7.0,80.0,10.779413,16.409678,0
DW31240510807709,2.0,80.0,9.296043,15.295186,0
DW31240510808748,11.0,80.0,12.045562,14.241588,0
DW31240510809822,4.0,80.0,7.647761,14.13858,0
DW31240510809982,2.9,80.0,5.0368314,14.165051,0
DW31240510810058,3.0,80.0,12.026005,15.203008,0
DW31240510810083,12.0,80.0,8.624176,7.9732127,1
DW31240510802827,7.0,80.0,11.8807125,13.86872,0
DW31240510809073,7.0,80.0,12.373167,15.920864,0
DW31240510802864,5.0,80.0,8.419708,7.921479,1
DW31240411301711,3.0,80.0,9.114891,8.125935,1
DWO31240663105265,10.0,80.0,11.70039,13.517532,0
DW31240411302060,6.5,80.0,12.840794,15.417415,0
DW31240510806582,7.0,80.0,11.618656,14.911863,0
DW31240663105269,10.0,80.0,9.328571,7.8707542,1
DW31240663105475,8.0,80.0,11.809779,15.341288,0
DW31240510806674,8.0,80.0,10.833068,14.93868,0
DW31240411302291,9.5,79.0,12.111644,16.05169,0
DW31240510806455,1.75,78.0,5.4221087,13.679673,0
DW31240510806723,3.833333333,78.0,4.6568165,13.501588,0
DW31240411302379,1.5,76.0,3.9612286,10.799486,0
DW31240411302943,2.416666667,76.0,3.9816031,12.962772,0
DW31240510804406,4.0,76.0,7.976926,13.948497,0
DW31240510808971,10.0,76.0,11.479216,14.895896,0
DW31240510807067,4.0,76.0,11.878173,14.889938,0
DW31240411302217,4.0,75.0,7.8234544,15.282823,0
DW31240411302252,1.5,75.0,11.100918,16.213753,0
DW31240411302371,5.0,75.0,12.571271,15.107928,0
DW31240411303690,2.0,75.0,8.437645,14.376506,0
DW31240510804156,4.0,75.0,10.287937,14.174748,0
DW31240510808823,1.5,75.0,6.4015613,12.861081,0
DW31240510808863,6.0,75.0,6.583863,14.562976,0
DW31240510809918,1.0,75.0,6.7697864,12.962513,0
DW31240510810088,6.5,75.0,11.290812,16.337986,0
DW31240510809052,5.0,75.0,11.141121,14.378494,0
DW31240411301109,9.0,75.0,12.449525,12.8381815,0
DW31240411302266,4.0,75.0,5.3981166,12.421901,0
DW31240663105445,6.0,75.0,10.518458,14.801718,0
DW31240411301753,3.0,75.0,5.580066,14.475271,0
DW31240663105247,3.0,75.0,7.489044,13.577237,0
DW31240411301683,2.0,75.0,10.015503,14.518607,0
DW31240663106311,6.0,75.0,8.396778,7.4895763,1
DW31240663106506,0.666666667,75.0,6.0959334,13.472916,0
DW31240663106524,3.0,75.0,7.294408,7.4735894,1
DWO31240510809055,4.0,75.0,4.9224744,13.337583,0
DW31240663105273,1.0,75.0,3.8925931,10.885766,0
DW31240663106493,3.0,75.0,10.638555,16.4305,0
DW31240663106525,3.0,75.0,10.376935,14.555366,0
DW31240411303729,1.0,73.0,5.6470094,13.183286,0
DW31240510808978,1.25,73.0,7.442138,13.247428,0
DW31240663105375,1.0,73.0,4.113044,10.3862,0
DW31240510808871,0.833333333,72.0,5.8882656,9.846969,0
DWO31240663105239,4.0,72.0,8.1308365,13.860223,0
DW31240663106432,1.0,72.0,2.586871,10.773191,0
DW31240510809006,5.0,71.0,8.259187,14.688433,0
DW31240210306037,7.0,70.0,9.196255,8.080838,1
DW31240411301787,2.5,70.0,6.6803083,14.181605,0
DW31240411301796,3.0,70.0,7.6077614,7.417664,1
DW31240411302336,3.0,70.0,8.580034,14.175868,0
DW31240411303354,3.0,70.0,5.809985,14.240445,0
DW31240411304928,0.666666667,70.0,4.340749,11.304121,0
DW31240510805328,0.666666667,70.0,3.239524,11.139484,0
DW31240510808858,4.0,70.0,9.533639,14.085403,0
DW31240510808874,5.0,70.0,10.231057,15.948709,0
DW31240510809870,13.0,70.0,9.817936,14.072774,0
DW31240510809941,13.0,70.0,12.57525,14.220482,0
DW31240510802790,11.0,70.0,11.8882475,16.196608,0
DW31240510802822,3.666666667,70.0,10.794507,16.285542,0
DW31240510808944,2.0,70.0,5.491787,11.263063,0
DW31240510809094,1.0,70.0,7.1382704,13.898472,0
DWO31240510806494,5.0,70.0,9.952843,15.037105,0
DW31240663105449,1.166666667,70.0,4.488867,10.687875,0
DW31240411301620,1.25,70.0,5.605679,13.268546,0
DW31240510807791,5.0,70.0,10.936494,15.115653,0
DW31240510810424,1.0,70.0,6.9694977,13.076779,0
DW31240663106550,2.0,70.0,12.004828,14.455142,0
DW31240663105306,3.0,70.0,5.399295,11.908967,0
DW31240663105487,0.583333333,70.0,4.431765,11.942165,0
DW31240663105492,4.0,70.0,7.7785554,14.832236,0
DW31240510810091,7.0,69.0,12.004932,15.104474,0
DW31240411303877,2.0,69.0,4.5962987,8.748016,0
DW31240411301698,3.0,68.0,9.403173,7.8529305,1
DWO31240510809039,3.0,68.0,12.544572,15.569958,0
DW31231210401824,1.0,67.0,4.548607,10.433704,0
DW31240411302398,1.5,67.0,7.6137366,13.528621,0
DW31240510808907,11.0,67.0,12.329746,14.979648,0
DW31240510809858,1.0,67.0,3.9608963,13.012269,0
DW31240510807054,0.666666667,67.0,4.8554235,10.7628145,0
DW31240510806767,1.25,67.0,6.985615,11.791174,0
DW31240663105228,4.0,67.0,12.432403,15.168857,0
DW31240663106356,8.5,67.0,9.524711,13.659845,0
DW31240510805118,1.5,66.0,11.597182,13.640096,0
DW31240510809993,6.0,66.0,4.6191406,9.167975,0
DW31240510810087,4.0,66.0,9.839885,15.693781,0
DWO31240663106373,3.0,66.0,9.327082,7.8653517,1
DW31240411301611,7.0,65.0,7.1621737,14.850818,0
DW31240411301852,6.0,65.0,12.445724,15.945296,0
DW31240411302306,10.0,65.0,13.484602,15.016914,0
DW31240510802062,7.0,65.0,7.460942,11.727006,0
DW31240510804189,1.0,65.0,10.503421,14.4119215,0
DW31240510805117,4.0,65.0,7.6922393,14.883283,0
DW31240510808827,1.0,65.0,6.0969987,13.39385,0
DW31240510810009,2.0,65.0,8.347489,7.3131914,1
DW31240510810115,6.0,65.0,4.057131,11.061971,0
DW31240510802955,3.0,65.0,6.9575996,14.711792,0
DW31240510809118,2.0,65.0,9.455578,14.791628,0
DW31240510806745,2.0,65.0,9.7883835,14.779724,0
DW31240510806670,5.0,65.0,9.821534,14.632869,0
DW31240411303830,5.0,65.0,10.131751,16.249516,0
DW31240663105270,1.25,65.0,4.7109814,10.445551,0
DW31240663105474,8.0,65.0,9.153354,8.143366,1
DW31240411301717,2.0,65.0,9.305666,14.44837,0
DW31240510806778,1.666666667,65.0,6.6054606,13.092139,0
DW31240663105209,9.0,65.0,12.123626,15.045405,0
DW31240510810085,1.0,65.0,6.2569165,11.260999,0
DW31240663105257,4.0,65.0,5.3621078,14.38524,0
DW31240663105256,16.0,65.0,9.685271,14.255877,0
DWO31240663105309,3.0,65.0,8.240142,10.880802,0
DW31240510802857,0.666666667,65.0,4.522023,11.684967,0
DW31240411301891,6.0,64.0,11.22696,15.937676,0
DW31240411303379,2.0,64.0,10.408538,14.294443,0
DW31240411302187,0.75,63.0,7.8417993,13.343023,0
DW31240411302250,0.75,63.0,6.468123,13.065539,0
DW31240411302293,3.5,63.0,10.538746,15.782653,0
DW31240510808159,7.0,63.0,9.351072,14.497195,0
DW31240510808852,9.0,63.0,9.500235,7.729938,1
DW31240510802820,1.75,63.0,7.782301,13.740661,0
DW31240411301829,1.5,63.0,3.8297026,12.795747,0
DW31240411302424,4.0,62.0,10.227085,12.177965,0
DW31240411301754,0.916666667,62.0,3.7289937,12.099468,0
DW31240510806693,7.0,62.0,12.189434,15.056628,0
DWO31240663105418,8.0,62.0,12.600581,15.53246,0
DW31240663105479,2.0,62.0,3.8931339,10.942633,0
DW31240411301135,0.583333333,62.0,6.0253534,14.691294,0
DW31240663106496,4.0,62.0,4.515215,11.624264,0
DW31240510809868,1.5,61.0,5.479925,9.38278,0
DW31240411301697,13.0,61.0,11.131476,16.305914,0
DW31240510806756,9.5,61.0,5.569125,14.718906,0
DW31240510802853,3.0,60.4,7.091277,11.080014,0
DW31240411301724,5.5,60.0,12.277668,15.821446,0
DW31240411302297,1.0,60.0,5.3855,10.53759,0
DW31240411302368,0.666666667,60.0,7.3579283,7.272296,1
DW31240411302401,1.0,60.0,4.0889564,11.908773,0
DW31240411303646,2.5,60.0,6.7008348,14.854776,0
DW31240510804176,2.0,60.0,7.0950546,11.264771,0
DW31240510804195,0.833333333,60.0,6.312298,13.871518,0
DW31240510805113,3.0,60.0,9.677637,15.33229,0
DW31240510807776,0.5,60.0,11.005393,12.300216,0
DW31240510808603,0.5,60.0,4.3938136,11.407277,0
DW31240510809841,0.5,60.0,5.7066827,12.642243,0
DW31240510809938,0.75,60.0,2.5827935,10.42603,0
DW31240510802899,4.0,60.0,13.05793,15.357497,0
DW31240510809112,1.0,60.0,10.383157,14.299371,0
DW31240510802793,2.5,60.0,7.5256495,7.2148595,1
DW31240510806620,2.0,60.0,9.856306,14.042835,0
DW31240411301121,2.0,60.0,6.720906,11.872795,0
DW31240411301634,3.0,60.0,7.894627,14.523257,0
DW31240411301682,6.0,60.0,9.174416,15.427637,0
DW31240411301722,6.0,60.0,7.930349,7.78118,1
DW31240663105432,1.0,60.0,8.907607,13.846115,0
DW31240663106320,0.416666667,60.0,9.298179,11.497513,0
DW31240663106340,1.25,60.0,6.5393643,13.4371,0
DW31240663106342,2.0,60.0,11.896335,14.392521,0
DW31240663106538,1.833333333,60.0,3.336298,8.233966,0
DW31240663106322,1.0,60.0,9.770657,11.885454,0
DW31240663106387,1.0,60.0,7.265935,13.514696,0
DW31240663106473,4.0,60.0,10.749009,13.444208,0
DW31240663105312,6.0,60.0,6.0258527,13.821744,0
DW31240663106548,0.416666667,60.0,3.8661008,8.602454,0
DW31240663106421,4.0,60.0,7.959636,14.1535635,0
DWO31240663105208,5.0,60.0,11.870184,13.553204,0
DWO31240411301652,3.5,59.0,4.7374234,11.695318,0
DW31240510806621,0.5,59.0,3.8184257,8.543108,0
DW31240510805111,1.166666667,58.0,4.212363,10.6078205,0
DW31240510809961,6.0,58.0,12.226524,14.92022,0
DW31240510802824,5.5,58.0,13.066842,16.086613,0
DW31240510802010,1.0,58.0,11.837577,13.371785,0
DW31240510805126,2.0,58.0,5.3687143,13.924849,0
DW31240663106403,2.0,58.0,8.672699,8.165829,1
DW31240411301100,12.0,57.5,12.304775,15.210353,0
DW31240411303593,1.0,57.0,5.2563577,13.652531,0
DW31240510801994,5.0,57.0,10.083921,15.571811,0
DW31240510808836,5.0,57.0,4.7976937,11.170548,0
DW31240411301104,8.0,57.0,8.074493,8.052132,1
DW31240510808945,8.0,57.0,8.890109,11.142081,0
DW31240510809084,2.5,57.0,4.455498,10.372932,0
DW31240411302423,7.0,56.0,6.8417244,14.160158,0
DW31240510802972,1.5,56.0,4.3796196,8.440949,0
DW31240510809988,1.0,56.0,4.5968513,12.099142,0
DW31240510809029,1.0,56.0,4.3674507,8.480969,0
DW31240411301798,6.0,56.0,10.046217,15.835659,0
DW31240663106435,1.5,56.0,10.067714,12.024006,0
DW31240411302178,3.833333333,55.0,10.08009,15.117217,0
DW31240411302202,1.5,55.0,4.9790955,11.25753,0
DW31240411302276,11.0,55.0,13.649592,14.752191,0
DW31240411302281,14.0,55.0,11.386038,16.36539,0
DW31240411302298,0.75,55.0,7.476133,11.1742115,0
DW31240411302372,7.0,55.0,11.685191,14.534279,0
DW31240411302981,0.833333333,55.0,3.977733,11.764379,0
DW31240411303806,2.0,55.0,7.9088836,14.145882,0
DW31240510802992,1.0,55.0,8.810859,15.215782,0
DW31240510803391,4.0,55.0,4.9864364,14.050929,0
DW31240510805136,3.0,55.0,3.9705718,11.096337,0
DW31240510809955,1.5,55.0,6.4067183,10.889838,0
DW31240510809986,0.75,55.0,2.9891179,10.143419,0
DW31240510810104,10.0,55.0,8.550161,12.683253,0
DW31240510802925,1.0,55.0,7.0712643,9.885243,0
DW31240510802926,3.0,55.0,12.175887,16.097115,0
DW31240510802976,11.0,55.0,12.406646,15.6654825,0
DW31240510806606,2.0,55.0,10.543666,15.269655,0
DWO31240510808908,7.0,55.0,10.496096,12.079933,0
DW31240510806676,3.0,55.0,5.3185496,14.099691,0
DWO31240411301707,4.0,55.0,3.8515613,10.624376,0
DW31240411301688,5.0,55.0,10.8808775,13.041645,0
DW31240663105229,0.5,55.0,2.838548,10.646143,0
DW31240663106444,1.0,55.0,4.5175595,11.983849,0
DWO31240663105406,10.0,55.0,12.473699,16.179369,0
DW31240663106370,10.0,55.0,10.645471,15.477184,0
DW31240411301875,3.0,55.0,4.836999,10.405589,0
DW31240663106467,1.0,55.0,4.9254184,13.213426,0
DW31240510808903,2.5,55.0,5.920458,14.733167,0
DW31240663105299,0.833333333,55.0,7.39717,10.918967,0
DW31240411302351,2.0,54.0,5.31912,14.128359,0
DW31240411303787,1.0,54.0,7.030424,14.869172,0
DW31240411301881,5.0,54.0,10.815071,14.207775,0
DW31240663106439,0.75,54.0,10.567777,13.10938,0
DW31240663106328,2.0,54.0,6.4162407,12.76024,0
DW31240510809838,0.583333333,53.6,5.465406,12.543153,0
DW31240411302236,0.666666667,53.0,7.5627193,13.9999695,0
DW31240510807766,0.916666667,53.0,5.3905134,12.404044,0
DW31240510808821,10.0,53.0,10.659538,16.08402,0
DW31240510808952,3.0,53.0,11.707325,13.603877,0
DW31240510809885,10.0,53.0,9.349479,7.889404,1
DW31240510806392,1.0,53.0,7.905482,14.2296715,0
DW31240510802975,6.0,53.0,9.82022,14.336066,0
DW31240510806562,3.0,53.0,11.900765,16.22147,0
DW31240510806567,1.5,53.0,7.186974,7.073245,1
DW31240663106443,2.0,53.0,5.7261252,13.01876,0
DW31240663106477,3.0,53.0,10.654758,14.879792,0
DW31240663106446,1.0,53.0,10.567556,13.634111,0
DW31240663106475,1.0,53.0,7.439689,13.791241,0
DW31240411301822,0.666666667,52.5,5.6356034,12.385203,0
DW31240411303779,5.0,52.0,9.469239,14.961104,0
DW31240510804184,3.0,52.0,11.247852,15.419314,0
DW31240510802080,0.583333333,52.0,5.7595377,13.479052,0
DW31240411301899,2.0,52.0,2.961113,9.76578,0
DW31240510806578,6.0,52.0,12.266274,15.996161,0
DW31240411301111,3.0,52.0,6.492839,13.984445,0
DW31240663105394,0.5,52.0,8.22574,13.152134,0
DWO31240663105390,3.0,52.0,7.6120324,15.067657,0
DW31240663106527,14.0,52.0,8.064397,14.2497635,0
DW31240510805143,1.0,51.0,7.5976057,14.537476,0
DW31240510809893,6.0,51.0,8.474985,7.8996935,1
DW31240510809966,1.0,51.0,5.3602815,12.321723,0
DW31240411301889,1.0,51.0,4.625535,10.711943,0
DW31240663106472,1.666666667,51.0,10.537116,12.418606,0
DW31240411301677,10.0,50.0,11.811919,15.300668,0
DW31240411301743,11.0,50.0,12.815863,13.438632,0
DW31240411303645,6.0,50.0,8.333988,7.8881264,1
DW31240411303757,4.0,50.0,10.358241,14.054174,0
DW31240411303786,2.0,50.0,13.607779,14.804044,0
DW31240411303869,2.0,50.0,11.065282,15.461999,0
DW31240510803392,2.0,50.0,4.104564,8.812399,0
DW31240510805130,0.666666667,50.0,4.4233036,13.015012,0
DW31240510805137,3.0,50.0,5.072381,14.047679,0
DW31240510805147,0.416666667,50.0,6.53033,12.587995,0
DW31240510805357,1.0,50.0,4.601474,12.563486,0
DW31240510807749,0.833333333,50.0,6.429466,12.315905,0
DW31240510808835,0.625,50.0,8.571404,14.164314,0
DW31240510808954,2.0,50.0,8.324424,7.4186034,1
DW31240510809860,6.0,50.0,10.066433,12.540856,0
DW31240510809915,1.0,50.0,9.645278,14.277717,0
DW31240510809978,7.0,50.0,11.217188,14.749229,0
DW31240510809990,1.0,50.0,5.40311,13.054406,0
DW31240510810043,0.666666667,50.0,4.6880984,8.212361,0
DW31240510802891,2.0,50.0,10.769431,15.992764,0
DW31240510809010,2.0,50.0,4.863763,13.195872,0
DW31240510805150,1.166666667,50.0,10.74361,15.753061,0
DW31240510808997,2.0,50.0,10.042005,15.461626,0
DWO31240510802087,1.0,50.0,6.443642,14.59484,0
DW31240510802942,7.0,50.0,12.343508,16.051733,0
DW31240510806532,10.0,50.0,12.457491,13.088421,0
DW31240510806667,0.5,50.0,9.204005,11.234757,0
DW31240663105450,1.0,50.0,5.7293634,14.427266,0
DW31240663105473,7.0,50.0,6.7372513,13.321787,0
DW31240411301696,2.0,50.0,5.5514216,14.273644,0
DW31240510809045,0.5,50.0,7.58849,7.261888,1
DW31240663105383,2.0,50.0,10.473727,15.462133,0
DW31240663105384,1.5,50.0,9.788179,15.364189,0
DW31240411301624,0.5833,50.0,3.8838441,11.801998,0
DW31240411301720,0.583333333,50.0,6.3584003,12.809894,0
DW31240663105024,1.0,50.0,5.704844,12.8417015,0
DW31240663106440,1.166666667,50.0,6.1769285,12.766682,0
DW31240510808946,8.0,50.0,7.6647997,15.066685,0
DW31240663105249,1.0,50.0,10.057165,12.159649,0
DW31240663106318,2.0,50.0,7.0943785,13.799452,0
DW31240663105360,0.833333333,50.0,5.0027566,11.463798,0
DW31240663106463,1.0,50.0,8.423203,12.392631,0
DW31240663106535,12.0,50.0,11.554539,13.52041,0
DW31240510802043,2.0,50.0,4.6499443,8.605,0
DW31240663105198,0.833333333,50.0,4.4905376,10.337323,0
DW31240663105363,0.5,50.0,2.6097991,10.411615,0
DW31240663106526,0.583333333,50.0,5.3894544,12.3069105,0
DWO31240663105386,2.5,50.0,7.790871,7.5611987,1
DW31240411303749,0.75,49.5,5.7774816,13.865892,0
DW31240510806701,1.0,49.5,4.3649874,8.467276,0
DW31240510809046,1.833333333,49.0,7.8544035,13.870129,0
DW31240663105278,4.0,49.0,12.308104,12.731442,0
DW31240411301758,2.5,48.0,4.796998,11.642569,0
DW31240411303475,1.0,48.0,7.4604225,12.434631,0
DW31240411303741,1.0,48.0,9.723482,15.471344,0
DW31240510802134,1.0,48.0,5.2155905,9.401711,0
DW31240510809862,4.0,48.0,9.396574,14.255753,0
DW31240510809886,1.0,48.0,6.86995,13.170279,0
DW31240510809892,11.0,48.0,11.314066,16.441782,0
DW31240510810426,3.0,48.0,5.7269173,12.713115,0
DW31240510806546,0.75,48.0,7.965526,14.003128,0
DW31240663105397,4.0,48.0,8.005674,12.520605,0
DW31240663106545,3.0,48.0,6.324793,13.558236,0
DW31240510806785,9.0,48.0,11.085919,15.164074,0
DWO31240510808913,1.0,48.0,10.974457,12.19464,0
DW31240663106559,2.0,48.0,9.558809,13.558921,0
DW31240663106503,0.416666667,48.0,6.519449,12.915172,0
DW31240663105370,3.0,47.8,11.398979,13.881813,0
DW31240411301824,3.0,47.0,11.324058,15.566796,0
DW31240411302273,1.0,47.0,6.1616564,13.605118,0
DW31240510805135,2.0,47.0,8.02293,13.721843,0
DW31240510802943,2.0,47.0,7.618979,14.726858,0
DW31240510806700,10.0,47.0,13.050096,15.90494,0
DW31240510806761,1.5,47.0,6.179823,14.199382,0
DW31240663105366,0.75,47.0,7.383352,6.9836645,1
DW31240411301797,0.833333333,47.0,8.199229,7.3846064,1
DW31240663106436,3.0,47.0,7.730052,12.30299,0
DW31240411301883,5.0,46.0,7.7541213,15.039299,0
DW31240411303812,0.833,46.0,7.5869417,7.040921,1
DW31240510809997,2.0,46.0,8.194317,15.291189,0
DW31240510807785,1.0,46.0,6.447335,14.679386,0
DW31240411301088,0.416666667,46.0,7.654879,7.8061695,1
DW31240663105368,0.75,46.0,3.9974296,11.622641,0
DW31240510806710,1.0,46.0,7.3186607,7.548099,1
DW31240663106364,1.0,46.0,8.109606,7.4839444,1
DW31240411301661,2.0,46.0,5.080296,13.272174,0
DW31240411302182,0.583333333,45.0,4.740763,7.998724,0
DW31240411302195,11.0,45.0,9.283472,8.117338,1
DW31240411302197,0.5,45.0,7.3621387,14.507483,0
DW31240411302201,1.5,45.0,3.839051,11.568611,0
DW31240411302275,11.0,45.0,13.16268,14.667647,0
DW31240411302365,0.5,45.0,10.8515415,14.000517,0
DW31240411302946,0.75,45.0,7.5268035,12.481489,0
DW31240411303718,1.0,45.0,8.244058,7.556743,1
DW31240411303721,0.916666667,45.0,5.24847,11.337909,0
DW31240411303723,7.0,45.0,11.806207,13.459079,0
DW31240411303808,1.5,45.0,4.569353,12.108129,0
DW31240510804192,2.0,45.0,4.407446,11.586883,0
DW31240510806472,2.0,45.0,4.775481,13.011474,0
DW31240510808607,6.0,45.0,7.4617133,12.053284,0
DW31240510809940,1.0,45.0,4.0887947,8.798964,0
DW31240510809983,1.5,45.0,6.7707725,12.432632,0
DW31240510810029,1.0,45.0,5.8535547,9.806725,0
DW31240510810100,1.5,45.0,10.833791,12.297711,0
DW31240510809100,12.0,45.0,9.98196,13.311574,0
DW31240510808939,1.0,45.0,6.356461,12.163601,0
DW31240510809076,0.583333333,45.0,6.945559,6.76103,1
DW31240411301071,0.583333333,45.0,7.7311597,7.254585,1
DW31240510806762,5.0,45.0,12.536976,15.596493,0
DW31240411301073,0.833333333,45.0,3.7206392,11.70481,0
DW31240510809048,3.0,45.0,7.745063,7.182937,1
DW31240663104812,0.916666667,45.0,3.7940948,12.309087,0
DW31240663105423,6.0,45.0,10.879646,16.188427,0
DW31240411301752,8.0,45.0,11.258413,13.034253,0
DW31240663105224,2.0,45.0,10.743833,12.196204,0
DW31240663105425,0.583333333,45.0,10.755653,13.145748,0
DW31240663106539,4.0,45.0,12.081496,15.902151,0
DW31240663105258,3.0,45.0,9.08471,14.952116,0
DW31240411301115,0.416666667,45.0,7.099244,12.426395,0
DW31240663105480,0.916666667,45.0,4.936557,11.063888,0
DW31240663106451,0.5,45.0,5.3065367,11.890345,0
DW31240663106551,1.0,45.0,9.575402,14.237086,0
DWO31240663105253,9.0,45.0,10.481028,16.267582,0
DW31240411301801,1.0,45.0,10.738685,16.201447,0
DW31240510806731,11.0,45.0,11.928261,13.494949,0
DW31240663105252,1.0,45.0,7.079886,6.87049,1
DW31240510805322,0.75,45.0,6.458724,9.60393,0
DW31240411301780,1.0,44.0,3.56416,10.5179405,0
DW31240510802023,0.541666667,44.0,8.276706,7.835308,1
DW31240510807733,2.0,44.0,3.9095438,10.56571,0
DW31240510810064,11.0,44.0,13.017221,14.683952,0
DW31240663105413,8.0,44.0,11.32165,14.667882,0
DW31240510808846,6.0,43.0,11.6727915,16.205801,0
DW31240510802944,2.0,43.0,7.7358613,13.602281,0
DW31240411301819,0.416666667,43.0,5.6315646,13.870102,0
DW31240663106361,0.666666667,43.0,5.8460407,14.13332,0
DW31240411302387,2.0,42.0,9.391869,14.7052965,0
DW31240510804140,3.666666667,42.0,12.887435,14.836627,0
DW31240510802855,2.0,42.0,4.6272297,10.401351,0
DW31240510802906,6.0,42.0,13.530055,14.857925,0
DW31240411301066,3.0,42.0,9.979914,14.829571,0
DWO31240510809019,1.0,42.0,4.8985925,10.414031,0
DW31240510808924,4.0,42.0,5.5996456,12.197195,0
DW31240663105409,0.583333333,42.0,4.4240394,12.61064,0
DW31240663106300,0.916666667,42.0,2.7750642,8.070188,0
DW31240663106563,0.333333333,42.0,6.8510547,10.531447,0
DW31240510802789,1.083333333,41.4,6.107509,10.7127,0
DW31240510805704,2.0,41.0,7.6149335,15.166021,0
DW31240510806109,1.5,41.0,5.500261,13.695935,0
DW31240510800213,1.0,41.0,3.8005493,12.329229,0
DWO31240663106481,1.25,41.0,10.229704,16.367374,0
DW31240411301747,0.75,40.0,4.297795,10.577638,0
DW31240411302218,9.0,40.0,11.868038,14.752086,0
DW31240411302389,3.0,40.0,12.409454,15.806397,0
DW31240510805123,0.5,40.0,7.7433276,13.403754,0
DW31240510807788,15.0,40.0,11.348981,12.803268,0
DW31240510808839,1.0,40.0,8.107827,13.690268,0
DW31240510809037,4.0,40.0,13.287981,14.557556,0
DW31240411301097,4.0,40.0,7.046817,14.029272,0
DW31240411301739,0.5,40.0,8.278136,12.835205,0
DW31240411301742,0.916666667,40.0,6.9726825,11.464735,0
DW31240510806648,0.666666667,40.0,4.360345,12.024088,0
DW31240411301734,9.0,40.0,10.424608,14.2535,0
DW31240510801975,0.5,40.0,7.00928,10.141339,0
DW31240411301144,4.0,40.0,9.474333,13.965856,0
DW31240510806643,0.666666667,40.0,7.081819,10.826619,0
DW31240663104989,0.416666667,40.0,5.655629,13.130356,0
DW31240411301664,6.0,40.0,13.019361,16.016647,0
DW31240663106388,0.666666667,40.0,4.4216914,11.730224,0
DW31240663105303,0.75,40.0,7.043313,10.642308,0
DW31240663106502,3.0,40.0,10.879765,15.517886,0
DW31240411301666,0.75,40.0,7.7140107,7.2214174,1
DW31240510806535,6.0,40.0,6.1046834,11.324857,0
DW31240663105471,0.666666667,40.0,4.7682786,11.581808,0
DW31240510806615,1.5,39.4,4.0197554,10.990779,0
DW31240663106549,5.0,39.2,6.017713,9.65492,0
DW31240510809871,0.416666667,39.0,9.698373,11.813715,0
DW31240510806631,0.333333333,39.0,7.1630297,10.641098,0
DW31240663105288,0.916666667,39.0,6.8050566,9.776631,0
DW31240663106309,0.458,38.6,2.8420725,10.3102665,0
DW31240411302369,15.0,38.0,12.438406,15.469089,0
DW31240411303692,0.583333333,38.0,4.1299353,10.996776,0
DW31240510804124,0.346153846,38.0,7.5443063,10.921824,0
DW31240510808870,0.666666667,38.0,2.0826964,9.092521,0
DW31240510810011,1.5,38.0,7.433024,14.734933,0
DW31240510810054,0.5,38.0,4.351458,12.644026,0
DW31240510810061,1.333333333,38.0,11.833309,14.229591,0
DW31240510802861,0.416666667,38.0,6.774476,10.62073,0
DW31240510809015,1.166666667,38.0,7.581235,14.960501,0
DW31240663105476,0.583333333,38.0,7.1034684,9.601012,0
DW31240663106543,2.0,38.0,12.027668,15.672814,0
DW31240510810032,0.583333333,37.5,5.3001237,12.178657,0
DW31240510808840,0.5,37.0,8.41236,12.880798,0
DW31240510808914,6.0,37.0,9.725038,15.529302,0
DW31240510802897,4.0,37.0,11.532818,16.075317,0
DWO31240663106480,5.0,37.0,12.782288,15.554845,0
DW31240663105284,0.833333333,37.0,5.409429,9.772941,0
DW31240510810440,0.75,36.0,4.732094,12.6334,0
DW31240510802894,1.5,36.0,6.3831735,13.522778,0
DW31240663105251,1.5,36.0,11.688568,14.690027,0
DW31240663105290,1.0,36.0,10.492844,12.024974,0
DW31240663106488,10.0,36.0,10.488654,13.68128,0
DW31240663105419,8.0,35.4,9.622405,13.798724,0
DW31240411301616,0.5,35.0,6.65979,10.824282,0
DW31240411301746,2.0,35.0,10.39909,13.788791,0
DW31240411301867,1.0,35.0,5.829343,10.330354,0
DW31240411303312,1.166666667,35.0,9.222494,13.869934,0
DW31240411303712,4.0,35.0,9.306384,14.383575,0
DW31240411303764,0.5,35.0,6.726043,10.637666,0
DW31240510808781,0.5,35.0,5.712969,9.971129,0
DW31240510808892,0.5,35.0,7.004549,6.839964,1
DW31240510808963,0.416666667,35.0,8.253489,12.732754,0
DW31240510807770,0.75,35.0,5.6309395,11.290888,0
DW31240510808934,0.583333333,35.0,6.8066783,11.060204,0
DW31240510806740,0.333333333,35.0,5.4439034,11.968967,0
DW31240510806608,0.833333333,35.0,11.2836895,12.476254,0
DWO31240411301723,0.5,35.0,2.8390396,9.59329,0
DW31240411301110,0.75,35.0,4.7368193,13.105546,0
DW31240510806510,0.333333333,35.0,5.793819,9.428793,0
DW31240663105424,5.0,35.0,9.741715,15.34997,0
DW31240663106544,0.416666667,35.0,4.9937873,12.134788,0
DW31240663106511,0.346153846,35.0,7.197077,10.50747,0
DW31240663106310,2.0,35.0,4.8049984,11.647802,0
DW31240663106478,10.0,35.0,12.489338,15.070675,0
DW31240663106495,3.0,35.0,6.8286676,12.634762,0
DW31240663105327,1.0,35.0,10.965206,16.009174,0
DWO31240663105317,10.0,35.0,7.3441277,11.716835,0
DW31240411301630,0.75,34.0,5.3728747,11.673211,0
DW31240411301642,0.5,34.0,5.965665,12.475471,0
DW31240510806725,14.0,34.0,12.377803,15.208255,0
DW31240411301606,0.307692308,33.0,2.083448,9.035426,0
DW31240510805131,0.5,33.0,9.4890585,15.214856,0
DW31240510806487,0.416666667,33.0,2.119283,8.933616,0
DW31240510802909,0.458333333,33.0,4.63275,7.8613153,0
DW31240411301771,0.375,32.5,2.5067744,10.512392,0
DW31240411301782,1.5,32.0,10.8580675,15.222906,0
DW31240411302793,2.0,32.0,9.094026,14.310653,0
DW31240411303657,0.416666667,32.0,6.213903,9.305873,0
DW31240411303705,5.0,32.0,7.7948065,14.437254,0
DW31240411304918,2.0,32.0,7.2530007,13.8936615,0
DW31240510807734,2.0,32.0,10.316656,15.851676,0
DW31240411301641,4.0,32.0,8.229135,15.009985,0
DW31240663105261,1.0,32.0,4.2559314,11.51549,0
DW31240663105305,0.416666667,32.0,2.534545,10.055279,0
DW31240663106353,1.0,32.0,5.617572,12.66437,0
DW31240510809909,0.375,31.8,6.3499556,10.576413,0
DW31240411303751,0.416666667,31.0,4.851581,11.470552,0
DW31240663105238,0.416666667,31.0,7.0622473,12.876614,0
DW31240411301078,7.0,31.0,7.252682,12.555721,0
DW31240411302210,2.0,30.0,7.265119,14.294932,0
DW31240411302212,1.0,30.0,4.8768334,11.519853,0
DW31240411302283,1.5,30.0,8.346262,12.995107,0
DW31240411302310,0.25,30.0,2.9536638,9.877509,0
DW31240411303280,0.375,30.0,7.9300313,7.7056575,1
DW31240411303402,0.333333333,30.0,6.247505,9.21577,0
DW31240510808829,0.333333333,30.0,2.5298843,10.440785,0
DW31240510808906,0.75,30.0,6.487867,13.1978855,0
DW31240510802917,0.833333333,30.0,2.9282293,10.068035,0
DW31240510805140,1.0,30.0,10.479321,13.591076,0
DW31240510806147,0.916666667,30.0,3.5761194,7.7349772,0
DW31240510808984,0.416666667,30.0,5.0378885,8.980798,0
DW31240510809050,0.416666667,30.0,10.348112,11.890345,0
DW31240510806724,0.5,30.0,5.498785,11.109673,0
DW31240510806634,7.5,30.0,12.420327,12.903932,0
DW31240510806738,7.0,30.0,12.703296,13.135446,0
DW31240510808897,4.0,30.0,7.128529,14.651499,0
DW31240411301738,13.5,30.0,7.1115627,13.791563,0
DW31240411301081,15.0,30.0,10.842237,13.911791,0
DW31240411301091,3.0,30.0,10.31178,15.566904,0
DW31240510806568,0.333333333,30.0,4.6386685,7.914143,0
DW31240510806596,0.333333333,30.0,6.8590956,6.6976666,1
DW31240663105438,0.666666667,30.0,8.306407,13.298389,0
DW31240663106447,7.0,30.0,12.294553,15.078612,0
DWO31240510806565,1.0,30.0,11.251828,14.348393,0
DWO31240663105416,0.333333333,30.0,5.6521454,9.362007,0
DW31240510808947,1.0,30.0,10.921538,13.3084135,0
DW31240663105052,0.416666667,30.0,2.9524353,8.890546,0
DW31240663106308,0.416666667,30.0,4.7127643,8.2163515,0
DW31240663106347,0.416666667,30.0,6.627802,10.717664,0
DW31240663106323,9.0,30.0,12.842086,16.387655,0
DW31240663105496,0.5,30.0,4.543552,11.620996,0
DW31240510809839,0.583333333,29.2,4.977627,12.270442,0
DW31240510808941,0.416666667,29.2,9.983292,12.35879,0
DW31240510807761,11.0,29.0,10.447216,16.077972,0
DW31240510802967,12.0,29.0,10.731052,12.483223,0
DW31240411301102,0.5,29.0,8.238536,13.046111,0
DW31240411301888,0.5,29.0,10.028888,12.669731,0
DW31240663105378,8.0,29.0,11.555682,12.348828,0
DW31240510806489,0.333333333,28.5,3.00086,9.038386,0
DW31240411303654,8.0,28.0,4.637332,10.47441,0
DW31240411304921,0.5,28.0,7.606641,10.950054,0
DW31240510803385,0.333333333,28.0,3.7243936,7.987386,0
DW31240510804145,8.0,28.0,10.654912,13.933645,0
DW31240510809852,2.166666667,28.0,10.193445,14.700903,0
DW31240510809896,0.75,28.0,4.0603595,13.185013,0
DW31240510809901,0.583333333,28.0,7.548396,7.1877565,1
DW31240510809109,0.5,28.0,9.4028425,11.396391,0
DW31240663105308,0.666666667,28.0,6.998891,13.537071,0
DW31240663106459,12.0,28.0,11.139888,14.199378,0
DW31240411302279,1.25,27.0,2.5314798,10.039117,0
DW31240411303776,3.0,27.0,11.8837595,13.6502285,0
DW31240510805329,0.833333333,27.0,5.553611,10.802727,0
DW31240510808850,0.416666667,27.0,2.9466677,9.288602,0
DW31240510808867,1.0,27.0,2.9451907,9.729858,0
DW31240510809844,0.75,27.0,6.244587,12.475229,0
DW31240663105276,0.416666667,27.0,5.53491,9.528733,0
DW31240510810086,0.25,26.5,3.2327263,10.913304,0
DW31240411302253,7.0,26.0,9.730269,14.155423,0
DW31240411302303,0.288461538,26.0,5.962043,9.75071,0
DW31240411302313,0.416666667,26.0,6.5176086,9.955036,0
DW31240510805154,0.333333333,26.0,2.8575454,8.842388,0
DW31240510809888,0.5,26.0,6.659671,12.267053,0
DW31240510809905,7.0,26.0,10.988449,14.265129,0
DW31240510801997,0.416666667,26.0,7.4863772,7.1108904,1
DW31240663105454,0.666666667,26.0,4.0994434,9.321486,0
DW31240663105234,3.0,26.0,7.048635,13.68419,0
DW31240510810046,3.0,25.5,8.780626,11.105908,0
DW31240411302326,0.5,25.0,7.7879343,12.277723,0
DW31240411302378,5.0,25.0,12.043485,15.1015005,0
DW31240411303500,0.3698,25.0,5.6842566,10.132539,0
DW31240411303768,2.5,25.0,7.971084,13.666593,0
DW31240510807763,0.416666667,25.0,2.124669,9.286791,0
DW31240510808826,0.416666667,25.0,9.624311,11.559872,0
DW31240510809912,11.0,25.0,12.767018,15.312739,0
DW31240510810042,1.0,25.0,5.5007143,12.721493,0
DW31240510810076,0.416666667,25.0,10.836431,12.356616,0
DW31240510810419,8.0,25.0,9.354237,7.872594,1
DW31240510810436,1.5,25.0,8.956546,14.023935,0
DW31240510805360,0.333333333,25.0,2.5089836,10.335974,0
DW31240510810421,2.0,25.0,12.072985,14.481582,0
DW31240510809025,0.416666667,25.0,7.7245708,7.59522,1
DW31240510806566,0.333333333,25.0,6.6001377,10.042331,0
DWO31240411301741,0.25,25.0,4.9369473,7.9619546,0
DW31240411301112,0.333333333,25.0,3.3405273,8.242105,0
DW31240411301902,5.0,25.0,12.069154,12.781519,0
DW31240663105427,0.333333333,25.0,6.437415,9.861079,0
DW31240663105462,0.230769231,25.0,3.7996857,8.256879,0
DW31240510808894,2.0,25.0,6.679906,14.442918,0
DW31240663106456,0.333333333,25.0,4.612302,8.765896,0
DW31240411301832,0.5,25.0,5.4287333,11.363809,0
DW31240663106337,0.326923077,25.0,3.323587,10.380272,0
DW31240663106398,0.666666667,25.0,3.5623593,11.435243,0
DW31240663105259,0.583333333,25.0,10.650782,12.56159,0
DW31240663106554,2.0,25.0,7.729895,13.591016,0
DWO31240510806734,5.0,25.0,13.17498,14.915139,0
DWO31240663106514,0.583333333,25.0,6.3783884,10.114626,0
DW31240411301618,0.5,24.8,5.469809,12.513059,0
DW31240411301761,5.0,24.0,6.8171687,14.286518,0
DW31240411302420,1.0,24.0,7.7285156,11.608018,0
DW31240411303711,10.0,24.0,9.964234,11.614517,0
DW31240510808898,11.0,24.0,10.063511,14.774218,0
DW31240663106487,0.375,24.0,3.9300337,7.87531,0
DW31240663106345,0.416666667,24.0,7.699362,9.038509,-1
DW31240411303275,0.583333333,23.0,4.6144667,10.44407,0
DW31240411303706,0.269230769,23.0,4.435133,7.8285995,0
DW31240510805115,1.5,23.0,6.2047477,13.128356,0
DW31240510809873,0.916666667,23.0,6.7943234,13.673166,0
DW31240510809985,10.0,23.0,10.393668,14.149341,0
DW31240510810053,11.0,23.0,12.156246,12.625204,0
DW31240663106329,3.0,23.0,11.800263,15.682978,0
DW31240663106299,0.416666667,23.0,9.693207,11.518826,0
DW31240663106567,0.416666667,23.0,2.1700904,9.123176,0
DW31240510808783,3.0,22.5,10.288507,14.926834,0
DW31240510805134,0.416666667,22.0,6.778911,10.378781,0
DW31240510805146,0.25,22.0,2.726046,8.783107,0
DW31240510805161,5.0,22.0,13.420564,15.008162,0
DW31240510809903,0.269230769,22.0,2.5795126,10.506441,0
DW31240510802877,0.25,22.0,4.252822,7.8952975,0
DW31240510802908,8.0,22.0,13.074928,16.2682,0
DW31240510807035,0.416666667,22.0,6.4398417,11.354433,0
DW31240411301898,0.416666667,22.0,3.8444588,8.597867,0
DW31240411301684,0.25,22.0,4.345021,7.843584,0
DW31240411301118,0.666666667,22.0,8.784285,11.400127,0
DW31240510809875,0.5,21.0,5.8967023,14.6485615,0
DW31240510810107,2.5,21.0,10.015177,15.77192,0
DW31240510810109,13.0,21.0,12.565846,13.842858,0
DW31240510808980,11.0,21.0,8.538607,14.956219,0
DW31240411301740,9.0,21.0,9.086776,7.973839,1
DWO31240663105311,8.0,21.0,4.684889,13.187304,0
DW31240663106448,0.416666667,21.0,6.7420583,10.234429,0
DW31240663105460,0.307692308,21.0,5.676973,10.067177,0
DW31240663106326,0.833333333,20.6,5.117887,14.14866,0
DW31240663105300,0.230769231,20.4,3.0688977,9.931801,0
DW31240411301785,13.0,20.0,11.881801,12.555446,0
DW31240411302233,0.416666667,20.0,10.457568,11.933097,0
DW31240411302271,2.5,20.0,10.603838,15.334105,0
DW31240411302328,0.333333333,20.0,2.8349307,9.984626,0
DW31240411302385,10.0,20.0,12.211243,13.092492,0
DW31240411303403,0.307692308,20.0,5.5018806,10.042934,0
DW31240411303782,6.0,20.0,13.470664,15.037347,0
DW31240510809973,3.0,20.0,5.196908,13.256691,0
DW31240510802890,0.333333333,20.0,8.103266,11.337031,0
DW31240510802924,1.2,20.0,5.8074584,14.915423,0
DW31240510809027,0.230769231,20.0,3.5394626,7.6685944,0
DW31240510808860,0.75,20.0,3.709003,10.041351,0
DW31240510808915,1.0,20.0,5.440896,13.245314,0
DW31240411301074,0.416666667,20.0,7.186751,12.808737,0
DW31240663105461,0.5,20.0,7.2749677,12.639836,0
DWO31240510806776,1.0,20.0,9.906962,13.126336,0
DW31240411301627,0.211538462,20.0,6.7442746,6.646504,1
DW31240663105248,0.5,20.0,6.3141127,9.993146,0
DW31240663105428,0.25,20.0,4.7120404,8.900703,0
DW31240663106360,0.416666667,20.0,7.7451143,10.628348,0
DW31240663106416,11.0,20.0,13.122059,15.997799,0
DWO31240663105433,10.0,20.0,6.320256,13.194011,0
DW31240663106351,11.0,20.0,11.7303295,12.490694,0
DWO31240663106457,0.230769231,20.0,2.0499275,9.211445,0
DW31240510809040,0.230769231,19.8,2.7254045,8.801688,0
DW31240663105294,0.230769231,19.6,4.745508,8.241254,0
DW31240510809056,5.0,19.5,10.897941,15.709187,0
DW31240411301140,0.25,19.3,4.1638494,8.366011,0
DW31240411301745,11.0,19.0,13.661382,14.02685,0
DW31240411302261,4.0,19.0,12.074966,15.709434,0
DW31240411303684,2.0,19.0,6.7042837,13.159838,0
DW31240411303737,0.666666667,19.0,4.589227,10.7271595,0
DW31240663106396,1.166666667,19.0,11.251561,13.209859,0
DW31240663106571,2.0,19.0,7.266995,11.765875,0
DW31240663105324,0.416666667,19.0,7.306534,12.863725,0
DW31240411301709,0.1731,18.8,4.4731464,7.741843,0
DW31240510806537,0.416666667,18.5,3.3214946,8.244796,0
DW31240510808880,0.5,18.2,7.3690515,11.892512,0
DW31240411301072,1.416666667,18.2,10.822651,13.331754,0
DW31240411302308,3.0,18.0,10.617219,16.222507,0
DW31240510807739,0.25,18.0,6.894135,6.7015786,1
DW31240510808861,13.0,18.0,13.630786,14.546266,0
DW31240510808862,6.0,18.0,9.341553,8.03988,1
DW31240510809911,12.0,18.0,13.333592,13.816263,0
DWO31240510810420,4.0,18.0,12.264909,15.25646,0
DW31240510806569,1.0,18.0,5.392551,12.908351,0
DW31240510806580,0.416666667,18.0,11.469956,13.191222,0
DW31240510809031,0.416666667,18.0,10.230863,11.879889,0
DW31240663105271,0.346153846,18.0,5.60215,10.886067,0
DW31240663105281,8.0,18.0,13.523903,14.277121,0
DW31240663105398,2.0,18.0,5.2035756,13.00049,0
DW31240663106468,0.333333333,18.0,10.166754,14.735846,0
DW31240510809067,12.0,18.0,12.83762,16.062403,0
DW31240663106327,0.75,18.0,4.2956257,11.358122,0
DW31240663106460,0.25,18.0,3.4742942,7.8740797,0
DW31240411302223,13.0,17.4,11.428593,12.249892,0
DW31240663106333,12.0,17.4,13.780553,14.178144,0
DW31240411301588,6.0,17.0,9.565705,13.638766,0
DW31240411301687,0.269230769,17.0,4.786457,8.088204,0
DW31240411302299,0.25,17.0,2.9450886,9.693632,0
DW31240411302333,0.291,17.0,7.812937,12.243306,0
DW31240510808820,1.5,17.0,5.8577137,14.811271,0
DW31240510809996,8.0,17.0,12.883441,13.36285,0
DW31240510810047,2.0,17.0,5.5631227,13.906468,0
DWO31240510808992,0.269230769,17.0,5.3272114,9.420539,0
DW31240411301870,1.0,17.0,7.935129,13.247919,0
DW31240411301075,2.0,17.0,10.68786,14.828146,0
DWO31240663105277,7.0,17.0,11.362039,12.108375,0
DW31240510806515,0.5,17.0,7.505626,11.052283,0
DW31240663105267,0.33333,17.0,3.8671937,10.822891,0
DW31240663106515,6.0,17.0,12.389211,13.751488,0
DW31240510806673,13.5,16.8,11.753908,15.08591,0
DW31240411302953,0.333333333,16.0,2.572557,10.382123,0
DW31240510804147,10.0,16.0,13.534055,14.6061735,0
DW31240510809967,4.0,16.0,13.683109,14.365175,0
DW31240510810048,0.115384615,16.0,4.791721,7.964457,0
DW31240510810080,1.5,16.0,9.271195,13.904959,0
DW31240510809058,2.0,16.0,4.6394353,10.503222,0
DW31240510800240,4.0,16.0,13.709233,14.872339,0
DW31240510806581,7.0,16.0,7.8623505,11.564303,0
DW31240411301714,1.0,16.0,7.238968,9.871843,0
DW31240411301632,1.0,16.0,9.830753,15.794282,0
DW31240663104963,1.0,16.0,6.5415144,10.839373,0
DW31240510810070,0.25,15.7,2.4910092,10.481479,0
DW31240411301786,0.346153846,15.0,6.69419,10.565615,0
DW31240411302200,3.0,15.0,13.494259,14.7584715,0
DW31240411302249,0.230769231,15.0,4.237769,7.865248,0
DW31240411302305,12.0,15.0,10.980575,15.279155,0
DW31240411303717,10.0,15.0,10.62611,12.060288,0
DW31240411303815,8.0,15.0,8.933164,8.197579,1
DW31240510801996,4.0,15.0,12.273495,15.735654,0
DW31240510802044,2.0,15.0,6.1895514,13.441564,0
DW31240510804188,0.269230769,15.0,3.7185683,10.762762,0
DW31240510805129,1.0,15.0,4.1057825,11.485264,0
DW31240510805132,3.0,15.0,12.124508,15.175011,0
DW31240510808750,17.0,15.0,13.480098,15.281192,0
DW31240510808873,14.0,15.0,13.31179,14.441412,0
DW31240510810004,0.25,15.0,4.422851,8.996801,0
DW31240510810097,1.0,15.0,10.251843,14.131254,0
DW31240510802998,2.0,15.0,8.724371,8.531848,1
DW31240510809021,9.0,15.0,10.161491,15.225309,0
DW31240510809001,0.333333333,15.0,2.3772428,9.84786,0
DW31240510806696,8.0,15.0,10.341791,14.028805,0
DW31240663105380,2.0,15.0,9.388843,13.464178,0
DW31240411301757,0.8333,15.0,3.555278,7.8210397,0
DW31240663105203,0.333333333,15.0,5.3095074,11.46137,0
DW31240663105410,0.25,15.0,7.7563806,7.6813755,1
DW31240663106450,0.333333333,15.0,2.1325593,9.28798,0
DW31240663105236,4.0,15.0,7.4878855,12.4457655,0
DW31240411301655,4.0,15.0,12.837622,14.076392,0
DW31240663105499,5.0,15.0,12.792018,16.347225,0
DW31240663106453,0.166666667,15.0,3.5762045,7.724708,0
DW31240663105320,3.0,15.0,8.484368,13.692793,0
DW31240411301672,0.192307692,14.0,2.3035147,9.209553,0
DW31240411302292,1.0,14.0,2.8998547,10.5788765,0
DW31240411302300,10.0,14.0,13.77079,14.495133,0
DW31240411302307,7.0,14.0,10.424588,15.739817,0
DW31240411302941,6.0,14.0,13.134811,15.556873,0
DW31240411303414,7.0,14.0,10.589698,12.836803,0
DW31240510805326,8.0,14.0,13.124535,15.982857,0
DW31240510802939,0.173076923,14.0,3.8375986,8.6448145,0
DW31240411301643,1.0,14.0,9.953806,13.680606,0
DW31240411301732,1.416666667,14.0,8.6289625,11.803,0
DW31240510806509,7.0,14.0,11.928081,15.334974,0
DW31240663105403,8.0,14.0,11.578372,12.257614,0
DWO31240663105405,0.666666667,14.0,2.47814,8.904978,0
DW31240663106470,0.416666667,14.0,7.479173,10.993425,0
DW31240663105301,2.0,14.0,10.778414,15.478121,0
DWO31240663105298,0.333333333,14.0,4.0521994,8.92881,0
DW31240411303315,4.0,13.5,11.777905,14.868329,0
DW31240411302219,4.0,13.4,12.15588,13.025732,0
DW31240411302963,8.0,13.0,9.233939,14.148086,0
DW31240510805145,0.192307692,13.0,4.4981813,10.8270855,0
DW31240510805321,3.0,13.0,10.788202,14.6973295,0
DW31240510808851,0.230769231,13.0,4.7925506,11.549626,0
DW31240510802936,0.75,13.0,10.593272,15.666563,0
DW31240510807064,1.583333333,13.0,8.141568,14.512468,0
DW31240510810057,1.583333333,13.0,9.621387,15.051928,0
DW31240510806629,0.583333333,13.0,5.292497,13.997841,0
DW31240411301105,0.375,13.0,6.1875587,10.07706,0
DW31240411301166,0.192307692,13.0,4.9578433,10.255703,0
DW31240510806678,1.0,13.0,13.363353,13.592523,0
DW31240663105414,0.333333333,13.0,3.400445,8.235665,0
DW31240663105429,0.166666667,13.0,4.781426,8.052609,0
DW31240663106346,3.5,13.0,13.631989,14.08993,0
DWO31240663105213,17.0,13.0,13.63925,14.2500725,0
DWO31240663106349,2.0,13.0,6.3572927,10.853197,0
DW31240663105255,6.0,13.0,11.1768055,15.311666,0
DW31240663106461,11.0,13.0,13.399617,13.71931,0
DW31240510801601,6.0,13.0,13.369092,14.682867,0
DW31240663105373,0.583333333,13.0,6.920656,11.39474,0
DW31240510805153,0.25,12.8,2.1237895,9.328743,0
DW31240411302221,1.5,12.6,11.016982,15.25314,0
DW31240411303838,0.291,12.6,6.6794696,6.669168,1
DW31240411302289,0.25,12.5,4.243092,10.265586,0
DW31240510805167,1.416666667,12.5,11.495163,14.038475,0
DW31240411301134,0.019230769,12.2,2.2298267,8.388042,0
DW31240411301759,1.0,12.0,6.937268,13.307648,0
DW31240411302339,7.0,12.0,12.908648,16.378082,0
DW31240411302976,1.5,12.0,7.790738,14.01277,0
DW31240411303660,8.0,12.0,12.760176,16.04751,0
DW31240510807755,2.0,12.0,12.173019,16.270737,0
DW31240510809071,8.0,12.0,11.193929,12.491348,0
DW31240510802029,6.0,12.0,13.2873125,14.684568,0
DW31240411301083,0.5,12.0,9.235869,14.528823,0
DWO31240510806711,8.0,12.0,10.939655,14.641051,0
DW31240411301660,7.0,12.0,11.006467,15.664935,0
DW31240663106401,0.038461538,12.0,2.5232105,8.39001,0
DW31240663106462,0.038461538,12.0,2.7144086,8.051799,0
DWO31240510801974,6.5,12.0,9.050292,8.0509,1
DW31240411301107,11.0,12.0,9.26641,7.7611256,1
DW31240663105280,0.333333333,12.0,7.556212,7.607286,1
DWO31240663106412,11.0,12.0,11.539253,13.521942,0
DW31240663105242,2.0,12.0,7.198923,11.905216,0
DW31240510810028,8.583333333,11.6,12.356291,13.297381,0
DW31240510808876,0.166666667,11.4,5.9359674,9.604344,0
DW31240663105232,0.333333333,11.2,3.8941648,8.274147,0
DW31240510810040,7.0,11.0,8.388062,14.26699,0
DW31240411301695,5.0,11.0,13.520854,13.841345,0
DW31240411301708,8.0,11.0,12.85731,15.242031,0
DW31240411301645,0.416666667,11.0,6.8090596,10.537213,0
DW31240663106395,0.25,11.0,6.8283772,10.273568,0
DW31240663105264,7.0,11.0,9.835672,15.599973,0
DW31240663105415,0.333333333,11.0,7.367569,7.301598,1
DW31240510808604,2.5,10.5,12.352874,12.78202,0
DW31240663106491,0.416666667,10.5,9.643336,13.388397,0
DW31240411302256,0.25,10.0,3.41867,8.279591,0
DW31240411303713,1.5,10.0,7.110376,13.80859,0
DW31240411303760,11.0,10.0,12.747025,15.977534,0
DW31240510802803,11.0,10.0,11.87687,12.841014,0
DW31240510802883,4.0,10.0,12.245604,12.700636,0
DW31240510802898,0.916666667,10.0,7.1065497,11.739275,0
DW31240510805317,8.0,10.0,11.063535,15.296444,0
DW31240510807729,5.0,10.0,13.059698,16.070883,0
DW31240510807748,9.0,10.0,11.151994,14.988958,0
DW31240510809962,1.583333333,10.0,12.765838,14.286914,0
DW31240510809984,0.211538462,10.0,3.9051588,10.263811,0
DW31240510810037,1.0,10.0,9.694487,16.080353,0
DW31240510810077,5.0,10.0,12.552857,15.896896,0
DW31240510802025,1.333333333,10.0,7.4582005,12.816404,0
DW31240510809085,5.0,10.0,12.897789,13.385536,0
DW31240510802989,0.25,10.0,4.073517,7.691388,0
DW31240510807050,0.833333333,10.0,7.040411,11.31031,0
DW31240510802801,6.0,10.0,7.005553,11.692272,0
DW31240510809053,0.192307692,10.0,3.1346388,10.273511,0
DW31240510806717,0.916666667,10.0,9.626034,13.979594,0
DW31240510806665,7.0,10.0,10.384984,14.907409,0
DW31240411301123,2.0,10.0,10.789792,15.217732,0
DW31240411301654,0.833333333,10.0,11.139492,11.966121,0
DW31240663105470,3.0,10.0,13.741593,14.2779455,0
DW31240663105395,3.0,10.0,11.877936,13.643924,0
DW31240663105469,5.0,10.0,12.094335,16.329742,0
DW31240663105486,15.0,10.0,8.771388,7.6218014,1
DW31240411301799,1.083333333,10.0,12.10762,13.393652,0
DW31240510805144,4.0,9.8,2.5359862,10.401395,0
DW31240663106455,6.0,9.7,13.0549555,15.868037,0
DW31240510810063,0.5,9.6,6.659242,13.059593,0
DW31240411302813,0.153846154,9.0,2.392074,10.3189745,0
DW31240510809894,0.211538462,9.0,2.8025362,8.798721,0
DW31240510810103,0.458333333,9.0,10.803178,13.02071,0
DW31240510807738,0.269230769,9.0,7.6137896,10.691499,0
DW31240510806516,13.0,9.0,13.773351,14.519917,0
DW31240411301076,2.0,9.0,5.524011,12.71731,0
DW31240663106402,0.038461538,9.0,2.478661,8.272071,0
DW31240411301631,0.192307692,8.9,4.3646936,8.615258,0
DW31240510807758,0.17,8.8,3.5107818,7.744927,0
DW31240411301820,1.0,8.8,2.572707,10.371845,0
DW31240510802085,0.666666667,8.77,7.228011,10.207023,0
DW31240411301731,0.416666667,8.6,10.925539,12.978812,0
DW31240510805133,0.326923077,8.5,4.5986605,10.570166,0
DW31240663106500,14.0,8.5,4.765838,10.248448,0
DW31240663106484,0.75,8.5,7.7830586,14.033293,0
DW31240411301715,2.0,8.5,9.603494,14.716538,0
DWO31240411301108,7.0,8.5,10.431133,11.939227,0
DW31240411302287,0.333333333,8.0,4.646172,10.524377,0
DW31240411303785,0.583333333,8.0,9.148719,13.301825,0
DW31240510806496,6.0,8.0,12.961211,13.470726,0
DW31240510808902,2.5,8.0,11.060891,16.2035,0
DW31240510809831,11.0,8.0,13.820908,14.513797,0
DW31240510809965,0.25,8.0,3.2670717,8.290121,0
DW31240510809976,0.25,8.0,4.974707,10.267229,0
DW31240510802850,0.416666667,8.0,4.7233624,9.961021,0
DW31240510808955,13.0,8.0,13.662301,14.855619,0
DW31240510808166,0.307692308,8.0,5.8203177,10.594537,0
DW31240510806533,0.583333333,8.0,9.476091,13.699578,0
DW31240510808904,0.416666667,8.0,10.712701,13.558145,0
DW31240411301776,0.416666667,8.0,9.131797,11.323259,0
DW31240663106427,0.096153846,8.0,2.577997,8.796818,0
DW31240510809958,6.0,7.8,5.198092,12.938367,0
DW31240663105388,5.0,7.8,8.218531,13.088813,0
DW31240411303652,0.25,7.0,4.9266505,9.034852,0
DW31240510802012,0.25,7.0,3.8634348,12.2014065,0
DW31240510807737,0.416666667,7.0,7.0600934,11.308489,0
DW31240510808886,0.583333333,7.0,7.4514275,11.881315,0
DW31240510801977,0.25,7.0,3.1076176,10.534203,0
DW31240510802969,4.0,7.0,9.801474,13.453223,0
DW31240510802995,0.583333333,7.0,7.117907,12.587643,0
DW31240663105318,13.0,7.0,12.989102,14.069097,0
DW31240663105365,0.096153846,7.0,2.3120015,8.456822,0
DW31240510808932,1.083333333,7.0,7.3619323,11.512372,0
DW31240411301639,0.5,7.0,3.6380675,8.43581,0
DW31240510801999,0.416666667,6.8,9.145953,11.415803,0
DW31240510806511,0.25,6.5,7.141771,11.463385,0
DW31240411302414,0.230769231,6.4,5.923657,9.691114,0
DW31240510802084,0.416666667,6.0,4.188974,10.75653,0
DW31240663105246,0.230769231,6.0,4.9584804,10.325491,0
DW31240411301710,0.416666667,5.0,4.4724774,10.701452,0
DW31240510801969,9.0,5.0,11.603506,12.253324,0
DW31240510808918,0.416666667,5.0,7.0605373,10.531583,0
DW31240411301737,0.288461538,5.0,7.9987125,11.023403,0
DW31240663105274,0.5,5.0,8.716313,11.40582,0
DW31240510808882,10.0,4.5,13.297988,15.530904,0
DW31240510800126,0.384615385,4.5,10.11308,11.757176,0
DW31240510808856,0.25,4.0,5.254367,9.58078,0
DW31240510808958,0.326923077,4.0,7.3433166,12.579673,0
DW31240411301828,0.115384615,4.0,6.4963775,10.169226,0
DW31240663105458,0.173076923,4.0,9.389552,11.360136,0
DW31240663105220,0.25,3.7,7.6610494,11.2441025,0
DW31240510809121,0.166666667,3.4,3.7322934,8.53521,0
DW31240510802912,0.25,3.3,6.8835874,12.125816,0
DW31240510809921,0.086538462,3.0,7.5197225,7.0279183,1
DW31240510809959,5.0,3.0,11.526039,12.660385,0
DW31240663105455,0.192307692,3.0,8.64653,11.187249,0
DW31240411302354,0.211538462,2.0,7.4736753,10.839205,0
DW31240510802919,0.416666667,,6.9191294,6.694152,1
DW31240210304726,6.0,,13.616986,14.813312,0
DW31240210304737,7.0,,12.39041,13.472033,0
DW31240210304811,6.0,,13.720266,14.62567,0
DW31240411301581,1.0,,12.656356,14.07102,0
DW31240411301744,0.666666667,,6.188096,12.393678,0
DW31240411301783,0.333333333,,2.3005078,9.088076,0
DW31240411301807,5.0,,12.152012,14.460846,0
DW31240411301871,1.0,,9.244601,14.501333,0
DW31240411302234,10.0,,6.5772967,10.994771,0
DW31240411302260,14.0,,11.090307,14.982957,0
DW31240411302295,0.25,,3.3710387,8.176323,0
DW31240411302327,12.0,,9.434534,14.42627,0
DW31240411302366,0.346153846,,4.968198,8.369959,0
DW31240411302392,0.3589,,5.5645385,13.843262,0
DW31240411302395,4.0,,7.3448343,9.520767,0
DW31240411303282,3.0,,5.30239,13.955553,0
DW31240411303287,0.173076923,,6.717951,10.144826,0
DW31240411303319,0.25,,2.6192951,10.686058,0
DW31240411303356,4.0,,11.351558,14.656924,0
DW31240411303380,0.115384615,,4.829559,9.1780615,0
DW31240411303406,0.211538462,,10.886234,13.441892,0
DW31240411303415,9.0,,12.439252,12.897715,0
DW31240411303587,0.833,,4.295003,11.822493,0
DW31240411303682,5.0,,6.5821824,14.139815,0
DW31240411303716,5.0,,13.067091,13.966153,0
DW31240411303724,7.0,,13.351616,14.917747,0
DW31240411303732,2.0,,11.026627,14.897674,0
DW31240411303736,0.269230769,,4.1278987,10.566594,0
DW31240411303762,7.0,,9.41359,13.612228,0
DW31240411303780,1.166666667,,5.612756,12.684011,0
DW31240411303886,0.5,,7.809383,7.512729,1
DW31240510802013,2.0,,7.2760315,13.221971,0
DW31240510802135,0.5,,10.4399395,12.992907,0
DW31240510802913,3.0,,11.448885,12.350746,0
DW31240510804181,0.333333333,,9.220086,11.370492,0
DW31240510805112,0.230769231,,4.300039,7.745184,0
DW31240510805203,0.153846154,,8.576169,8.227089,1
DW31240510805210,3.5,,6.433031,9.819704,0
DW31240510807735,0.75,,9.012608,8.385856,1
DW31240510807751,0.5,,6.238839,10.781306,0
DW31240510807772,9.0,,6.012996,13.587577,0
DW31240510808831,0.75,,4.647325,8.807795,0
DW31240510808838,0.833333333,,2.1642544,9.577634,0
DW31240510808843,0.25,,2.3091464,9.015961,0
DW31240510808844,0.75,,3.7344253,12.508811,0
DW31240510808857,0.25,,2.090727,9.083455,0
DW31240510808875,0.75,,5.2574816,11.025786,0
DW31240510808878,0.416666667,,7.443791,8.715373,-1
DW31240510808879,12.0,,8.07349,15.358027,0
DW31240510808890,4.0,,13.091028,14.030736,0
DW31240510808911,0.833333333,,3.777064,10.130404,0
DW31240510809835,2.0,,13.680982,14.250981,0
DW31240510809884,0.583333333,,12.208516,14.214172,0
DW31240510809907,0.416666667,,9.391691,11.402558,0
DW31240510809931,0.583333333,,2.7918406,10.620699,0
DW31240510809974,2.0,,10.187133,16.083582,0
DW31240510809991,2.0,,6.28262,14.598847,0
DW31240510809994,4.0,,6.652398,14.39865,0
DW31240510809995,5.0,,11.586634,14.139666,0
DW31240510810006,2.0,,5.387517,9.921532,0
DW31240510810034,0.217948718,,5.9151754,10.357212,0
DW31240510810035,2.0,,3.927521,12.749267,0
DW31240510810068,4.0,,10.341057,14.234151,0
DW31240510810072,0.076923077,,6.3635206,6.78236,1
DW31240510810084,0.333333333,,7.4469914,7.555737,1
DW31240510810095,0.442307692,,10.074607,11.865021,0
DW31240510810441,15.0,,13.108614,13.822945,0
DW31240510801287,2.0,,6.4500833,13.029982,0
DW31240510801484,0.230769231,,4.8441744,8.08094,0
DW31240510801859,0.230769231,,4.5552607,8.717951,0
DW31240510802057,2.0,,9.0939045,14.857124,0
DW31240510802105,1.833333333,,9.658763,15.582174,0
DW31240510802108,0.333333333,,5.492612,9.61925,0
DW31240510802797,0.416666667,,10.336096,11.767746,0
DW31240510802884,0.333333333,,10.40251,12.266732,0
DW31240510802918,0.458333333,,11.071153,13.20226,0
DW31240510802937,3.0,,7.2806177,10.535548,0
DW31240510802993,0.5,,10.9253845,15.296845,0
DW31240510807789,1.166666667,,5.928513,12.762916,0
DW31240510809101,0.153846154,,6.192909,9.6398,0
DW31240510801225,2.0,,9.456324,7.854156,1
DW31240510802946,2.0,,10.50914,15.950343,0
DW31240510802991,2.0,,9.149324,7.9144793,1
DW31240510802996,0.211538462,,3.9475944,10.798269,0
DW31240510806974,1.0,,10.84555,14.564836,0
DW31240510808943,0.333333333,,3.4569483,9.993053,0
DW31240510809072,0.25,,8.2794285,11.56847,0
DW31240510808977,1.0,,6.8441834,11.648197,0
DW31240510809115,0.333333333,,4.474688,8.718097,0
DWO31240510809016,0.75,,6.5578623,14.027652,0
DWO31240510809008,7.0,,12.396337,12.673435,0
DW31240510803390,1.0,,6.90578,13.3134985,0
DW31240510806473,9.0,,11.427345,12.933337,0
DW31240510806744,2.0,,10.40689,14.2661705,0
DW31240510806753,6.0,,10.598875,15.838251,0
DW31240411301090,0.307692308,,2.9220672,9.586397,0
DWO31240510808979,0.75,,4.542718,12.248193,0
DW31240411301136,2.0,,7.4662313,7.034643,1
DW31240411301686,0.019230769,,2.4769855,8.316922,0
DW31240411301751,0.019230769,,2.536711,8.320997,0
DW31240411301629,0.375,,7.2527337,7.028846,1
DW31240411301756,0.057692308,,2.8493664,8.037243,0
DW31240510809013,0.416666667,,10.349575,12.394808,0
DW31240510809020,0.416666667,,4.9561515,12.217068,0
DW31240411301638,2.0,,11.770316,14.239186,0
DW31240411301644,0.019230769,,2.4209867,8.40857,0
DW31240411301809,0.057692308,,2.9190612,8.114471,0
DWO31240510800094,1.0,,10.763517,13.21893,0
DW31240510806697,5.0,,11.658835,14.800506,0
DW31240663105404,0.096153846,,6.7160873,10.370611,0
DW31240663106319,0.346153846,,9.855656,12.423871,0
DW31240663106358,3.0,,9.318427,15.223083,0
DW31240663106482,0.333333333,,6.5376234,12.175624,0
DW31240663106523,2.0,,7.6560903,14.051834,0
DW31240663106547,0.333333333,,5.983194,12.309554,0
DW31240663105447,4.0,,9.492441,14.325455,0
DW31240663106469,1.0,,10.232648,13.988797,0
DWO31240663106562,12.5,,12.510826,15.003453,0
DW31240663106449,2.0,,4.486207,10.900717,0
DW31240663106540,3.0,,10.334427,16.080765,0
