sample_id,age,pseudotime
DW31240510808865,5.0,0.9739314609234969
DW31240510802107,1.0,0.26191847157490167
DW31240510806513,6.0,0.5460770311851793
DW31240510806340,4.0,0.5323011975052049
DW31240663106415,3.0,0.8421147546001924
DW31240663106534,3.0,0.8186062502365075
DW31240411301893,4.0,0.5380196541388897
DW31240411301706,12.58333333,0.41718455110815694
DW31240411303328,5.0,0.8390286399980709
DW31240411302940,7.0,0.12831131746574886
DW31240510808940,7.0,0.5154128106043521
DW31240510804170,4.0,0.553446412526893
DW31240510808962,4.0,0.5505846951901926
DW31240663105385,1.5,0.5273347102545365
DW31240663106366,2.5,0.5516421966117379
DW31240510806779,1.416666667,0.7901633523132783
DW31240510809960,1.0,0.5341246753686265
DW31240411301675,3.0,0.8720484005633281
DW31240510802858,1.0,0.5176026116906983
DW31240510809861,7.0,0.6603631933284857
DW31240510810078,6.0,0.9278900526670248
DW31240411301122,9.0,0.97895650500037
DW31240411302278,0.666666667,0.5382295991031082
DW31240663105437,4.0,0.5341987793740511
DW31240663106442,2.0,0.5186632856596136
DW31240510808964,4.0,0.47838337121791297
DW31240411302321,2.0,0.45842287319169944
DW31240411303658,8.0,0.3216577445524947
DW31240510804851,2.0,0.8504442223804463
DW31240510810051,3.0,0.7388513120078647
DW31240411301833,2.0,0.7710176790699592
DW31240510810090,5.0,0.7790698110788238
DW31240663105430,7.0,0.9600375111615844
DW31240663106505,1.0,0.27504273953134356
DWO31240411301658,1.0,0.12290902333250706
DW31240411301779,3.0,0.613621038847235
DW31240510810094,2.0,0.6166435602223462
DW31240510802889,1.0,0.5253118268658336
DW31240510809113,2.0,0.6088888430488649
DW31240663106474,9.0,0.528879406862563
DW31240663106533,3.0,0.5148522160605571
DW31240663106504,1.5,0.7870907161816499
DW31240663106510,9.5,0.8984321214652766
DW31240510809919,5.0,0.572769889037536
DW31240510802982,2.0,0.4591280312361243
DW31240411301612,2.0,0.461447556571902
DW31240663106498,0.5,0.35511226406525054
DW31240510806704,1.0,0.5213868617696833
DW31240663105291,10.0,0.8515070198588416
DW31240411302315,6.0,0.5369883798970927
DW31240663106407,6.0,0.563856219131187
DW31240510808819,2.0,0.6765133847136569
DW31240663105468,3.0,0.559060187047213
DW31231210401827,1.0,0.5219763016804678
DW31240510802828,5.0,0.9376007499791618
DW31240411301680,1.5,0.7674092914232061
DW31240663105400,9.0,0.9055626368872062
DW31240411301693,3.0,0.8196142577429504
DW31240510808996,2.0,0.19733126324607259
DW31240663105250,4.0,0.8300419490073313
DW31240663105401,3.0,0.7287704668077024
DWO31240663106363,2.0,0.5907853721747367
DW31240663105464,1.0,0.48286374981361163
DW31240663106529,1.5,0.44858551047377376
DW31240411302224,3.5,0.5451526271998993
DW31240510810055,6.0,0.9577404679374382
DW31240510806531,1.333333333,0.4812817122066996
DW31240663106528,9.0,0.7365131803524096
DW31240411303842,7.0,0.8751027653956434
DW31240510801995,10.0,0.625221103928257
DW31240510808883,3.0,0.6026183546305756
DW31240510802977,1.0,0.31827218147244885
DW31240411302974,5.0,0.709147380632179
DW31240411301730,7.0,0.9071581495820015
DW31240663106404,2.0,0.4719886443642502
DW31240510807756,7.0,0.961113055290061
DW31240510806768,3.0,0.534066796438638
DW31240411303316,11.0,0.8406539587059716
DW31240411303686,1.25,0.45647824559260447
DW31240510807732,2.0,0.6968767117973356
DW31240411303700,9.0,0.9206611106464201
DW31240510802027,7.0,0.8597627557168938
DW31240510807709,2.0,0.7304071230386042
DW31240510808748,11.0,0.8522308282839237
DW31240510809822,4.0,0.5847613164342774
DW31240510809982,2.9,0.48760144625299473
DW31240510810058,3.0,0.8980312806811395
DW31240510810083,12.0,0.5305815452404535
DW31240510802827,7.0,0.8235704458519806
DW31240510809073,7.0,0.9452035217521587
DW31240510802864,5.0,0.5288689166685545
DW31240411301711,3.0,0.5511177224168586
DWO31240663105265,10.0,0.7992092680241449
DW31240411302060,6.5,0.9573490764287979
DW31240510806582,7.0,0.8635924175141979
DW31240663105269,10.0,0.5748711037017933
DW31240663105475,8.0,0.8955844177409203
DW31240510806674,8.0,0.8071118564207227
DW31240411302291,9.5,0.9356199558681273
DW31240510806455,1.75,0.45467797185795206
DW31240510806723,3.833333333,0.41763051023644787
DW31240411302379,1.5,0.2232866814783255
DW31240411302943,2.416666667,0.3592982945930701
DW31240510804406,4.0,0.5932434551535924
DW31240510808971,10.0,0.8537255985358926
DW31240510807067,4.0,0.8788063486611543
DW31240411302217,4.0,0.6532959263414844
DW31240411302252,1.5,0.8727355524652646
DW31240411302371,5.0,0.9296807379619603
DW31240411303690,2.0,0.6374997795477204
DW31240510804156,4.0,0.7702549206372302
DW31240510808823,1.5,0.4569665244965485
DW31240510808863,6.0,0.5608453651873122
DW31240510809918,1.0,0.4839925348305046
DW31240510810088,6.5,0.8886883028763429
DW31240510809052,5.0,0.8168320358155878
DW31240411301109,9.0,0.813050826278945
DW31240411302266,4.0,0.37844764451802865
DW31240663105445,6.0,0.7829896470918126
DW31240411301753,3.0,0.5074745213689376
DW31240663105247,3.0,0.5496251067179363
DW31240411301683,2.0,0.745843228500869
DW31240663106311,6.0,0.5511445281370597
DW31240663106506,0.666666667,0.4834467328185081
DW31240663106524,3.0,0.5391950930458783
DWO31240510809055,4.0,0.4106031965716452
DW31240663105273,1.0,0.22405769106677767
DW31240663106493,3.0,0.853136600380825
DW31240663106525,3.0,0.7713832018127812
DW31240411303729,1.0,0.437812288696462
DW31240510808978,1.25,0.535826373192403
DW31240663105375,1.0,0.2147139069463668
DW31240510808871,0.833333333,0.30327514796886695
DWO31240663105239,4.0,0.5991301824700499
DW31240663106432,1.0,0.17550122835131438
DW31240510809006,5.0,0.6424197913303514
DW31240210306037,7.0,0.5574168627185397
DW31240411301787,2.5,0.5409130644011432
DW31240411301796,3.0,0.5323434340305025
DW31240411302336,3.0,0.637725842772056
DW31240411303354,3.0,0.5018008361076555
DW31240411304928,0.666666667,0.2669735436561104
DW31240510805328,0.666666667,0.21842018213795733
DW31240510808858,4.0,0.7001926488127591
DW31240510808874,5.0,0.808958676600263
DW31240510809870,13.0,0.7179281003789469
DW31240510809941,13.0,0.8860421106961046
DW31240510802790,11.0,0.9187026113496553
DW31240510802822,3.666666667,0.8551880179007489
DW31240510808944,2.0,0.33753574414564147
DW31240510809094,1.0,0.5479376787822251
DWO31240510806494,5.0,0.7559625211455643
DW31240663105449,1.166666667,0.24859868215546194
DW31240411301620,1.25,0.44146381684013025
DW31240510807791,5.0,0.8198628922392698
DW31240510810424,1.0,0.5001680103868207
DW31240663106550,2.0,0.8669098869491301
DW31240663105306,3.0,0.3600843787218424
DW31240663105487,0.583333333,0.30771297824385363
DW31240663105492,4.0,0.6288449188733057
DW31240510810091,7.0,0.8949019216358011
DW31240411303877,2.0,0.1831988334401032
DW31240411301698,3.0,0.5792180955742746
DWO31240510809039,3.0,0.9448293616427169
DW31231210401824,1.0,0.244058271199614
DW31240411302398,1.5,0.5578060764226774
DW31240510808907,11.0,0.910455075229208
DW31240510809858,1.0,0.36230029263500424
DW31240510807054,0.666666667,0.27490666520935064
DW31240510806767,1.25,0.44915771776637375
DW31240663105228,4.0,0.9227400607239648
DW31240663106356,8.5,0.6995955557023046
DW31240510805118,1.5,0.7979653282571334
DW31240510809993,6.0,0.19390538340470406
DW31240510810087,4.0,0.7761230133456252
DWO31240663106373,3.0,0.5752650804986694
DW31240411301611,7.0,0.6005199484287945
DW31240411301852,6.0,0.9501883236419462
DW31240411302306,10.0,0.9663620779157351
DW31240510802062,7.0,0.4694809225477468
DW31240510804189,1.0,0.784827886133395
DW31240510805117,4.0,0.6279120025068679
DW31240510808827,1.0,0.4842621388946696
DW31240510810009,2.0,0.5592654522283835
DW31240510810115,6.0,0.24075640819106273
DW31240510802955,3.0,0.5831315570131476
DW31240510809118,2.0,0.7172263928842543
DW31240510806745,2.0,0.7344901296086442
DW31240510806670,5.0,0.7325087852701742
DW31240411303830,5.0,0.8209736895246245
DW31240663105270,1.25,0.2548428442633853
DW31240663105474,8.0,0.5522056422323496
DW31240411301717,2.0,0.6926686522085421
DW31240510806778,1.666666667,0.4782733737714789
DW31240663105209,9.0,0.8992319340288987
DW31240510810085,1.0,0.3878361560308529
DW31240663105257,4.0,0.4949203684527461
DW31240663105256,16.0,0.7162318949886219
DWO31240663105309,3.0,0.48015686584621414
DW31240510802857,0.666666667,0.29599144226459717
DW31240411301891,6.0,0.8687236951169214
DW31240411303379,2.0,0.7777536252675041
DW31240411302187,0.75,0.5647153537598841
DW31240411302250,0.75,0.4693116630971689
DW31240411302293,3.5,0.8239664832125341
DW31240510808159,7.0,0.6972451742836324
DW31240510808852,9.0,0.5900820327991037
DW31240510802820,1.75,0.5732263172625492
DW31240411301829,1.5,0.34579383644040684
DW31240411302424,4.0,0.6480085576248574
DW31240411301754,0.916666667,0.29605922590906925
DW31240510806693,7.0,0.9039250920534858
DWO31240663105418,8.0,0.9467748104539073
DW31240663105479,2.0,0.22703674333088716
DW31240411301135,0.583333333,0.5361059688949209
DW31240663106496,4.0,0.2917441485865541
DW31240510809868,1.5,0.2568933068385531
DW31240411301697,13.0,0.8775521477531445
DW31240510806756,9.5,0.5225253211031547
DW31240510802853,3.0,0.4234628706786145
DW31240411301724,5.5,0.9355122423359205
DW31240411302297,1.0,0.3025980460713457
DW31240411302368,0.666666667,0.5479062190655747
DW31240411302401,1.0,0.2964026768138967
DW31240411303646,2.5,0.5768212600332104
DW31240510804176,2.0,0.42826289512083193
DW31240510804195,0.833333333,0.5068165268089893
DW31240510805113,3.0,0.7573104868038256
DW31240510807776,0.5,0.6997978712442862
DW31240510808603,0.5,0.27512873698310225
DW31240510809841,0.5,0.4053863624715725
DW31240510809938,0.75,0.15189563269065373
DW31240510802899,4.0,0.9681625819663912
DW31240510809112,1.0,0.7759360020279067
DW31240510802793,2.5,0.5477249892724295
DW31240510806620,2.0,0.7200813781713687
DW31240411301121,2.0,0.45303102502991005
DW31240411301634,3.0,0.6174278441977731
DW31240411301682,6.0,0.7254256983628214
DW31240411301722,6.0,0.5142781121740968
DW31240663105432,1.0,0.6519094099154806
DW31240663106320,0.416666667,0.5666959301379424
DW31240663106340,1.25,0.4958097854006475
DW31240663106342,2.0,0.8604115442835193
DW31240663106538,1.833333333,0.08269414166070996
DW31240663106322,1.0,0.6097113949462443
DW31240663106387,1.0,0.5333358085541313
DW31240663106473,4.0,0.7439660702783897
DW31240663105312,6.0,0.4923533236321367
DW31240663106548,0.416666667,0.127463421999656
DW31240663106421,4.0,0.6026149326131898
DWO31240663105208,5.0,0.8093490310837159
DWO31240411301652,3.5,0.3074870599791282
DW31240510806621,0.5,0.122361479497038
DW31240510805111,1.166666667,0.23017832067124924
DW31240510809961,6.0,0.9020818123557525
DW31240510802824,5.5,0.9945069961330367
DW31240510802010,1.0,0.7999191800511954
DW31240510805126,2.0,0.46357997265853434
DW31240663106403,2.0,0.5231603910133324
DW31240411301100,12.0,0.9164552766822528
DW31240411303593,1.0,0.44287037265730567
DW31240510801994,5.0,0.7912304215840947
DW31240510808836,5.0,0.2883551484917543
DW31240411301104,8.0,0.5045723239232921
DW31240510808945,8.0,0.5294229735514474
DW31240510809084,2.5,0.23627419648864825
DW31240411302423,7.0,0.5492489556714457
DW31240510802972,1.5,0.15809516009339497
DW31240510809988,1.0,0.32372782135572065
DW31240510809029,1.0,0.15847484210084883
DW31240411301798,6.0,0.793726604789555
DW31240663106435,1.5,0.6324305498332035
DW31240411302178,3.833333333,0.7665333079668687
DW31240411302202,1.5,0.30249806004941854
DW31240411302276,11.0,0.9606816093593818
DW31240411302281,14.0,0.8954381428350207
DW31240411302298,0.75,0.44769362461359496
DW31240411302372,7.0,0.8559408119781826
DW31240411302981,0.833333333,0.2835893298303147
DW31240411303806,2.0,0.599070508898705
DW31240510802992,1.0,0.6958445716702994
DW31240510803391,4.0,0.4856096783544774
DW31240510805136,3.0,0.2388059497388814
DW31240510809955,1.5,0.37445201722775306
DW31240510809986,0.75,0.14616216780900593
DW31240510810104,10.0,0.5764205194199158
DW31240510802925,1.0,0.37562286827127495
DW31240510802926,3.0,0.9400993596209553
DW31240510802976,11.0,0.9424800446043442
DW31240510806606,2.0,0.8027636660763315
DWO31240510808908,7.0,0.6610752464001695
DW31240510806676,3.0,0.4746139361269369
DWO31240411301707,4.0,0.21061294286114782
DW31240411301688,5.0,0.7302579681959277
DW31240663105229,0.5,0.17490644910592476
DW31240663106444,1.0,0.3141685228046327
DWO31240663105406,10.0,0.9589229623155423
DW31240663106370,10.0,0.8153862649742016
DW31240411301875,3.0,0.262935336535689
DW31240663106467,1.0,0.40313869067583874
DW31240510808903,2.5,0.5335736209905745
DW31240663105299,0.833333333,0.42891075292182484
DW31240411302351,2.0,0.47662259323477435
DW31240411303787,1.0,0.5953225675123236
DW31240411301881,5.0,0.7996988412285607
DW31240663106439,0.75,0.7172005171120773
DW31240663106328,2.0,0.45666682989858437
DW31240510809838,0.583333333,0.3881514170879846
DW31240411302236,0.666666667,0.5733290785246196
DW31240510807766,0.916666667,0.3770846865942796
DW31240510808821,10.0,0.8408901796702433
DW31240510808952,3.0,0.8018592363510536
DW31240510809885,10.0,0.5746548189023414
DW31240510806392,1.0,0.6016423353598533
DW31240510802975,6.0,0.7270509066784211
DW31240510806562,3.0,0.9201283419539398
DW31240510806567,1.5,0.566204830846053
DW31240663106443,2.0,0.42693042768662737
DW31240663106477,3.0,0.7940322938430304
DW31240663106446,1.0,0.7624309776519146
DW31240663106475,1.0,0.5562959821812834
DW31240411301822,0.666666667,0.3904890689418895
DW31240411303779,5.0,0.7284718703540567
DW31240510804184,3.0,0.8507314901473987
DW31240510802080,0.583333333,0.4597939643513696
DW31240411301899,2.0,0.11954101908444013
DW31240510806578,6.0,0.9394704428289681
DW31240411301111,3.0,0.5217870068969196
DW31240663105394,0.5,0.5864574808586642
DWO31240663105390,3.0,0.6323889471413517
DW31240663106527,14.0,0.6122180094989382
DW31240510805143,1.0,0.604529976147821
DW31240510809893,6.0,0.5302024612327204
DW31240510809966,1.0,0.370919538999252
DW31240411301889,1.0,0.25835438970956737
DW31240663106472,1.666666667,0.6755989468493488
DW31240411301677,10.0,0.8928452965381862
DW31240411301743,11.0,0.852414214722238
DW31240411303645,6.0,0.5261530476764873
DW31240411303757,4.0,0.7665707137551683
DW31240411303786,2.0,0.9624362906963077
DW31240411303869,2.0,0.8448827009111096
DW31240510803392,2.0,0.14975853056112545
DW31240510805130,0.666666667,0.3796887058699814
DW31240510805137,3.0,0.4803229964398444
DW31240510805147,0.416666667,0.4555495052768767
DW31240510805357,1.0,0.3516700680161556
DW31240510807749,0.833333333,0.4436874167410568
DW31240510808835,0.625,0.6367637981077162
DW31240510808954,2.0,0.5533078804201144
DW31240510809860,6.0,0.6602613965128915
DW31240510809915,1.0,0.7140863206335224
DW31240510809978,7.0,0.8356223160585721
DW31240510809990,1.0,0.4255288075127211
DW31240510810043,0.666666667,0.1850865502101373
DW31240510802891,2.0,0.8452843732609954
DW31240510809010,2.0,0.3998285924549739
DW31240510805150,1.166666667,0.8316679428231482
DW31240510808997,2.0,0.7840411952262288
DWO31240510802087,1.0,0.5513134261133799
DW31240510802942,7.0,0.9461057479116426
DW31240510806532,10.0,0.8171881836306754
DW31240510806667,0.5,0.5524286973600754
DW31240663105450,1.0,0.5082173760952232
DW31240663105473,7.0,0.49688735873683215
DW31240411301696,2.0,0.495048220934094
DW31240510809045,0.5,0.5433780714028047
DW31240663105383,2.0,0.8032663205750334
DW31240663105384,1.5,0.7649345498648097
DW31240411301624,0.5833,0.2806186687401814
DW31240411301720,0.583333333,0.4529512181761205
DW31240663105024,1.0,0.4149220396694393
DW31240663106440,1.166666667,0.43983693736607427
DW31240510808946,8.0,0.6356406591264835
DW31240663105249,1.0,0.6375897664515557
DW31240663106318,2.0,0.5403360457530283
DW31240663105360,0.833333333,0.31351117134260553
DW31240663106463,1.0,0.5571180957783407
DW31240663106535,12.0,0.7897944049486313
DW31240510802043,2.0,0.1801183661327312
DW31240663105198,0.833333333,0.2376551588203961
DW31240663105363,0.5,0.1518751620183299
DW31240663106526,0.583333333,0.3723303816767573
DWO31240663105386,2.5,0.5249592918499675
DW31240411303749,0.75,0.48314610397898655
DW31240510806701,1.0,0.1578686497565067
DW31240510809046,1.833333333,0.583644276509288
DW31240663105278,4.0,0.800657314914878
DW31240411301758,2.5,0.3088974018475018
DW31240411303475,1.0,0.5138298124970961
DW31240411303741,1.0,0.7629414515490631
DW31240510802134,1.0,0.23826281312323266
DW31240510809862,4.0,0.6965342241616642
DW31240510809886,1.0,0.49656613671516336
DW31240510809892,11.0,0.8935521572051901
DW31240510810426,3.0,0.40932044268970325
DW31240510806546,0.75,0.5957291749835976
DW31240663105397,4.0,0.5364714114360194
DW31240663106545,3.0,0.4990148316049026
DW31240510806785,9.0,0.8309053671040186
DWO31240510808913,1.0,0.6939068006180854
DW31240663106559,2.0,0.7019717927292151
DW31240663106503,0.416666667,0.4660817483324244
DW31240663105370,3.0,0.8158675869041347
DW31240411301824,3.0,0.8617911050412004
DW31240411302273,1.0,0.48809626556064967
DW31240510805135,2.0,0.588927131608241
DW31240510802943,2.0,0.615768963168173
DW31240510806700,10.0,0.992261393254514
DW31240510806761,1.5,0.5210233326068409
DW31240663105366,0.75,0.5668099954967056
DW31240411301797,0.833333333,0.5480855168997815
DW31240663106436,3.0,0.5127893709340011
DW31240411301883,5.0,0.6397003930999946
DW31240411303812,0.833,0.5589125605792817
DW31240510809997,2.0,0.6723799961670851
DW31240510807785,1.0,0.555150414028242
DW31240411301088,0.416666667,0.5058475898225026
DW31240663105368,0.75,0.27963460699597287
DW31240510806710,1.0,0.5357396263759896
DW31240663106364,1.0,0.538679824469058
DW31240411301661,2.0,0.4136533818780079
DW31240411302182,0.583333333,0.18802812945072633
DW31240411302195,11.0,0.5609774504460995
DW31240411302197,0.5,0.5920231020266173
DW31240411302201,1.5,0.26792560600860194
DW31240411302275,11.0,0.9326646516546534
DW31240411302365,0.5,0.7849045966798216
DW31240411302946,0.75,0.518387514506844
DW31240411303718,1.0,0.5434481584594714
DW31240411303721,0.916666667,0.3205608920273632
DW31240411303723,7.0,0.8013481625136527
DW31240411303808,1.5,0.32277990290157543
DW31240510804192,2.0,0.2853882707061339
DW31240510806472,2.0,0.38545619353790694
DW31240510808607,6.0,0.4870206758909454
DW31240510809940,1.0,0.1483023246629048
DW31240510809983,1.5,0.46904594296168056
DW31240510810029,1.0,0.301544457631462
DW31240510810100,1.5,0.6893239757001366
DW31240510809100,12.0,0.7155572416493915
DW31240510808939,1.0,0.44048666655437374
DW31240510809076,0.583333333,0.5939499305255562
DW31240411301071,0.583333333,0.5449934275602365
DW31240510806762,5.0,0.9458585328775427
DW31240411301073,0.833333333,0.2683082952652602
DW31240510809048,3.0,0.5501242578827598
DW31240663104812,0.916666667,0.311489871924072
DW31240663105423,6.0,0.8580164642199671
DW31240411301752,8.0,0.7545874055517681
DW31240663105224,2.0,0.6800094890704671
DW31240663105425,0.583333333,0.7297016775248485
DW31240663106539,4.0,0.9248958246530425
DW31240663105258,3.0,0.7077929734952814
DW31240411301115,0.416666667,0.49214187227257705
DW31240663105480,0.916666667,0.2913732293986667
DW31240663106451,0.5,0.3593679802695829
DW31240663106551,1.0,0.7091742647091782
DWO31240663105253,9.0,0.8372050039957962
DW31240411301801,1.0,0.8489557392104152
DW31240510806731,11.0,0.8102915253210697
DW31240663105252,1.0,0.5823246056366236
DW31240510805322,0.75,0.32820399230029396
DW31240411301780,1.0,0.18906742928989342
DW31240510802023,0.541666667,0.5254152821141346
DW31240510807733,2.0,0.21357925533970895
DW31240510810064,11.0,0.9270393499904862
DW31240663105413,8.0,0.8408102044220438
DW31240510808846,6.0,0.9057553304907374
DW31240510802944,2.0,0.5670655970677049
DW31240411301819,0.416666667,0.4734249968424769
DW31240663106361,0.666666667,0.4972944884732717
DW31240411302387,2.0,0.7096838510994266
DW31240510804140,3.666666667,0.9373663018658089
DW31240510802855,2.0,0.24818541529857688
DW31240510802906,6.0,0.9612893320666349
DW31240411301066,3.0,0.7483840735642878
DWO31240510809019,1.0,0.2672832069882166
DW31240510808924,4.0,0.3842141875458994
DW31240663105409,0.583333333,0.35126103462502134
DW31240663106300,0.916666667,0.0445113393025138
DW31240663106563,0.333333333,0.3806032483473738
DW31240510802789,1.083333333,0.3500075968853011
DW31240510805704,2.0,0.6366401669095981
DW31240510806109,1.5,0.4602863120613994
DW31240510800213,1.0,0.3129767757735059
DWO31240663106481,1.25,0.83174724238703
DW31240411301747,0.75,0.23309094055623258
DW31240411302218,9.0,0.8727865739503718
DW31240411302389,3.0,0.9437139965672697
DW31240510805123,0.5,0.5596823303425826
DW31240510807788,15.0,0.7425574885480759
DW31240510808839,1.0,0.5938882429323461
DW31240510809037,4.0,0.9364762695410354
DW31240411301097,4.0,0.5518430851624518
DW31240411301739,0.5,0.56572937060873
DW31240411301742,0.916666667,0.4343837216189734
DW31240510806648,0.666666667,0.30983544463035784
DW31240411301734,9.0,0.779603768406527
DW31240510801975,0.5,0.3789372058093137
DW31240411301144,4.0,0.6926301601874288
DW31240510806643,0.666666667,0.4069428769298293
DW31240663104989,0.416666667,0.4354823885713113
DW31240411301664,6.0,0.9896944581587532
DW31240663106388,0.666666667,0.2951072868543674
DW31240663105303,0.75,0.39620514367977433
DW31240663106502,3.0,0.8321039708750448
DW31240411301666,0.75,0.5476183455852776
DW31240510806535,6.0,0.3762306361014594
DW31240663105471,0.666666667,0.3041727787909563
DW31240510806615,1.5,0.23523827760389227
DW31240663106549,5.0,0.29787105384366125
DW31240510809871,0.416666667,0.602551955148038
DW31240510806631,0.333333333,0.40336606772813205
DW31240663105288,0.916666667,0.3554105957224533
DW31240663106309,0.458,0.15887534192268488
DW31240411302369,15.0,0.9345342692646872
DW31240411303692,0.583333333,0.24140781435510503
DW31240510804124,0.346153846,0.4369089082494119
DW31240510808870,0.666666667,0.050596932617734555
DW31240510810011,1.5,0.6087715378835991
DW31240510810054,0.5,0.3535132900136787
DW31240510810061,1.333333333,0.8491578672167427
DW31240510802861,0.416666667,0.383899013954518
DW31240510809015,1.166666667,0.6274317200905051
DW31240663105476,0.583333333,0.37353039813111977
DW31240663106543,2.0,0.9158326802739977
DW31240510810032,0.583333333,0.3637521045270649
DW31240510808840,0.5,0.5746711382086263
DW31240510808914,6.0,0.7666140541797819
DW31240510802897,4.0,0.8923026103148439
DWO31240663106480,5.0,0.9594497415476558
DW31240663105284,0.833333333,0.2677039693600116
DW31240510810440,0.75,0.36032360920662737
DW31240510802894,1.5,0.4982103254644712
DW31240663105251,1.5,0.8594367154738516
DW31240663105290,1.0,0.6586497446259955
DW31240663106488,10.0,0.7620401524960335
DW31240663105419,8.0,0.7026656300720495
DW31240411301616,0.5,0.38417067448302955
DW31240411301746,2.0,0.77066515045545
DW31240411301867,1.0,0.31676758033478647
DW31240411303312,1.166666667,0.674109411045902
DW31240411303712,4.0,0.6907021632628574
DW31240411303764,0.5,0.3830641936907934
DW31240510808781,0.5,0.29245440830031877
DW31240510808892,0.5,0.5870236705676123
DW31240510808963,0.416666667,0.5594048242860782
DW31240510807770,0.75,0.34628947496550155
DW31240510808934,0.583333333,0.4034069780651216
DW31240510806740,0.333333333,0.36478989551112934
DW31240510806608,0.833333333,0.7229478788311792
DWO31240411301723,0.5,0.10869657694863125
DW31240411301110,0.75,0.3917345552022901
DW31240510806510,0.333333333,0.27902861821727226
DW31240663105424,5.0,0.7615185695092398
DW31240663106544,0.416666667,0.34199675694561976
DW31240663106511,0.346153846,0.4025687225486463
DW31240663106310,2.0,0.30948202992799384
DW31240663106478,10.0,0.9233711312441848
DW31240663106495,3.0,0.4767789489991452
DW31240663105327,1.0,0.8554767849679906
DWO31240663105317,10.0,0.4631790911519668
DW31240411301630,0.75,0.34340683960495805
DW31240411301642,0.5,0.41454470135571414
DW31240510806725,14.0,0.9209246851835323
DW31240411301606,0.307692308,0.046721288288801996
DW31240510805131,0.5,0.7416928987548869
DW31240510806487,0.416666667,0.03913353438140822
DW31240510802909,0.458333333,0.1783011289662451
DW31240411301771,0.375,0.1566818456154047
DW31240411301782,1.5,0.8244296602033493
DW31240411302793,2.0,0.6749175422058734
DW31240411303657,0.416666667,0.308768162645247
DW31240411303705,5.0,0.6081650254878178
DW31240411304918,2.0,0.5521981937985576
DW31240510807734,2.0,0.8115383602143291
DW31240411301641,4.0,0.6628965748059665
DW31240663105261,1.0,0.27852020808965405
DW31240663105305,0.416666667,0.127036658284181
DW31240663106353,1.0,0.4012865159618305
DW31240510809909,0.375,0.3562766240742149
DW31240411303751,0.416666667,0.3097831529207766
DW31240663105238,0.416666667,0.5004162501657041
DW31240411301078,7.0,0.5055091716538467
DW31240411302210,2.0,0.5755976491847635
DW31240411302212,1.0,0.3129596922757611
DW31240411302283,1.5,0.577948268862256
DW31240411302310,0.25,0.12739451381006636
DW31240411303280,0.375,0.5190154726214654
DW31240411303402,0.333333333,0.31217785494913636
DW31240510808829,0.333333333,0.15179195458241543
DW31240510808906,0.75,0.4786075549737085
DW31240510802917,0.833333333,0.14080123579876702
DW31240510805140,1.0,0.7556648804299526
DW31240510806147,0.916666667,0.11846629537661171
DW31240510808984,0.416666667,0.21808884735538886
DW31240510809050,0.416666667,0.6447536277336291
DW31240510806724,0.5,0.33102907102671875
DW31240510806634,7.5,0.8123024905524129
DW31240510806738,7.0,0.8347817966030641
DW31240510808897,4.0,0.5866716469868998
DW31240411301738,13.5,0.5402729449291748
DW31240411301081,15.0,0.7788270590807704
DW31240411301091,3.0,0.8019520478151406
DW31240510806568,0.333333333,0.1787800640691896
DW31240510806596,0.333333333,0.6012540120154913
DW31240663105438,0.666666667,0.5964727971274653
DW31240663106447,7.0,0.9114728791441228
DWO31240510806565,1.0,0.8204333581698244
DWO31240663105416,0.333333333,0.26907957024370427
DW31240510808947,1.0,0.7455569407887336
DW31240663105052,0.416666667,0.06220953839463585
DW31240663106308,0.416666667,0.1868431164986286
DW31240663106347,0.416666667,0.3781885917927198
DW31240663106323,9.0,0.9880321317379654
DW31240663105496,0.5,0.29289059584940824
DW31240510809839,0.583333333,0.3482649670481414
DW31240510808941,0.416666667,0.6461906410324686
DW31240510807761,11.0,0.8266646432780776
DW31240510802967,12.0,0.6894902770929122
DW31240411301102,0.5,0.5790672373165865
DW31240411301888,0.5,0.6682837446091808
DW31240663105378,8.0,0.7410812490900428
DW31240510806489,0.333333333,0.07096178271733426
DW31240411303654,8.0,0.2509131488292242
DW31240411304921,0.5,0.4414373477554492
DW31240510803385,0.333333333,0.11242248172372084
DW31240510804145,8.0,0.7827270759850158
DW31240510809852,2.166666667,0.759088235038383
DW31240510809896,0.75,0.37585024093635006
DW31240510809901,0.583333333,0.5493029589932789
DW31240510809109,0.5,0.5700867111190809
DW31240663105308,0.666666667,0.5207069976204741
DW31240663106459,12.0,0.8077385758994432
DW31240411302279,1.25,0.12600882738465413
DW31240411303776,3.0,0.8145581177892659
DW31240510805329,0.833333333,0.3246682741991547
DW31240510808850,0.416666667,0.08597969408369362
DW31240510808867,1.0,0.11700048237820357
DW31240510809844,0.75,0.4340673111972919
DW31240663105276,0.416666667,0.26242206667037127
DW31240510810086,0.25,0.2029346501480316
DW31240411302253,7.0,0.7148661796312741
DW31240411302303,0.288461538,0.2970229998918381
DW31240411302313,0.416666667,0.3412146578646552
DW31240510805154,0.333333333,0.05473336962940875
DW31240510809888,0.5,0.4602313663891254
DW31240510809905,7.0,0.8046665424574393
DW31240510801997,0.416666667,0.5555381349081074
DW31240663105454,0.666666667,0.17884229149820957
DW31240663105234,3.0,0.5316247456978865
DW31240510810046,3.0,0.5213170473060592
DW31240411302326,0.5,0.5135397909657872
DW31240411302378,5.0,0.8975934634313616
DW31240411303500,0.3698,0.2995215886604432
DW31240411303768,2.5,0.5841321023303646
DW31240510807763,0.416666667,0.06396486033892182
DW31240510808826,0.416666667,0.5887599641225787
DW31240510809912,11.0,0.9483462816546021
DW31240510810042,1.0,0.4007079870823369
DW31240510810076,0.416666667,0.691910009671025
DW31240510810419,8.0,0.5758829924075567
DW31240510810436,1.5,0.6648750710762641
DW31240510805360,0.333333333,0.14427855411728976
DW31240510810421,2.0,0.8692123482388896
DW31240510809025,0.416666667,0.5214658197269922
DW31240510806566,0.333333333,0.3474771197730132
DWO31240411301741,0.25,0.2000169297281738
DW31240411301112,0.333333333,0.08314104218590104
DW31240411301902,5.0,0.7861578716602531
DW31240663105427,0.333333333,0.3325306343028905
DW31240663105462,0.230769231,0.11531176887421185
DW31240510808894,2.0,0.5559580977353349
DW31240663106456,0.333333333,0.18488535408433515
DW31240411301832,0.5,0.3333636668655862
DW31240663106337,0.326923077,0.1695815821654268
DW31240663106398,0.666666667,0.24633227161356505
DW31240663105259,0.583333333,0.688173645304756
DW31240663106554,2.0,0.566584764939617
DWO31240510806734,5.0,0.9467153891304001
DWO31240663106514,0.583333333,0.33673611310653634
DW31240411301618,0.5,0.3864184992832784
DW31240411301761,5.0,0.5529452007908445
DW31240411302420,1.0,0.48048936531996395
DW31240411303711,10.0,0.6120271778433489
DW31240510808898,11.0,0.7522095570311875
DW31240663106487,0.375,0.12888678496381503
DW31240663106345,0.416666667,0.43113825872149103
DW31240411303275,0.583333333,0.2485098469509847
DW31240411303706,0.269230769,0.1645677074241911
DW31240510805115,1.5,0.4653379747679684
DW31240510809873,0.916666667,0.520236726539096
DW31240510809985,10.0,0.7726017894621873
DW31240510810053,11.0,0.7881288618312589
DW31240663106329,3.0,0.899830034320187
DW31240663106299,0.416666667,0.5918210530362961
DW31240663106567,0.416666667,0.05293008925461538
DW31240510808783,3.0,0.7711304590839643
DW31240510805134,0.416666667,0.3702964567265525
DW31240510805146,0.25,0.04459292210243441
DW31240510805161,5.0,0.9626933781388317
DW31240510809903,0.269230769,0.15724772869618855
DW31240510802877,0.25,0.15162246631633444
DW31240510802908,8.0,1.0
DW31240510807035,0.416666667,0.39988404518216925
DW31240411301898,0.416666667,0.12605577251237135
DW31240411301684,0.25,0.15814577264702473
DW31240411301118,0.666666667,0.533764057457208
DW31240510809875,0.5,0.527721707807458
DW31240510810107,2.5,0.7896150666928742
DW31240510810109,13.0,0.8597657002085899
DW31240510808980,11.0,0.6694004679356205
DW31240411301740,9.0,0.5569017319055387
DWO31240663105311,8.0,0.39854358670448137
DW31240663106448,0.416666667,0.3627596748263742
DW31240663105460,0.307692308,0.2956615888316093
DW31240663106326,0.833333333,0.4830247538648072
DW31240663105300,0.230769231,0.13332438084267365
DW31240411301785,13.0,0.7682216643825205
DW31240411302233,0.416666667,0.6529556621198495
DW31240411302271,2.5,0.8089622502288961
DW31240411302328,0.333333333,0.13564428522807448
DW31240411302385,10.0,0.801420686233987
DW31240411303403,0.307692308,0.28775655183044396
DW31240411303782,6.0,0.9665631506863652
DW31240510809973,3.0,0.42192321989019455
DW31240510802890,0.333333333,0.48990996418579547
DW31240510802924,1.2,0.5423028745652143
DW31240510809027,0.230769231,0.12185957700868742
DW31240510808860,0.75,0.1789843208906675
DW31240510808915,1.0,0.4377950857192267
DW31240411301074,0.416666667,0.5047662770114435
DW31240663105461,0.5,0.5074074349638971
DWO31240510806776,1.0,0.7015080575001742
DW31240411301627,0.211538462,0.6094320500168703
DW31240663105248,0.5,0.32707424811126634
DW31240663105428,0.25,0.19617939808965562
DW31240663106360,0.416666667,0.4415954084413735
DW31240663106416,11.0,0.9967562298709941
DWO31240663105433,10.0,0.4746783802797073
DW31240663106351,11.0,0.7568978785889547
DWO31240663106457,0.230769231,0.05926447878193142
DW31240510809040,0.230769231,0.0458999841239443
DW31240663105294,0.230769231,0.18960478611412246
DW31240510809056,5.0,0.8405629162552752
DW31240411301140,0.25,0.14203756233962192
DW31240411301745,11.0,0.925098227159089
DW31240411302261,4.0,0.9192311844254455
DW31240411303684,2.0,0.4866945224763935
DW31240411303737,0.666666667,0.25617534830804767
DW31240663106396,1.166666667,0.7588749285063879
DW31240663106571,2.0,0.4633944062504464
DW31240663105324,0.416666667,0.5140320020020926
DW31240411301709,0.1731,0.16863194678556095
DW31240510806537,0.416666667,0.08192073871530649
DW31240510808880,0.5,0.47482827604507855
DW31240411301072,1.416666667,0.7409776369331741
DW31240411302308,3.0,0.842351515378134
DW31240510807739,0.25,0.5994690422892406
DW31240510808861,13.0,0.9517474461049981
DW31240510808862,6.0,0.5673044523271032
DW31240510809911,12.0,0.8977087054137954
DWO31240510810420,4.0,0.9152416303269578
DW31240510806569,1.0,0.4158862983217486
DW31240510806580,0.416666667,0.7711261301851322
DW31240510809031,0.416666667,0.6377203612292647
DW31240663105271,0.346153846,0.3314447624950338
DW31240663105281,8.0,0.9327610014046932
DW31240663105398,2.0,0.41556140519945267
DW31240663106468,0.333333333,0.7578346617612971
DW31240510809067,12.0,0.9790795705263041
DW31240663106327,0.75,0.2674877864018096
DW31240663106460,0.25,0.10670695888182347
DW31240411302223,13.0,0.7297586796967374
DW31240663106333,12.0,0.9383191278705055
DW31240411301588,6.0,0.7019520029109629
DW31240411301687,0.269230769,0.1948324541833348
DW31240411302299,0.25,0.11445379495752098
DW31240411302333,0.291,0.5129503138740875
DW31240510808820,1.5,0.536681175505107
DW31240510809996,8.0,0.8528095167751264
DW31240510810047,2.0,0.4708663759153393
DWO31240510808992,0.269230769,0.2462206770261222
DW31240411301870,1.0,0.5740828400338216
DW31240411301075,2.0,0.7950427126646593
DWO31240663105277,7.0,0.7218207941454194
DW31240510806515,0.5,0.44099262854426724
DW31240663105267,0.33333,0.21929051391981932
DW31240663106515,6.0,0.8505722518844929
DW31240510806673,13.5,0.8772065653431885
DW31240411302953,0.333333333,0.1487261534920282
DW31240510804147,10.0,0.9475917264976194
DW31240510809967,4.0,0.945551138683185
DW31240510810048,0.115384615,0.19010621647588183
DW31240510810080,1.5,0.6778024854790664
DW31240510809058,2.0,0.25209919102505646
DW31240510800240,4.0,0.9699923505594755
DW31240510806581,7.0,0.48490660775682803
DW31240411301714,1.0,0.3866405692372711
DW31240411301632,1.0,0.7803641842095905
DW31240663104963,1.0,0.3791478400485488
DW31240510810070,0.25,0.15458539687738243
DW31240411301786,0.346153846,0.37963774542448553
DW31240411302200,3.0,0.9538585684454491
DW31240411302249,0.230769231,0.1505323431859126
DW31240411302305,12.0,0.8317675801247861
DW31240411303717,10.0,0.6676595311160256
DW31240411303815,8.0,0.539226399707694
DW31240510801996,4.0,0.9333039657807678
DW31240510802044,2.0,0.4873825714373157
DW31240510804188,0.269230769,0.20941572821402035
DW31240510805129,1.0,0.2677528952586903
DW31240510805132,3.0,0.9046617451652
DW31240510808750,17.0,0.9817998591839036
DW31240510808873,14.0,0.9281414598205323
DW31240510810004,0.25,0.17559613107633126
DW31240510810097,1.0,0.7667221478036114
DW31240510802998,2.0,0.5115195762478837
DW31240510809021,9.0,0.7757162877811538
DW31240510809001,0.333333333,0.10873601393431542
DW31240510806696,8.0,0.76478890581294
DW31240663105380,2.0,0.7016491513397838
DW31240411301757,0.8333,0.11238856144974789
DW31240663105203,0.333333333,0.32979090772546954
DW31240663105410,0.25,0.5161697266803407
DW31240663106450,0.333333333,0.06406305464461592
DW31240663105236,4.0,0.5146736749179182
DW31240411301655,4.0,0.8849564742481604
DW31240663105499,5.0,0.9840770440362372
DW31240663106453,0.166666667,0.11912479644755446
DW31240663105320,3.0,0.6202632875467822
DW31240411301672,0.192307692,0.0624583716869461
DW31240411302292,1.0,0.17541364656974454
DW31240411302300,10.0,0.9562835269061667
DW31240411302307,7.0,0.8164661012166289
DW31240411302941,6.0,0.9802259858153212
DW31240411303414,7.0,0.7052299858460891
DW31240510805326,8.0,0.9968944525931783
DW31240510802939,0.173076923,0.12792185366121184
DW31240411301643,1.0,0.7273989154240758
DW31240411301732,1.416666667,0.5375170162738399
DW31240510806509,7.0,0.8985725380532414
DW31240663105403,8.0,0.7402969698475343
DWO31240663105405,0.666666667,0.04031615635712679
DW31240663106470,0.416666667,0.4366974880262836
DW31240663105301,2.0,0.8247154455596296
DWO31240663105298,0.333333333,0.15291653718032708
DW31240411303315,4.0,0.8732804261480827
DW31240411302219,4.0,0.7955315875873756
DW31240411302963,8.0,0.6831658356210989
DW31240510805145,0.192307692,0.2555848347181562
DW31240510805321,3.0,0.803323270593408
DW31240510808851,0.230769231,0.3070065072571957
DW31240510802936,0.75,0.8199147337065492
DW31240510807064,1.583333333,0.6275403530520115
DW31240510810057,1.583333333,0.7389228188779908
DW31240510806629,0.583333333,0.46727848689961443
DW31240411301105,0.375,0.32491046198786694
DW31240411301166,0.192307692,0.2735831879358528
DW31240510806678,1.0,0.8902121488702686
DW31240663105414,0.333333333,0.08720529860122452
DW31240663105429,0.166666667,0.19276134117147925
DW31240663106346,3.5,0.9261725231649717
DWO31240663105213,17.0,0.9374422379920275
DWO31240663106349,2.0,0.3701547426197175
DW31240663105255,6.0,0.84166409049922
DW31240663106461,11.0,0.8974259685150743
DW31240510801601,6.0,0.945587355549056
DW31240663105373,0.583333333,0.42825262632204397
DW31240510805153,0.25,0.06691477008598853
DW31240411302221,1.5,0.8310628095405168
DW31240411303838,0.291,0.6118103360861347
DW31240411302289,0.25,0.21954328673595713
DW31240510805167,1.416666667,0.8268753936287664
DW31240411301134,0.019230769,0.0
DW31240411301759,1.0,0.5060277299528266
DW31240411302339,7.0,0.9921795666578554
DW31240411302976,1.5,0.5893841803798249
DW31240411303660,8.0,0.9735869141455912
DW31240510807755,2.0,0.9393894227349556
DW31240510809071,8.0,0.7180695082182805
DW31240510802029,6.0,0.9415068021931526
DW31240411301083,0.5,0.6932116379193803
DWO31240510806711,8.0,0.8146818294925878
DW31240411301660,7.0,0.8454401637442481
DW31240663106401,0.038461538,0.02062553426740411
DW31240663106462,0.038461538,0.041464233417193234
DWO31240510801974,6.5,0.5509077776458374
DW31240411301107,11.0,0.5763227377060979
DW31240663105280,0.333333333,0.518529078297977
DWO31240663106412,11.0,0.7887144375444578
DW31240663105242,2.0,0.4658156605108487
DW31240510810028,8.583333333,0.8190686088512079
DW31240510808876,0.166666667,0.2911133363743447
DW31240663105232,0.333333333,0.12206373692933031
DW31240510810040,7.0,0.629872172882822
DW31240411301695,5.0,0.9095190900148844
DW31240411301708,8.0,0.9518897402991963
DW31240411301645,0.416666667,0.37925524248447595
DW31240663106395,0.25,0.36935557854160056
DW31240663105264,7.0,0.7736664168756624
DW31240663105415,0.333333333,0.5457378500775287
DW31240510808604,2.5,0.8052246448676756
DW31240663106491,0.416666667,0.7136459695271171
DW31240411302256,0.25,0.08917695274528777
DW31240411303713,1.5,0.5413413200582927
DW31240411303760,11.0,0.9703526166973725
DW31240510802803,11.0,0.7720079327774462
DW31240510802883,4.0,0.795758771295201
DW31240510802898,0.916666667,0.45454381894225315
DW31240510805317,8.0,0.835396745098694
DW31240510807729,5.0,0.9932924699669287
DW31240510807748,9.0,0.8298094538886027
DW31240510809962,1.583333333,0.8940030361826878
DW31240510809984,0.211538462,0.19775480357153707
DW31240510810037,1.0,0.7962789799300728
DW31240510810077,5.0,0.9555721936058542
DW31240510802025,1.333333333,0.5238569657409358
DW31240510809085,5.0,0.8545296634696904
DW31240510802989,0.25,0.14460005226420136
DW31240510807050,0.833333333,0.42747243679300856
DW31240510802801,6.0,0.4467794711490724
DW31240510809053,0.192307692,0.15778735324535442
DW31240510806717,0.916666667,0.7032936871575023
DW31240510806665,7.0,0.7766722431679814
DW31240411301123,2.0,0.8196160917279651
DW31240411301654,0.833333333,0.7043527322405378
DW31240663105470,3.0,0.9414721146743328
DW31240663105395,3.0,0.814021278003764
DW31240663105469,5.0,0.9357205056307998
DW31240663105486,15.0,0.5573661166969542
DW31240411301799,1.083333333,0.8189655389253164
DW31240510805144,4.0,0.1492540614294329
DW31240663106455,6.0,0.9933282453647245
DW31240510810063,0.5,0.47983385173440113
DW31240411302813,0.153846154,0.14187204718117263
DW31240510809894,0.211538462,0.05008112764263824
DW31240510810103,0.458333333,0.7250387205806175
DW31240510807738,0.269230769,0.4341567685380995
DW31240510806516,13.0,0.9579972462623274
DW31240411301076,2.0,0.40102236378960077
DW31240663106402,0.038461538,0.019299790955836685
DW31240411301631,0.192307692,0.16454065993458017
DW31240510807758,0.17,0.11613223046255233
DW31240411301820,1.0,0.1480520126941477
DW31240510802085,0.666666667,0.394992480333173
DW31240411301731,0.416666667,0.7308637797360136
DW31240510805133,0.326923077,0.2534074244221202
DW31240663106500,14.0,0.2626938572714941
DW31240663106484,0.75,0.5889952166254208
DW31240411301715,2.0,0.7207541934032169
DWO31240411301108,7.0,0.6515259240209909
DW31240411302287,0.333333333,0.2533923546998296
DW31240411303785,0.583333333,0.6937596731774158
DW31240510806496,6.0,0.8619960018755578
DW31240510808902,2.5,0.8707043589189233
DW31240510809831,11.0,0.9589384204339558
DW31240510809965,0.25,0.07958789819768064
DW31240510809976,0.25,0.2743698546467809
DW31240510802850,0.416666667,0.26876352078584953
DW31240510808955,13.0,0.9673098182039123
DW31240510808166,0.307692308,0.33337955959958165
DW31240510806533,0.583333333,0.6955865337079116
DW31240510808904,0.416666667,0.7523727451016641
DW31240411301776,0.416666667,0.5503506304620177
DW31240663106427,0.096153846,0.03774822221707673
DW31240510809958,6.0,0.41560725504705254
DW31240663105388,5.0,0.5823788877128133
DW31240411303652,0.25,0.21111442601350353
DW31240510802012,0.25,0.30463396784480756
DW31240510807737,0.416666667,0.4283478372213748
DW31240510808886,0.583333333,0.4769850672111337
DW31240510801977,0.25,0.1748697827019469
DW31240510802969,4.0,0.720579292934416
DW31240510802995,0.583333333,0.4957722621342801
DW31240663105318,13.0,0.8935048295514606
DW31240663105365,0.096153846,0.00753345211875987
DW31240510808932,1.083333333,0.4538555824880833
DW31240411301639,0.5,0.10760807244948867
DW31240510801999,0.416666667,0.5545501644674858
DW31240510806511,0.25,0.440378980532877
DW31240411302414,0.230769231,0.29203955651134583
DW31240510802084,0.416666667,0.23820580630853466
DW31240663105246,0.230769231,0.27207540335333275
DW31240411301710,0.416666667,0.24814317003288813
DW31240510801969,9.0,0.7416197229372085
DW31240510808918,0.416666667,0.3928213811307924
DW31240411301737,0.288461538,0.46947843020592256
DW31240663105274,0.5,0.5320683229898138
DW31240510808882,10.0,0.9889812661290599
DW31240510800126,0.384615385,0.6257628434365489
DW31240510808856,0.25,0.25114321744802015
DW31240510808958,0.326923077,0.5116285960292617
DW31240411301828,0.115384615,0.34489022952037623
DW31240663105458,0.173076923,0.5677346435927207
DW31240663105220,0.25,0.4583486245169859
DW31240510809121,0.166666667,0.11723663996989633
DW31240510802912,0.25,0.468710573052787
DW31240510809921,0.086538462,0.5605220302129313
DW31240510809959,5.0,0.7442673008502452
DW31240663105455,0.192307692,0.5159385237939006
DW31240411302354,0.211538462,0.42926753256672595
DW31240510802919,0.416666667,0.5988361723957089
DW31240210304726,6.0,0.9632774060300302
DW31240210304737,7.0,0.8309261934196412
DW31240210304811,6.0,0.9601576676651563
DW31240411301581,1.0,0.8770215734703553
DW31240411301744,0.666666667,0.4278825428702861
DW31240411301783,0.333333333,0.05587340083042465
DW31240411301807,5.0,0.8693654206081813
DW31240411301871,1.0,0.6919981488418997
DW31240411302234,10.0,0.3885310966409774
DW31240411302260,14.0,0.8254618778410027
DW31240411302295,0.25,0.08425334138322799
DW31240411302327,12.0,0.7001977582955125
DW31240411302366,0.346153846,0.20768059459351326
DW31240411302392,0.3589,0.46834926162130075
DW31240411302395,4.0,0.390771859184776
DW31240411303282,3.0,0.4644174375313479
DW31240411303287,0.173076923,0.3584550979393443
DW31240411303319,0.25,0.17010546211295446
DW31240411303356,4.0,0.8413675534693627
DW31240411303380,0.115384615,0.20689897918688302
DW31240411303406,0.211538462,0.7499180459238464
DW31240411303415,9.0,0.8137028606925978
DW31240411303587,0.833,0.29493730857343964
DW31240411303682,5.0,0.5335696901852509
DW31240411303716,5.0,0.8968597669022912
DW31240411303724,7.0,0.9546998926578916
DW31240411303732,2.0,0.8193546616261695
DW31240411303736,0.269230769,0.22417986106460855
DW31240411303762,7.0,0.6910967120321151
DW31240411303780,1.166666667,0.4020844442687516
DW31240411303886,0.5,0.5285974072205074
DW31240510802013,2.0,0.5240126206300103
DW31240510802135,0.5,0.7050427032353269
DW31240510802913,3.0,0.7369908659854816
DW31240510804181,0.333333333,0.5573785598658081
DW31240510805112,0.230769231,0.1564601046363363
DW31240510805203,0.153846154,0.5151230731403851
DW31240510805210,3.5,0.33044066245884907
DW31240510807735,0.75,0.534233764561399
DW31240510807751,0.5,0.36042405607694505
DW31240510807772,9.0,0.4778975162265115
DW31240510808831,0.75,0.18858211626877228
DW31240510808838,0.833333333,0.0845474457088072
DW31240510808843,0.25,0.05368234033167578
DW31240510808844,0.75,0.3248388162666201
DW31240510808857,0.25,0.0498569244151893
DW31240510808875,0.75,0.3140928901458415
DW31240510808878,0.416666667,0.4402299653008339
DW31240510808879,12.0,0.6707166532785717
DW31240510808890,4.0,0.9010375490271272
DW31240510808911,0.833333333,0.18543073370988386
DW31240510809835,2.0,0.9380068562395291
DW31240510809884,0.583333333,0.8638476146867486
DW31240510809907,0.416666667,0.5694529332723908
DW31240510809931,0.583333333,0.17136442173532032
DW31240510809974,2.0,0.8128288079034967
DW31240510809991,2.0,0.542837313963705
DW31240510809994,4.0,0.5524235972966924
DW31240510809995,5.0,0.8364647775247915
DW31240510810006,2.0,0.2768621685227352
DW31240510810034,0.217948718,0.3220464311704965
DW31240510810035,2.0,0.3438251712418158
DW31240510810068,4.0,0.7754740325933537
DW31240510810072,0.076923077,0.6275998549034111
DW31240510810084,0.333333333,0.5270195832937838
DW31240510810095,0.442307692,0.6292462414509901
DW31240510810441,15.0,0.886377464971572
DW31240510801287,2.0,0.466508629167052
DW31240510801484,0.230769231,0.19731563637955649
DW31240510801859,0.230769231,0.17973224293267656
DW31240510802057,2.0,0.7090549753203894
DW31240510802105,1.833333333,0.7611667864954088
DW31240510802108,0.333333333,0.26302460996241395
DW31240510802797,0.416666667,0.6403016706255936
DW31240510802884,0.333333333,0.6618299866296559
DW31240510802918,0.458333333,0.7477629419939639
DW31240510802937,3.0,0.4082956828639616
DW31240510802993,0.5,0.8296667217070322
DW31240510807789,1.166666667,0.4231392566164156
DW31240510809101,0.153846154,0.30934763955928307
DW31240510801225,2.0,0.5825642624895894
DW31240510802946,2.0,0.8267443177210209
DW31240510802991,2.0,0.5627588390089717
DW31240510802996,0.211538462,0.22245883066507843
DW31240510806974,1.0,0.811172789668884
DW31240510808943,0.333333333,0.16094234313746206
DW31240510809072,0.25,0.5079256608823569
DW31240510808977,1.0,0.4350195665790891
DW31240510809115,0.333333333,0.17512657522584282
DWO31240510809016,0.75,0.5272738455813512
DWO31240510809008,7.0,0.8053445716192199
DW31240510803390,1.0,0.5045014039340346
DW31240510806473,9.0,0.7532084020237986
DW31240510806744,2.0,0.7788050255459655
DW31240510806753,6.0,0.8297237074713416
DW31240411301090,0.307692308,0.10698620461863176
DWO31240510808979,0.75,0.33014769726606796
DW31240411301136,2.0,0.5610651610897032
DW31240411301686,0.019230769,0.018080463725107705
DW31240411301751,0.019230769,0.02208302093443908
DW31240411301629,0.375,0.5665426754700716
DW31240411301756,0.057692308,0.05014940979144696
DW31240510809013,0.416666667,0.6639692094907969
DW31240510809020,0.416666667,0.34432702428852524
DW31240411301638,2.0,0.8507462198270708
DW31240411301644,0.019230769,0.013515930254563399
DW31240411301809,0.057692308,0.052182898186756976
DWO31240510800094,1.0,0.7327904764033525
DW31240510806697,5.0,0.8636470089336717
DW31240663105404,0.096153846,0.36584271449354705
DW31240663106319,0.346153846,0.6480312113603345
DW31240663106358,3.0,0.7315306411416864
DW31240663106482,0.333333333,0.45325051170935254
DW31240663106523,2.0,0.5801089532491412
DW31240663106547,0.333333333,0.41231104196288176
DW31240663105447,4.0,0.7044054254907277
DW31240663106469,1.0,0.7566168210289967
DWO31240663106562,12.5,0.9229073246092332
DW31240663106449,2.0,0.25938368543301565
DW31240663106540,3.0,0.8207482730131852
