sample_id,UMAP 1 coordinate,UMAP 2 coordinate,age,dbscan_cluster
DW31240510808940,6.3661375,5.683161,7.0,1
DW31240510804170,6.9364,5.8019156,4.0,1
DW31240510808962,7.0958495,5.879021,4.0,1
DW31240663105385,7.4799457,5.534629,1.5,1
DW31240663106366,7.7242613,5.630301,2.5,1
DW31240663106442,7.106516,5.5800858,2.0,1
DW31240411302315,5.835283,5.7848268,6.0,1
DW31240663106407,6.05697,6.3645635,6.0,1
DW31240510810083,6.3977265,5.6367598,12.0,1
DW31240510802864,6.5102453,5.5251,5.0,1
DW31240411301711,5.9609003,6.02667,3.0,1
DW31240663105269,5.8103337,6.4662633,10.0,1
DW31240663106311,6.981273,5.9554152,6.0,1
DW31240663106524,7.77674,5.2271166,3.0,1
DW31240210306037,5.8979344,6.1129026,7.0,1
DW31240411301796,7.497787,5.22794,3.0,1
DW31240411301698,5.962521,6.4699016,3.0,1
DWO31240663106373,5.969103,6.42105,3.0,1
DW31240510810009,6.8236384,5.9583063,2.0,1
DW31240663105474,5.910574,6.111119,8.0,1
DW31240510808852,6.018374,6.4038205,9.0,1
DW31240411302368,7.7521253,5.4170437,0.666666667,1
DW31240510802793,7.521809,5.4314346,2.5,1
DW31240411301722,7.098315,5.4676156,6.0,1
DW31240663106403,6.1905966,5.644273,2.0,1
DW31240411301104,6.7297535,5.5432396,8.0,1
DW31240510809885,5.93387,6.500464,10.0,1
DW31240510806567,8.093286,5.377206,1.5,1
DW31240510809893,6.6090703,5.630612,6.0,1
DW31240411303645,6.623708,5.520389,6.0,1
DW31240510808954,6.9192643,5.8732767,2.0,1
DW31240510809045,7.5267396,5.5246305,0.5,1
DWO31240663105386,7.3518233,5.5062575,2.5,1
DW31240663105366,7.8972607,5.6423144,0.75,1
DW31240411301797,7.0678396,5.6588445,0.833333333,1
DW31240411303812,7.72675,5.5172234,0.833,1
DW31240411301088,7.1926246,5.372808,0.416666667,1
DW31240510806710,7.651177,5.134771,1.0,1
DW31240663106364,7.164378,5.487402,1.0,1
DW31240411302195,5.8740673,6.306272,11.0,1
DW31240411303718,6.8697453,5.5759363,1.0,1
DW31240510809076,8.298883,5.6618104,0.583333333,1
DW31240411301071,7.4267216,5.416709,0.583333333,1
DW31240510809048,7.6615467,5.7288866,3.0,1
DW31240663105252,8.367443,5.6815176,1.0,1
DW31240510802023,6.715682,5.544241,0.541666667,1
DW31240411301666,7.7334423,5.6912885,0.75,1
DW31240510808892,8.278239,5.5450196,0.5,1
DW31240411303280,7.1283274,5.46363,0.375,1
DW31240510806596,8.45284,5.7232733,0.333333333,1
DW31240510809901,7.746274,5.6239314,0.583333333,1
DW31240510801997,7.7478514,5.5518613,0.416666667,1
DW31240510810419,5.8695283,6.389397,8.0,1
DW31240510809025,7.2965446,5.4530773,0.416666667,1
DW31240411301740,6.0755367,6.158744,9.0,1
DW31240411301627,8.408467,5.6763897,0.211538462,1
DW31240510807739,8.420345,5.6864753,0.25,1
DW31240510808862,5.7524757,6.411119,6.0,1
DW31240411303815,6.021644,5.9800744,8.0,1
DW31240510802998,5.901669,5.446925,2.0,1
DW31240663105410,7.3362274,5.411713,0.25,1
DW31240411303838,8.466945,5.693611,0.291,1
DWO31240510801974,5.8729253,6.173874,6.5,1
DW31240411301107,6.021258,6.6098723,11.0,1
DW31240663105280,7.3539643,5.3434954,0.333333333,1
DW31240663105415,7.820703,5.4260445,0.333333333,1
DW31240663105486,6.4743533,6.266199,15.0,1
DW31240510809921,7.7436357,5.303896,0.086538462,1
DW31240510802919,8.395311,5.7239065,0.416666667,1
DW31240411303886,7.2698474,5.6159086,0.5,1
DW31240510805203,6.220475,5.5729694,0.153846154,1
DW31240510807735,5.899502,5.899404,0.75,1
DW31240510808878,6.955984,4.962782,0.416666667,1
DW31240510810072,8.509974,5.4925685,0.076923077,1
DW31240510810084,7.5716515,5.325934,0.333333333,1
DW31240510801225,6.0315475,6.2645926,2.0,1
DW31240510802991,6.1314435,6.2003636,2.0,1
DW31240411301136,7.8802886,5.574551,2.0,1
DW31240411301629,8.02865,5.5389237,0.375,1
