sample_id,age,weight,g__Conchiformibius,g__Porphyromonas
DW31240510808865,5.0,170.0,0.0925491,0.3052453
DW31240510802107,1.0,166.0,0.6372924,0.0829462
DW31240510806513,6.0,166.0,0.1887526,0.0605207
DW31240510806340,4.0,165.0,0.0959807,0.0068775
DW31240663106415,3.0,165.0,0.016182,0.6565071
DW31240663106534,3.0,160.0,0.1986885,0.1513454
DW31240411301893,4.0,155.0,0.152199,0.1135955
DW31240411301706,12.58333333,150.0,0.2931599,0.0119308
DW31240411303328,5.0,145.0,0.0241928,0.1477128
DW31240411302940,7.0,140.0,0.9505274,0.0
DW31240510806779,1.416666667,125.0,0.3276285,0.0741221
DW31240510809960,1.0,124.0,0.0077699,0.5993187
DW31240411301675,3.0,120.0,0.0111601,0.4252658
DW31240510802858,1.0,120.0,0.2226165,0.0207492
DW31240510809861,7.0,115.0,0.1820416,0.5119761
DW31240510810078,6.0,115.0,0.1130355,0.0940899
DW31240411301122,9.0,115.0,0.0238072,0.4088916
DW31240411302278,0.666666667,110.0,0.0072327,0.13328
DW31240663105437,4.0,110.0,0.0466997,0.3805058
DW31240510808964,4.0,109.0,0.4182168,0.0053518
DW31240411302321,2.0,105.0,0.015691,0.5413485
DW31240411303658,8.0,105.0,0.2368596,0.0105159
DW31240510804851,2.0,105.0,0.0268104,0.1428275
DW31240510810051,3.0,105.0,0.0845352,0.1764855
DW31240411301833,2.0,105.0,0.0615434,0.198609
DW31240510810090,5.0,105.0,0.0603737,0.229626
DW31240663105430,7.0,102.0,0.0635716,0.4634254
DW31240663106505,1.0,102.0,0.1007613,0.0003554
DWO31240411301658,1.0,101.0,0.0364953,0.0
DW31240411301779,3.0,100.0,0.062355,0.2744548
DW31240510810094,2.0,100.0,0.0481922,0.2856103
DW31240510802889,1.0,100.0,0.0139033,0.3941926
DW31240510809113,2.0,100.0,0.0351655,0.088751
DW31240663106474,9.0,100.0,0.055579,0.4453506
DW31240663106533,3.0,100.0,0.112244,0.2424939
DW31240663106504,1.5,100.0,0.0,0.0491815
DW31240663106510,9.5,99.0,0.0057047,0.6082414
DW31240510809919,5.0,98.0,0.2278025,0.2905405
DW31240510802982,2.0,97.0,0.4141374,0.0
DW31240411301612,2.0,95.0,0.0,0.1407543
DW31240663106498,0.5,95.0,0.0643642,0.0
DW31240510806704,1.0,95.0,0.4130507,0.0818643
DW31240663105291,10.0,95.0,0.012544,0.4876419
DW31240510808819,2.0,92.0,0.0241359,0.0491171
DW31240663105468,3.0,92.0,0.0186206,0.1838718
DW31231210401827,1.0,90.0,0.1291896,0.0161586
DW31240510802828,5.0,90.0,0.0,0.5827452
DW31240411301680,1.5,90.0,0.1047006,0.459164
DW31240663105400,9.0,90.0,0.0049422,0.5576215
DW31240411301693,3.0,90.0,0.0030979,0.5534812
DW31240510808996,2.0,90.0,0.1746513,0.0
DW31240663105250,4.0,90.0,0.0110769,0.3816487
DW31240663105401,3.0,90.0,0.4078734,0.0355238
DWO31240663106363,2.0,90.0,0.1412571,0.1948134
DW31240663105464,1.0,90.0,0.0315123,0.0341863
DW31240663106529,1.5,90.0,0.4411073,0.0231845
DW31240411302224,3.5,89.0,0.2343446,0.2312835
DW31240510810055,6.0,88.0,0.0505263,0.5138606
DW31240510806531,1.333333333,88.0,0.1510969,0.036687
DW31240663106528,9.0,88.0,0.0084859,0.5722701
DW31240411303842,7.0,85.0,0.040133,0.409313
DW31240510801995,10.0,85.0,0.0661356,0.1330691
DW31240510808883,3.0,85.0,0.1101021,0.0414363
DW31240510802977,1.0,85.0,0.0759224,0.0072745
DW31240411302974,5.0,85.0,0.0403057,0.4738526
DW31240411301730,7.0,85.0,0.0015803,0.5947163
DW31240663106404,2.0,85.0,0.1732093,0.0104823
DW31240510807756,7.0,84.0,0.0111124,0.2528194
DW31240510806768,3.0,82.0,0.0690211,0.086285
DW31240411303316,11.0,81.0,0.0102053,0.6350984
DW31240411303686,1.25,81.0,0.4100038,0.016214
DW31240510807732,2.0,81.0,0.0582505,0.2817594
DW31240411303700,9.0,80.0,0.0170418,0.5849745
DW31240510802027,7.0,80.0,0.0501636,0.4721104
DW31240510807709,2.0,80.0,0.3123386,0.1087824
DW31240510808748,11.0,80.0,0.0119029,0.7935112
DW31240510809822,4.0,80.0,0.0797719,0.4862503
DW31240510809982,2.9,80.0,0.4320268,0.0016649
DW31240510810058,3.0,80.0,0.0031194,0.2515051
DW31240510802827,7.0,80.0,0.0731802,0.545663
DW31240510809073,7.0,80.0,0.0116019,0.3149039
DWO31240663105265,10.0,80.0,0.0027903,0.6288776
DW31240411302060,6.5,80.0,0.0321655,0.3219844
DW31240510806582,7.0,80.0,0.0155026,0.515716299
DW31240663105475,8.0,80.0,0.0336357,0.4256751
DW31240510806674,8.0,80.0,0.0400194,0.5004958
DW31240411302291,9.5,79.0,0.0410612,0.3772649
DW31240510806455,1.75,78.0,0.5045311,0.0284944
DW31240510806723,3.833333333,78.0,0.3695718,0.0029866
DW31240411302379,1.5,76.0,0.493141,0.0
DW31240411302943,2.416666667,76.0,0.29791,0.0
DW31240510804406,4.0,76.0,0.0349059,0.4126503
DW31240510808971,10.0,76.0,0.267698,0.3058728
DW31240510807067,4.0,76.0,0.0150414,0.5579892
DW31240411302217,4.0,75.0,0.0343863,0.3042252
DW31240411302252,1.5,75.0,0.0469916,0.4569179
DW31240411302371,5.0,75.0,0.0084215,0.5995067
DW31240411303690,2.0,75.0,0.012427,0.5076334
DW31240510804156,4.0,75.0,0.0293673,0.3492508
DW31240510808823,1.5,75.0,0.2647503,0.133715
DW31240510808863,6.0,75.0,0.1249806,0.2677816
DW31240510809918,1.0,75.0,0.0897132,0.2888887
DW31240510810088,6.5,75.0,0.025318,0.5529445
DW31240510809052,5.0,75.0,0.0074066,0.5412161
DW31240411301109,9.0,75.0,0.0071315,0.8017081
DW31240411302266,4.0,75.0,0.1742896,0.095925
DW31240663105445,6.0,75.0,0.021469,0.3967205
DW31240411301753,3.0,75.0,0.0160953,0.0179758
DW31240663105247,3.0,75.0,0.0828066,0.0943853
DW31240411301683,2.0,75.0,0.1976844,0.270452
DW31240663106506,0.666666667,75.0,0.2275006,0.0139295
DWO31240510809055,4.0,75.0,0.2127042,0.0239159
DW31240663105273,1.0,75.0,0.0,0.0168912
DW31240663106493,3.0,75.0,0.0090466,0.4274957
DW31240663106525,3.0,75.0,0.0325428,0.3429759
DW31240411303729,1.0,73.0,0.118189,0.1161065
DW31240510808978,1.25,73.0,0.0499658,0.0679314
DW31240663105375,1.0,73.0,0.3738619,0.0009938
DW31240510808871,0.833333333,72.0,0.3280711,0.1088518
DWO31240663105239,4.0,72.0,0.083308,0.2170764
DW31240663106432,1.0,72.0,0.3307144,0.0
DW31240510809006,5.0,71.0,0.0358604,0.3612117
DW31240411301787,2.5,70.0,0.2759406,0.1383522
DW31240411302336,3.0,70.0,0.0708861,0.3084325
DW31240411303354,3.0,70.0,0.026084,0.0059948
DW31240411304928,0.666666667,70.0,0.3381307,0.0088634
DW31240510805328,0.666666667,70.0,0.6393946,0.0
DW31240510808858,4.0,70.0,0.0293268,0.4700281
DW31240510808874,5.0,70.0,0.0180042,0.4281827
DW31240510809870,13.0,70.0,0.0311167,0.6020761
DW31240510809941,13.0,70.0,0.0013641,0.7738908
DW31240510802790,11.0,70.0,0.0093223,0.4968865
DW31240510802822,3.666666667,70.0,0.0131355,0.358812
DW31240510808944,2.0,70.0,0.3414181,0.0640876
DW31240510809094,1.0,70.0,0.0720561,0.3191336
DWO31240510806494,5.0,70.0,0.0214337,0.1802515
DW31240663105449,1.166666667,70.0,0.6361611,0.0090431
DW31240411301620,1.25,70.0,0.0731587,0.0981673
DW31240510807791,5.0,70.0,0.0225601,0.384421
DW31240510810424,1.0,70.0,0.0862305,0.074955
DW31240663106550,2.0,70.0,0.0096381,0.549376
DW31240663105306,3.0,70.0,0.31457,0.0546241
DW31240663105487,0.583333333,70.0,0.194473,0.0
DW31240663105492,4.0,70.0,0.0521718,0.5359375
DW31240510810091,7.0,69.0,0.0029524,0.7443895
DW31240411303877,2.0,69.0,0.865557,0.0
DWO31240510809039,3.0,68.0,0.0377625,0.5038798
DW31231210401824,1.0,67.0,0.3094766,0.0050619
DW31240411302398,1.5,67.0,0.1072856,0.3198433
DW31240510808907,11.0,67.0,0.0005574,0.6537694
DW31240510809858,1.0,67.0,0.6335906,0.0
DW31240510807054,0.666666667,67.0,0.102161,0.0481719
DW31240510806767,1.25,67.0,0.0160607,0.3735137
DW31240663105228,4.0,67.0,0.0012497,0.7070005
DW31240663106356,8.5,67.0,0.0034396,0.5786375
DW31240510805118,1.5,66.0,0.0189452,0.6382229
DW31240510809993,6.0,66.0,0.8298298,0.0128721
DW31240510810087,4.0,66.0,0.0745588,0.1517927
DW31240411301611,7.0,65.0,0.0213561,0.4953556
DW31240411301852,6.0,65.0,0.02277,0.5657654
DW31240411302306,10.0,65.0,0.0064456,0.6612467
DW31240510802062,7.0,65.0,0.8567888,0.0700828
DW31240510804189,1.0,65.0,0.0007139,0.5773156
DW31240510805117,4.0,65.0,0.0155293,0.3066761
DW31240510808827,1.0,65.0,0.4050747,0.006824
DW31240510810115,6.0,65.0,0.8099418,0.0004939
DW31240510802955,3.0,65.0,0.0022183,0.1736784
DW31240510809118,2.0,65.0,0.02495,0.4548093
DW31240510806745,2.0,65.0,0.034084,0.1869963
DW31240510806670,5.0,65.0,0.0279454,0.6840277
DW31240411303830,5.0,65.0,0.0724632,0.3736739
DW31240663105270,1.25,65.0,0.213115,0.0145879
DW31240411301717,2.0,65.0,0.0248376,0.2800484
DW31240510806778,1.666666667,65.0,0.0958671,0.1633593
DW31240663105209,9.0,65.0,0.0009489,0.5744872
DW31240510810085,1.0,65.0,0.3628897,0.0260409
DW31240663105257,4.0,65.0,0.0259648,0.0859108
DW31240663105256,16.0,65.0,0.003865,0.5462795
DWO31240663105309,3.0,65.0,0.0,0.7749106
DW31240510802857,0.666666667,65.0,0.1148485,0.0290821
DW31240411301891,6.0,64.0,0.0053877,0.4660367
DW31240411303379,2.0,64.0,0.024422,0.451724
DW31240411302187,0.75,63.0,0.0594862,0.1083654
DW31240411302250,0.75,63.0,0.2078506,0.1113626
DW31240411302293,3.5,63.0,0.2064125,0.1856842
DW31240510808159,7.0,63.0,0.0102878,0.2522687
DW31240510802820,1.75,63.0,0.0996006,0.1335474
DW31240411301829,1.5,63.0,0.3107863,0.0
DW31240411302424,4.0,62.0,0.3731136,0.1744349
DW31240411301754,0.916666667,62.0,0.2395005,0.0
DW31240510806693,7.0,62.0,0.0011332,0.5795512
DWO31240663105418,8.0,62.0,0.0228907,0.5255994
DW31240663105479,2.0,62.0,0.0,0.4533962
DW31240411301135,0.583333333,62.0,0.5469812,0.0035995
DW31240663106496,4.0,62.0,0.060016,0.0895332
DW31240510809868,1.5,61.0,0.0,0.0073218
DW31240411301697,13.0,61.0,0.0039351,0.2620648
DW31240510806756,9.5,61.0,0.0,0.0
DW31240510802853,3.0,60.4,0.1055772,0.4474357
DW31240411301724,5.5,60.0,0.0765767,0.5789115
DW31240411302297,1.0,60.0,0.3419665,0.0047579
DW31240411302401,1.0,60.0,0.2600734,0.0
DW31240411303646,2.5,60.0,0.3367027,0.2823301
DW31240510804176,2.0,60.0,0.0237042,0.1754341
DW31240510804195,0.833333333,60.0,0.0266931,0.1373162
DW31240510805113,3.0,60.0,0.1765602,0.1319883
DW31240510807776,0.5,60.0,0.0840143,0.3681095
DW31240510808603,0.5,60.0,0.2131135,0.0014505
DW31240510809841,0.5,60.0,0.1427943,0.113767
DW31240510809938,0.75,60.0,0.6720193,0.0
DW31240510802899,4.0,60.0,0.004682,0.646475999
DW31240510809112,1.0,60.0,0.014592,0.126668
DW31240510806620,2.0,60.0,0.0413032,0.6108512
DW31240411301121,2.0,60.0,0.2203109,0.0652795
DW31240411301634,3.0,60.0,0.0,0.2639517
DW31240411301682,6.0,60.0,0.3654341,0.050264
DW31240663105432,1.0,60.0,0.0833644,0.4019531
DW31240663106320,0.416666667,60.0,0.1964814,0.0959423
DW31240663106340,1.25,60.0,0.2743768,0.0311956
DW31240663106342,2.0,60.0,0.0220567,0.5328111
DW31240663106538,1.833333333,60.0,0.829913,0.0
DW31240663106322,1.0,60.0,0.1379104,0.2150369
DW31240663106387,1.0,60.0,0.3501145,0.0646697
DW31240663106473,4.0,60.0,0.0022953,0.6154876
DW31240663105312,6.0,60.0,0.0974359,0.0978229
DW31240663106548,0.416666667,60.0,0.3672273,0.0
DW31240663106421,4.0,60.0,0.0056351,0.3460111
DWO31240663105208,5.0,60.0,0.0063436,0.6756357
DWO31240411301652,3.5,59.0,0.2487814,0.0297986
DW31240510806621,0.5,59.0,0.4093038,0.0
DW31240510805111,1.166666667,58.0,0.3199049,0.1353819
DW31240510809961,6.0,58.0,0.0558601,0.5423201
DW31240510802824,5.5,58.0,0.0028928,0.7286726
DW31240510802010,1.0,58.0,0.0354171,0.7643157
DW31240510805126,2.0,58.0,0.2183877,0.0001551
DW31240411301100,12.0,57.5,0.0737228,0.5467347
DW31240411303593,1.0,57.0,0.0846586,0.0219919
DW31240510801994,5.0,57.0,0.0433677,0.3886688
DW31240510808836,5.0,57.0,0.1715748,0.1194165
DW31240510808945,8.0,57.0,0.0901911,0.1895689
DW31240510809084,2.5,57.0,0.3378916,0.0122606
DW31240411302423,7.0,56.0,0.0087249,0.2971146
DW31240510802972,1.5,56.0,0.5782098,0.0
DW31240510809988,1.0,56.0,0.3812429,0.0064087
DW31240510809029,1.0,56.0,0.4309736,0.0
DW31240411301798,6.0,56.0,0.0080038,0.3367594
DW31240663106435,1.5,56.0,0.0919708,0.4231158
DW31240411302178,3.833333333,55.0,0.0,0.4108201
DW31240411302202,1.5,55.0,0.5576619,0.0014467
DW31240411302276,11.0,55.0,0.0101138,0.4557124
DW31240411302281,14.0,55.0,0.0242676,0.4897053
DW31240411302298,0.75,55.0,0.0782046,0.0502178
DW31240411302372,7.0,55.0,0.055168,0.5414593
DW31240411302981,0.833333333,55.0,0.2553975,0.0004022
DW31240411303806,2.0,55.0,0.0036437,0.5344564
DW31240510802992,1.0,55.0,0.0125175,0.1954356
DW31240510803391,4.0,55.0,0.3658534,0.0002157
DW31240510805136,3.0,55.0,0.0562709,0.0708963
DW31240510809955,1.5,55.0,0.3038514,0.081475
DW31240510809986,0.75,55.0,0.1548247,0.0
DW31240510810104,10.0,55.0,0.035171,0.1089023
DW31240510802925,1.0,55.0,0.234072,0.1165995
DW31240510802926,3.0,55.0,0.0114017,0.4270772
DW31240510802976,11.0,55.0,0.0076772,0.6389658
DW31240510806606,2.0,55.0,0.3362656,0.1161805
DWO31240510808908,7.0,55.0,0.101764672,0.426779864
DW31240510806676,3.0,55.0,0.069273,0.0
DWO31240411301707,4.0,55.0,0.1061043,0.0
DW31240411301688,5.0,55.0,0.1810652,0.2949233
DW31240663105229,0.5,55.0,0.0043667,0.0
DW31240663106444,1.0,55.0,0.3089875,0.0377897
DWO31240663105406,10.0,55.0,0.008041,0.2048601
DW31240663106370,10.0,55.0,0.0534853,0.3753987
DW31240411301875,3.0,55.0,0.3143471,0.0250494
DW31240663106467,1.0,55.0,0.0884826,0.0102764
DW31240510808903,2.5,55.0,0.848259099,0.0103783
DW31240663105299,0.833333333,55.0,0.0801782,0.1567942
DW31240411302351,2.0,54.0,0.1156582,0.0008903
DW31240411303787,1.0,54.0,0.1313715,0.1261464
DW31240411301881,5.0,54.0,0.0070552,0.6038453
DW31240663106439,0.75,54.0,0.0412851,0.7041222
DW31240663106328,2.0,54.0,0.3032126,0.1827642
DW31240510809838,0.583333333,53.6,0.2622675,0.0661745
DW31240411302236,0.666666667,53.0,0.1659813,0.1228094
DW31240510807766,0.916666667,53.0,0.272855208,0.257385671
DW31240510808821,10.0,53.0,0.0518677,0.5761061
DW31240510808952,3.0,53.0,0.0086235,0.7470954
DW31240510806392,1.0,53.0,0.0081089,0.6631003
DW31240510802975,6.0,53.0,0.0272697,0.4145041
DW31240510806562,3.0,53.0,0.0065726,0.3566083
DW31240663106443,2.0,53.0,0.0992071,0.0039966
DW31240663106477,3.0,53.0,0.0324532,0.5477493
DW31240663106446,1.0,53.0,0.0080013,0.756947299
DW31240663106475,1.0,53.0,0.1196877,0.223261
DW31240411301822,0.666666667,52.5,0.3299208,0.0202743
DW31240411303779,5.0,52.0,0.0576428,0.3117568
DW31240510804184,3.0,52.0,0.0041708,0.6865985
DW31240510802080,0.583333333,52.0,0.2413857,0.0432329
DW31240411301899,2.0,52.0,0.6113907,0.0
DW31240510806578,6.0,52.0,0.0062382,0.4561585
DW31240411301111,3.0,52.0,0.0348587,0.2630827
DW31240663105394,0.5,52.0,0.0197681,0.2065621
DWO31240663105390,3.0,52.0,0.037603,0.4380587
DW31240663106527,14.0,52.0,0.2427364,0.2280162
DW31240510805143,1.0,51.0,0.0299413,0.2885959
DW31240510809966,1.0,51.0,0.1537579,0.4200759
DW31240411301889,1.0,51.0,0.2411886,0.0066457
DW31240663106472,1.666666667,51.0,0.0156004,0.484086901
DW31240411301677,10.0,50.0,0.0088173,0.6742131
DW31240411301743,11.0,50.0,0.0035662,0.5858262
DW31240411303757,4.0,50.0,0.3401147,0.2451156
DW31240411303786,2.0,50.0,0.0069022,0.4010468
DW31240411303869,2.0,50.0,0.0403747,0.3301794
DW31240510803392,2.0,50.0,0.9376889,0.0
DW31240510805130,0.666666667,50.0,0.4861885,0.0
DW31240510805137,3.0,50.0,0.0396108,0.0
DW31240510805147,0.416666667,50.0,0.371589,0.0373804
DW31240510805357,1.0,50.0,0.2977206,0.0
DW31240510807749,0.833333333,50.0,0.0583997,0.0595331
DW31240510808835,0.625,50.0,0.0084015,0.2417434
DW31240510809860,6.0,50.0,0.1062627,0.3084953
DW31240510809915,1.0,50.0,0.0266188,0.4453909
DW31240510809978,7.0,50.0,0.0092903,0.6464079
DW31240510809990,1.0,50.0,0.0690045,0.138329
DW31240510810043,0.666666667,50.0,0.0013759,0.0
DW31240510802891,2.0,50.0,0.0179866,0.4899852
DW31240510809010,2.0,50.0,0.1218137,0.2864125
DW31240510805150,1.166666667,50.0,0.0085467,0.6017369
DW31240510808997,2.0,50.0,0.0190312,0.4170145
DWO31240510802087,1.0,50.0,0.0885201,0.0431619
DW31240510802942,7.0,50.0,0.0623398,0.386746
DW31240510806532,10.0,50.0,0.0077273,0.6757181
DW31240510806667,0.5,50.0,0.0264617,0.5082744
DW31240663105450,1.0,50.0,0.0,0.0
DW31240663105473,7.0,50.0,0.2398806,0.0702425
DW31240411301696,2.0,50.0,0.0215741,0.0277759
DW31240663105383,2.0,50.0,0.0346296,0.4716108
DW31240663105384,1.5,50.0,0.2456713,0.0
DW31240411301624,0.5833,50.0,0.203088,0.0002112
DW31240411301720,0.583333333,50.0,0.1037133,0.1543314
DW31240663105024,1.0,50.0,0.0247848,0.0110766
DW31240663106440,1.166666667,50.0,0.1463958,0.150109
DW31240510808946,8.0,50.0,0.0443083,0.4224224
DW31240663105249,1.0,50.0,0.0463389,0.6382467
DW31240663106318,2.0,50.0,0.057225,0.2533788
DW31240663105360,0.833333333,50.0,0.5724259,0.0029429
DW31240663106463,1.0,50.0,0.2210937,0.3271934
DW31240663106535,12.0,50.0,0.0032375,0.4928954
DW31240510802043,2.0,50.0,0.6356623,0.0
DW31240663105198,0.833333333,50.0,0.6342864,0.0012528
DW31240663105363,0.5,50.0,0.1276127,0.0
DW31240663106526,0.583333333,50.0,0.3372531,0.022789
DW31240411303749,0.75,49.5,0.1204894,0.0109595
DW31240510806701,1.0,49.5,0.7431127,0.0
DW31240510809046,1.833333333,49.0,0.317741,0.0867086
DW31240663105278,4.0,49.0,0.0744512,0.2258065
DW31240411301758,2.5,48.0,0.2901341,0.005029
DW31240411303475,1.0,48.0,0.0615824,0.1439258
DW31240411303741,1.0,48.0,0.1969562,0.1294807
DW31240510802134,1.0,48.0,0.3257905,0.0210873
DW31240510809862,4.0,48.0,0.0514278,0.3140299
DW31240510809886,1.0,48.0,0.4383136,0.0377175
DW31240510809892,11.0,48.0,0.0156872,0.1543613
DW31240510810426,3.0,48.0,0.3757084,0.0282703
DW31240510806546,0.75,48.0,0.0667098,0.0986647
DW31240663105397,4.0,48.0,0.082568,0.600116099
DW31240663106545,3.0,48.0,0.1100588,0.1671033
DW31240510806785,9.0,48.0,0.0,0.3439425
DWO31240510808913,1.0,48.0,0.010439,0.7602507
DW31240663106559,2.0,48.0,0.0941424,0.1411114
DW31240663106503,0.416666667,48.0,0.0748054,0.4254512
DW31240663105370,3.0,47.8,0.0139278,0.7580821
DW31240411301824,3.0,47.0,0.0473713,0.3905934
DW31240411302273,1.0,47.0,0.2271685,0.0361393
DW31240510805135,2.0,47.0,0.0485854,0.4417412
DW31240510802943,2.0,47.0,0.0704504,0.2755345
DW31240510806700,10.0,47.0,0.0014496,0.7895362
DW31240510806761,1.5,47.0,0.2196634,0.0409964
DW31240663106436,3.0,47.0,0.1001735,0.2019239
DW31240411301883,5.0,46.0,0.0080302,0.1846994
DW31240510809997,2.0,46.0,0.0358567,0.1500744
DW31240510807785,1.0,46.0,0.203693,0.1272093
DW31240663105368,0.75,46.0,0.2615259,0.0515936
DW31240411301661,2.0,46.0,0.4261732,0.0429162
DW31240411302182,0.583333333,45.0,0.6192787,0.0
DW31240411302197,0.5,45.0,0.1002224,0.2121528
DW31240411302201,1.5,45.0,0.6104132,0.0004473
DW31240411302275,11.0,45.0,0.0116465,0.4284408
DW31240411302365,0.5,45.0,0.0800277,0.1845056
DW31240411302946,0.75,45.0,0.1576288,0.24238
DW31240411303721,0.916666667,45.0,0.2903666,0.0589388
DW31240411303723,7.0,45.0,0.0014606,0.7624284
DW31240411303808,1.5,45.0,0.0873209,0.0079529
DW31240510804192,2.0,45.0,0.2720377,0.0012433
DW31240510806472,2.0,45.0,0.3995258,0.0437054
DW31240510808607,6.0,45.0,0.0496935,0.2239083
DW31240510809940,1.0,45.0,0.7733242,0.0
DW31240510809983,1.5,45.0,0.1461561,0.2553716
DW31240510810029,1.0,45.0,0.3625619,0.0603741
DW31240510810100,1.5,45.0,0.0191573,0.7240626
DW31240510809100,12.0,45.0,0.0039029,0.6113046
DW31240510808939,1.0,45.0,0.0777731,0.2775244
DW31240510806762,5.0,45.0,0.2406415,0.2176988
DW31240411301073,0.833333333,45.0,0.4096805,0.0
DW31240663104812,0.916666667,45.0,0.3318783,0.0
DW31240663105423,6.0,45.0,0.0299078,0.6529561
DW31240411301752,8.0,45.0,0.0050271,0.6511707
DW31240663105224,2.0,45.0,0.014938,0.6340796
DW31240663105425,0.583333333,45.0,0.0615782,0.3329258
DW31240663106539,4.0,45.0,0.1531904,0.3509842
DW31240663105258,3.0,45.0,0.0,0.3446857
DW31240411301115,0.416666667,45.0,0.2863301,0.0146908
DW31240663105480,0.916666667,45.0,0.1971215,0.0737598
DW31240663106451,0.5,45.0,0.4324708,0.0398573
DW31240663106551,1.0,45.0,0.0315909,0.3198655
DWO31240663105253,9.0,45.0,0.0382052,0.3726597
DW31240411301801,1.0,45.0,0.0100066,0.5174015
DW31240510806731,11.0,45.0,0.0,0.7724625
DW31240510805322,0.75,45.0,0.2260296,0.0384799
DW31240411301780,1.0,44.0,0.2193149,0.0271607
DW31240510807733,2.0,44.0,0.6785834,0.0
DW31240510810064,11.0,44.0,0.0319302,0.6406978
DW31240663105413,8.0,44.0,0.0328368,0.5377609
DW31240510808846,6.0,43.0,0.0035445,0.4592999
DW31240510802944,2.0,43.0,0.0155172,0.2195196
DW31240411301819,0.416666667,43.0,0.251038,0.0336461
DW31240663106361,0.666666667,43.0,0.0,0.0
DW31240411302387,2.0,42.0,0.008696,0.4301623
DW31240510804140,3.666666667,42.0,0.0038039,0.6958509
DW31240510802855,2.0,42.0,0.2656897,0.0211934
DW31240510802906,6.0,42.0,0.0087494,0.3359941
DW31240411301066,3.0,42.0,0.0,0.4523495
DWO31240510809019,1.0,42.0,0.1042399,0.1023061
DW31240510808924,4.0,42.0,0.1279833,0.0675915
DW31240663105409,0.583333333,42.0,0.3326881,0.0
DW31240663106300,0.916666667,42.0,0.0,0.0
DW31240663106563,0.333333333,42.0,0.3581994,0.3203125
DW31240510802789,1.083333333,41.4,0.6142842,0.0058076
DW31240510805704,2.0,41.0,0.0482958,0.1219407
DW31240510806109,1.5,41.0,0.104905,0.100377
DWO31240663106481,1.25,41.0,0.0611019,0.3245753
DW31240411301747,0.75,40.0,0.7420233,0.0407011
DW31240411302218,9.0,40.0,0.0219419,0.7293299
DW31240411302389,3.0,40.0,0.0850277,0.2839944
DW31240510805123,0.5,40.0,0.0293192,0.2950551
DW31240510807788,15.0,40.0,0.0005279,0.680803899
DW31240510808839,1.0,40.0,0.0833047,0.3403691
DW31240510809037,4.0,40.0,0.0049746,0.6274407
DW31240411301097,4.0,40.0,0.1457453,0.2636977
DW31240411301739,0.5,40.0,0.050098,0.4411115
DW31240411301742,0.916666667,40.0,0.2388159,0.1054118
DW31240510806648,0.666666667,40.0,0.4065717,0.0262309
DW31240411301734,9.0,40.0,0.0030471,0.6239386
DW31240510801975,0.5,40.0,0.0064956,0.0542697
DW31240411301144,4.0,40.0,0.0589682,0.591962001
DW31240510806643,0.666666667,40.0,0.0562953,0.1744745
DW31240663104989,0.416666667,40.0,0.0732374,0.175242
DW31240411301664,6.0,40.0,0.0183583,0.7046996
DW31240663106388,0.666666667,40.0,0.1281918,0.0048824
DW31240663105303,0.75,40.0,0.0922453,0.3021819
DW31240663106502,3.0,40.0,0.0294278,0.643737199
DW31240510806535,6.0,40.0,0.5182872,0.0653214
DW31240663105471,0.666666667,40.0,0.2506694,0.0063942
DW31240510806615,1.5,39.4,0.0007743,0.1284366
DW31240663106549,5.0,39.2,0.5105752,0.0483808
DW31240510809871,0.416666667,39.0,0.151454,0.6365083
DW31240510806631,0.333333333,39.0,0.0,0.5193218
DW31240663105288,0.916666667,39.0,0.0732707,0.1024592
DW31240663106309,0.458,38.6,0.0,0.0
DW31240411302369,15.0,38.0,0.0094136,0.4335476
DW31240411303692,0.583333333,38.0,0.5658586,0.0695637
DW31240510804124,0.346153846,38.0,0.4134478,0.2074735
DW31240510808870,0.666666667,38.0,0.0962509,0.0
DW31240510810011,1.5,38.0,0.0886496,0.1157807
DW31240510810054,0.5,38.0,0.0281191,0.0
DW31240510810061,1.333333333,38.0,0.0101516,0.4898537
DW31240510802861,0.416666667,38.0,0.0130047,0.2683821
DW31240510809015,1.166666667,38.0,0.0220144,0.0348783
DW31240663105476,0.583333333,38.0,0.1484569,0.0010598
DW31240663106543,2.0,38.0,0.1271978,0.2164506
DW31240510810032,0.583333333,37.5,0.1073805,0.008662
DW31240510808840,0.5,37.0,0.1132995,0.3388847
DW31240510808914,6.0,37.0,0.1699839,0.3545298
DW31240510802897,4.0,37.0,0.0297316,0.6071335
DWO31240663106480,5.0,37.0,0.002553,0.5603727
DW31240663105284,0.833333333,37.0,0.3918438,0.0455173
DW31240510810440,0.75,36.0,0.5852845,0.0014668
DW31240510802894,1.5,36.0,0.1028872,0.0275872
DW31240663105251,1.5,36.0,0.0229386,0.5943339
DW31240663105290,1.0,36.0,0.0044038,0.6308301
DW31240663106488,10.0,36.0,0.0053998,0.7095828
DW31240663105419,8.0,35.4,0.0065554,0.4852818
DW31240411301616,0.5,35.0,0.0434857,0.5875936
DW31240411301746,2.0,35.0,0.1250466,0.4411236
DW31240411301867,1.0,35.0,0.3069553,0.0017907
DW31240411303312,1.166666667,35.0,0.0327462,0.6844537
DW31240411303712,4.0,35.0,0.0063214,0.3846552
DW31240411303764,0.5,35.0,0.1474187,0.121155
DW31240510808781,0.5,35.0,0.0,0.0018335
DW31240510808963,0.416666667,35.0,0.1692391,0.1537892
DW31240510807770,0.75,35.0,0.3981073,0.0439614
DW31240510808934,0.583333333,35.0,0.3451835,0.0803901
DW31240510806740,0.333333333,35.0,0.0,0.0
DW31240510806608,0.833333333,35.0,0.007968,0.3375329
DWO31240411301723,0.5,35.0,0.0259964,0.0
DW31240411301110,0.75,35.0,0.3236161,0.0143267
DW31240510806510,0.333333333,35.0,0.6692242,0.0064901
DW31240663105424,5.0,35.0,0.0,0.4941387
DW31240663106544,0.416666667,35.0,0.063849,0.0101658
DW31240663106511,0.346153846,35.0,0.0544632,0.3267513
DW31240663106310,2.0,35.0,0.0554152,0.0401837
DW31240663106478,10.0,35.0,0.0164469,0.5503864
DW31240663106495,3.0,35.0,0.3174881,0.0754827
DW31240663105327,1.0,35.0,0.0293126,0.5182348
DWO31240663105317,10.0,35.0,0.0094989,0.3938754
DW31240411301630,0.75,34.0,0.0459412,0.0027488
DW31240411301642,0.5,34.0,0.0799023,0.2081131
DW31240510806725,14.0,34.0,0.0,0.766448499
DW31240411301606,0.307692308,33.0,0.0,0.0
DW31240510805131,0.5,33.0,0.2228872,0.1828715
DW31240510806487,0.416666667,33.0,0.0041142,0.0
DW31240510802909,0.458333333,33.0,0.6401615,0.0
DW31240411301771,0.375,32.5,0.3356421,0.0
DW31240411301782,1.5,32.0,0.0518941,0.3927111
DW31240411302793,2.0,32.0,0.102042,0.371412
DW31240411303657,0.416666667,32.0,0.6533721,0.0006008
DW31240411303705,5.0,32.0,0.0204588,0.3286229
DW31240411304918,2.0,32.0,0.0321379,0.4097732
DW31240510807734,2.0,32.0,0.144649,0.0834649
DW31240411301641,4.0,32.0,0.0099145,0.428013
DW31240663105261,1.0,32.0,0.4675824,0.0622228
DW31240663105305,0.416666667,32.0,0.3175462,0.0
DW31240663106353,1.0,32.0,0.3710368,0.0114496
DW31240510809909,0.375,31.8,0.2828958,0.2619318
DW31240411303751,0.416666667,31.0,0.2611287,0.0820419
DW31240663105238,0.416666667,31.0,0.0880477,0.2374655
DW31240411301078,7.0,31.0,0.071438,0.1024107
DW31240411302210,2.0,30.0,0.0,0.2741792
DW31240411302212,1.0,30.0,0.1004029,0.0027192
DW31240411302283,1.5,30.0,0.0197039,0.3929555
DW31240411302310,0.25,30.0,0.6882269,0.0
DW31240411303402,0.333333333,30.0,0.4983406,0.0
DW31240510808829,0.333333333,30.0,0.0923976,0.0
DW31240510808906,0.75,30.0,0.0783821,0.4454317
DW31240510802917,0.833333333,30.0,0.0,0.0
DW31240510805140,1.0,30.0,0.0126061,0.5893155
DW31240510806147,0.916666667,30.0,0.4058655,0.0
DW31240510808984,0.416666667,30.0,0.8162539,0.0213033
DW31240510809050,0.416666667,30.0,0.0174928,0.6310918
DW31240510806724,0.5,30.0,0.4903735,0.0124291
DW31240510806634,7.5,30.0,0.0037869,0.5427701
DW31240510806738,7.0,30.0,0.0212703,0.6750283
DW31240510808897,4.0,30.0,0.0215164,0.1140811
DW31240411301738,13.5,30.0,0.3740972,0.1681487
DW31240411301081,15.0,30.0,0.0147506,0.5826761
DW31240411301091,3.0,30.0,0.1244512,0.2816014
DW31240510806568,0.333333333,30.0,0.3667517,0.0
DW31240663105438,0.666666667,30.0,0.0514254,0.1270322
DW31240663106447,7.0,30.0,0.0007867,0.497592
DWO31240510806565,1.0,30.0,0.0218347,0.5266793
DWO31240663105416,0.333333333,30.0,0.3614323,0.1148286
DW31240510808947,1.0,30.0,0.010865,0.7674426
DW31240663105052,0.416666667,30.0,0.7308006,0.0
DW31240663106308,0.416666667,30.0,0.4718059,0.0
DW31240663106347,0.416666667,30.0,0.0258846,0.2188463
DW31240663106323,9.0,30.0,0.006606,0.2935501
DW31240663105496,0.5,30.0,0.0372469,0.0918976
DW31240510809839,0.583333333,29.2,0.2197832,0.0180108
DW31240510808941,0.416666667,29.2,0.0209827,0.1835436
DW31240510807761,11.0,29.0,0.0209383,0.7299053
DW31240510802967,12.0,29.0,0.0321223,0.4423127
DW31240411301102,0.5,29.0,0.104362,0.123686
DW31240411301888,0.5,29.0,0.172562,0.4138371
DW31240663105378,8.0,29.0,0.0531686,0.5972734
DW31240510806489,0.333333333,28.5,0.2174485,0.0
DW31240411303654,8.0,28.0,0.0426985,0.4789367
DW31240411304921,0.5,28.0,0.1063253,0.093552
DW31240510803385,0.333333333,28.0,0.5546322,0.0
DW31240510804145,8.0,28.0,0.0230625,0.4731085
DW31240510809852,2.166666667,28.0,0.0036812,0.0618733
DW31240510809896,0.75,28.0,0.0,0.0
DW31240510809109,0.5,28.0,0.0352074,0.5353678
DW31240663105308,0.666666667,28.0,0.0642929,0.2293531
DW31240663106459,12.0,28.0,0.0127628,0.4609505
DW31240411302279,1.25,27.0,0.5940178,0.0
DW31240411303776,3.0,27.0,0.0013818,0.740274501
DW31240510805329,0.833333333,27.0,0.0970051,0.1401186
DW31240510808850,0.416666667,27.0,0.5654807,0.0
DW31240510808867,1.0,27.0,0.4471611,0.0
DW31240510809844,0.75,27.0,0.4872832,0.0421148
DW31240663105276,0.416666667,27.0,0.5083641,0.0294417
DW31240510810086,0.25,26.5,0.196209,0.0
DW31240411302253,7.0,26.0,0.0071829,0.5583443
DW31240411302303,0.288461538,26.0,0.0148759,0.1997565
DW31240411302313,0.416666667,26.0,0.0383787,0.2400701
DW31240510805154,0.333333333,26.0,0.8355183,0.0
DW31240510809888,0.5,26.0,0.0871975,0.0132991
DW31240510809905,7.0,26.0,0.0056626,0.5690166
DW31240663105454,0.666666667,26.0,0.629114,0.0
DW31240663105234,3.0,26.0,0.0867987,0.3304574
DW31240510810046,3.0,25.5,0.0,0.425842
DW31240411302326,0.5,25.0,0.055185,0.2019653
DW31240411302378,5.0,25.0,0.003421,0.7153199
DW31240411303500,0.3698,25.0,0.0333034,0.0044135
DW31240411303768,2.5,25.0,0.0446045,0.1419081
DW31240510807763,0.416666667,25.0,0.2286888,0.0
DW31240510808826,0.416666667,25.0,0.1937238,0.3726533
DW31240510809912,11.0,25.0,0.0259374,0.5444261
DW31240510810042,1.0,25.0,0.3477629,0.0283823
DW31240510810076,0.416666667,25.0,0.0422397,0.7069911
DW31240510810436,1.5,25.0,0.009173,0.224247
DW31240510805360,0.333333333,25.0,0.0043628,0.0
DW31240510810421,2.0,25.0,0.2261433,0.1223722
DW31240510806566,0.333333333,25.0,0.2051604,0.0473729
DWO31240411301741,0.25,25.0,0.7929721,0.0
DW31240411301112,0.333333333,25.0,0.7202194,0.0
DW31240411301902,5.0,25.0,5.26e-05,0.8136895
DW31240663105427,0.333333333,25.0,0.3684274,0.2423303
DW31240663105462,0.230769231,25.0,0.0,0.0
DW31240510808894,2.0,25.0,0.1056197,0.1395283
DW31240663106456,0.333333333,25.0,0.7383364,0.0
DW31240411301832,0.5,25.0,0.1112986,0.0020296
DW31240663106337,0.326923077,25.0,0.6149425,3.63e-05
DW31240663106398,0.666666667,25.0,0.7356932,0.0
DW31240663105259,0.583333333,25.0,0.0134303,0.6979932
DW31240663106554,2.0,25.0,0.0049151,0.3230624
DWO31240510806734,5.0,25.0,7.3e-06,0.7035388
DWO31240663106514,0.583333333,25.0,0.1707472,0.17431
DW31240411301618,0.5,24.8,0.0,0.0623566
DW31240411301761,5.0,24.0,0.0357828,0.2476982
DW31240411302420,1.0,24.0,0.0743324,0.4111277
DW31240411303711,10.0,24.0,0.0176658,0.6175777
DW31240510808898,11.0,24.0,0.0267897,0.3800883
DW31240663106487,0.375,24.0,0.3624134,0.0
DW31240663106345,0.416666667,24.0,0.6110714,0.0592741
DW31240411303275,0.583333333,23.0,0.4956867,0.024039
DW31240411303706,0.269230769,23.0,0.177217,0.0
DW31240510805115,1.5,23.0,0.0655454,0.0405925
DW31240510809873,0.916666667,23.0,0.0903162,0.1593357
DW31240510809985,10.0,23.0,0.0491936,0.6180926
DW31240510810053,11.0,23.0,0.0,0.6865096
DW31240663106329,3.0,23.0,0.0104548,0.6028521
DW31240663106299,0.416666667,23.0,0.0159967,0.3112342
DW31240663106567,0.416666667,23.0,0.7481418,0.0
DW31240510808783,3.0,22.5,0.0357132,0.6899542
DW31240510805134,0.416666667,22.0,0.3727599,0.1716181
DW31240510805146,0.25,22.0,0.3761824,0.0
DW31240510805161,5.0,22.0,0.0152383,0.5656875
DW31240510809903,0.269230769,22.0,0.6237731,0.0
DW31240510802877,0.25,22.0,0.3730272,0.0
DW31240510802908,8.0,22.0,0.0031993,0.6970597
DW31240510807035,0.416666667,22.0,0.2564036,0.1309898
DW31240411301898,0.416666667,22.0,0.715377,0.0
DW31240411301684,0.25,22.0,0.2681921,0.0
DW31240411301118,0.666666667,22.0,0.0057343,0.572087099
DW31240510809875,0.5,21.0,0.0447678,0.2984499
DW31240510810107,2.5,21.0,0.0115882,0.4298404
DW31240510810109,13.0,21.0,0.0078107,0.7242376
DW31240510808980,11.0,21.0,0.0,0.2357455
DWO31240663105311,8.0,21.0,0.2145902,0.0050198
DW31240663106448,0.416666667,21.0,0.1897125,0.1733631
DW31240663105460,0.307692308,21.0,0.0997058,0.0
DW31240663106326,0.833333333,20.6,0.0,0.0309495
DW31240663105300,0.230769231,20.4,0.3348902,0.0
DW31240411301785,13.0,20.0,0.000651735,0.635173445
DW31240411302233,0.416666667,20.0,0.0571117,0.2823065
DW31240411302271,2.5,20.0,0.3535165,0.2851793
DW31240411302328,0.333333333,20.0,0.3957215,0.0
DW31240411302385,10.0,20.0,0.0298394,0.4511078
DW31240411303403,0.307692308,20.0,0.4274151,0.0028271
DW31240411303782,6.0,20.0,0.0030733,0.5269251
DW31240510809973,3.0,20.0,0.0271301,0.0382052
DW31240510802890,0.333333333,20.0,0.0984256,0.2024877
DW31240510802924,1.2,20.0,0.0,0.1963815
DW31240510809027,0.230769231,20.0,0.3122903,0.0
DW31240510808860,0.75,20.0,0.6015613,0.0
DW31240510808915,1.0,20.0,0.3905123,0.0315501
DW31240411301074,0.416666667,20.0,0.2737376,0.1069994
DW31240663105461,0.5,20.0,0.1894133,0.1759496
DWO31240510806776,1.0,20.0,0.0011989,0.346985
DW31240663105248,0.5,20.0,0.4137115,0.0335002
DW31240663105428,0.25,20.0,0.5226302,0.0
DW31240663106360,0.416666667,20.0,0.0836839,0.6344414
DW31240663106416,11.0,20.0,0.0003692,0.6951473
DWO31240663105433,10.0,20.0,0.0960515,0.2919416
DW31240663106351,11.0,20.0,0.0004709,0.7965181
DWO31240663106457,0.230769231,20.0,0.1097842,0.0
DW31240510809040,0.230769231,19.8,0.1351732,0.0
DW31240663105294,0.230769231,19.6,0.2832168,0.0
DW31240510809056,5.0,19.5,0.0009724,0.786184
DW31240411301140,0.25,19.3,0.0554687,0.0
DW31240411301745,11.0,19.0,0.0,0.595471
DW31240411302261,4.0,19.0,0.0336853,0.6437355
DW31240411303684,2.0,19.0,0.0628058,0.0967682
DW31240411303737,0.666666667,19.0,0.3432246,0.0144131
DW31240663106396,1.166666667,19.0,0.0,0.694864
DW31240663106571,2.0,19.0,0.1765766,0.3947307
DW31240663105324,0.416666667,19.0,0.1355651,0.2575002
DW31240411301709,0.1731,18.8,0.4527768,0.0
DW31240510806537,0.416666667,18.5,0.7283193,0.0
DW31240510808880,0.5,18.2,0.0435466,0.2998639
DW31240411301072,1.416666667,18.2,0.1503739,0.1761468
DW31240411302308,3.0,18.0,0.241887,0.3722738
DW31240510808861,13.0,18.0,0.0261072,0.5884586
DW31240510809911,12.0,18.0,0.0,0.6864563
DWO31240510810420,4.0,18.0,0.0006353,0.5346528
DW31240510806569,1.0,18.0,0.1181768,0.0199566
DW31240510806580,0.416666667,18.0,0.0099035,0.6088068
DW31240510809031,0.416666667,18.0,0.0367619,0.5241727
DW31240663105271,0.346153846,18.0,0.3689083,0.0770911
DW31240663105281,8.0,18.0,0.0099065,0.5742705
DW31240663105398,2.0,18.0,0.1415784,0.0299298
DW31240663106468,0.333333333,18.0,0.0036009,0.526498
DW31240510809067,12.0,18.0,0.0061552,0.4965014
DW31240663106327,0.75,18.0,0.303515,0.0582797
DW31240663106460,0.25,18.0,0.825306699,0.0
DW31240411302223,13.0,17.4,0.0083869,0.6704416
DW31240663106333,12.0,17.4,4.11e-05,0.5550246
DW31240411301588,6.0,17.0,0.0057422,0.6604535
DW31240411301687,0.269230769,17.0,0.4269678,0.0
DW31240411302299,0.25,17.0,0.0841493,0.0
DW31240411302333,0.291,17.0,0.0289774,0.605607
DW31240510808820,1.5,17.0,0.3045502,0.0515786
DW31240510809996,8.0,17.0,0.0154633,0.7829326
DW31240510810047,2.0,17.0,0.1675227,0.0
DWO31240510808992,0.269230769,17.0,0.565067,0.0040989
DW31240411301870,1.0,17.0,0.0306764,0.2951545
DW31240411301075,2.0,17.0,0.0425239,0.5906441
DWO31240663105277,7.0,17.0,0.0024376,0.8879753
DW31240510806515,0.5,17.0,0.0161707,0.5994547
DW31240663105267,0.33333,17.0,0.0,0.0620545
DW31240663106515,6.0,17.0,0.0,0.5255541
DW31240510806673,13.5,16.8,0.0116961,0.4573726
DW31240411302953,0.333333333,16.0,0.4081814,0.0
DW31240510804147,10.0,16.0,0.0098189,0.2859153
DW31240510809967,4.0,16.0,0.0005552,0.6713662
DW31240510810048,0.115384615,16.0,0.8506317,0.0
DW31240510810080,1.5,16.0,0.0201015,0.2161358
DW31240510809058,2.0,16.0,0.6122915,0.0099172
DW31240510800240,4.0,16.0,0.0029478,0.3666758
DW31240510806581,7.0,16.0,0.0685131,0.5139709
DW31240411301714,1.0,16.0,0.3549942,0.0032826
DW31240411301632,1.0,16.0,0.0973759,0.1332809
DW31240663104963,1.0,16.0,0.3273729,0.0401713
DW31240510810070,0.25,15.7,0.5130672,0.0
DW31240411301786,0.346153846,15.0,0.0541386,0.5461634
DW31240411302200,3.0,15.0,0.0036594,0.7829492
DW31240411302249,0.230769231,15.0,0.2849422,0.0
DW31240411302305,12.0,15.0,0.0133618,0.7640841
DW31240411303717,10.0,15.0,0.0030943,0.7423139
DW31240510801996,4.0,15.0,0.090983,0.4281746
DW31240510802044,2.0,15.0,0.3977637,0.0455363
DW31240510804188,0.269230769,15.0,0.0,0.0
DW31240510805129,1.0,15.0,0.0552762,0.0068565
DW31240510805132,3.0,15.0,0.012516,0.5904713
DW31240510808750,17.0,15.0,0.002266695,0.592953198
DW31240510808873,14.0,15.0,0.0014192,0.7236791
DW31240510810004,0.25,15.0,0.4923758,0.0
DW31240510810097,1.0,15.0,0.062133,0.2416296
DW31240510809021,9.0,15.0,0.0299121,0.5355983
DW31240510809001,0.333333333,15.0,0.691169,0.0
DW31240510806696,8.0,15.0,0.0019151,0.3827195
DW31240663105380,2.0,15.0,0.1556219,0.2700799
DW31240411301757,0.8333,15.0,0.3966341,0.0
DW31240663105203,0.333333333,15.0,0.4154355,0.0178473
DW31240663106450,0.333333333,15.0,0.6933258,0.0
DW31240663105236,4.0,15.0,0.1209426,0.4528027
DW31240411301655,4.0,15.0,0.0839513,0.3368529
DW31240663105499,5.0,15.0,0.0043071,0.3059384
DW31240663106453,0.166666667,15.0,0.5860612,0.0
DW31240663105320,3.0,15.0,0.0,0.1612762
DW31240411301672,0.192307692,14.0,0.5178232,0.0
DW31240411302292,1.0,14.0,0.3176296,0.0
DW31240411302300,10.0,14.0,0.0043567,0.6490644
DW31240411302307,7.0,14.0,0.1785109,0.1550304
DW31240411302941,6.0,14.0,0.0573936,0.6773821
DW31240411303414,7.0,14.0,0.1678716,0.4158186
DW31240510805326,8.0,14.0,0.0,0.5720421
DW31240510802939,0.173076923,14.0,0.820213799,0.0
DW31240411301643,1.0,14.0,0.0637523,0.3630855
DW31240510806509,7.0,14.0,0.0046009,0.6687815
DW31240663105403,8.0,14.0,0.0292042,0.7543916
DWO31240663105405,0.666666667,14.0,0.0,0.0
DW31240663106470,0.416666667,14.0,0.0033681,0.2639655
DW31240663105301,2.0,14.0,0.0936632,0.3332127
DWO31240663105298,0.333333333,14.0,0.0,0.0
DW31240411303315,4.0,13.5,0.0020312,0.6129791
DW31240411302219,4.0,13.4,0.0389841,0.598472
DW31240411302963,8.0,13.0,0.151818,0.3860064
DW31240510805145,0.192307692,13.0,0.0757723,0.0175116
DW31240510805321,3.0,13.0,0.0518666,0.4790127
DW31240510808851,0.230769231,13.0,0.5526304,0.0049397
DW31240510802936,0.75,13.0,0.0543734,0.3097555
DW31240510807064,1.583333333,13.0,0.0414958,0.3683523
DW31240510810057,1.583333333,13.0,0.1302314,0.1215082
DW31240510806629,0.583333333,13.0,0.113814,0.0048895
DW31240411301105,0.375,13.0,0.625662901,0.0035975
DW31240411301166,0.192307692,13.0,0.2441065,0.0291824
DW31240510806678,1.0,13.0,0.0016721,0.691094099
DW31240663105414,0.333333333,13.0,0.7259557,0.0
DW31240663105429,0.166666667,13.0,0.3630156,0.0
DW31240663106346,3.5,13.0,0.0080446,0.6072371
DWO31240663105213,17.0,13.0,0.0,0.6850148
DWO31240663106349,2.0,13.0,0.0834631,0.0110431
DW31240663105255,6.0,13.0,0.0030155,0.6403036
DW31240663106461,11.0,13.0,0.0,0.5593135
DW31240510801601,6.0,13.0,0.0144555,0.7256066
DW31240663105373,0.583333333,13.0,0.0861349,0.2240971
DW31240510805153,0.25,12.8,0.3916232,0.0
DW31240411302221,1.5,12.6,0.0053394,0.6281533
DW31240411302289,0.25,12.5,0.5664189,0.000149
DW31240510805167,1.416666667,12.5,0.0094783,0.7456397
DW31240411301134,0.019230769,12.2,0.0,0.0
DW31240411301759,1.0,12.0,0.1859935,0.1425649
DW31240411302339,7.0,12.0,0.0112949,0.3699087
DW31240411302976,1.5,12.0,0.0244803,0.3030387
DW31240411303660,8.0,12.0,0.0064093,0.5542495
DW31240510807755,2.0,12.0,0.0272422,0.3803347
DW31240510809071,8.0,12.0,0.0027495,0.7401194
DW31240510802029,6.0,12.0,0.011472,0.6146758
DW31240411301083,0.5,12.0,0.0135658,0.2104601
DWO31240510806711,8.0,12.0,0.0062166,0.5091593
DW31240411301660,7.0,12.0,0.0710004,0.4448784
DW31240663106401,0.038461538,12.0,0.0008635,0.0
DW31240663106462,0.038461538,12.0,0.0,0.001772
DWO31240663106412,11.0,12.0,0.003844,0.6949148
DW31240663105242,2.0,12.0,0.1102744,0.2027957
DW31240510810028,8.583333333,11.6,0.0008157,0.7400967
DW31240510808876,0.166666667,11.4,0.1067033,0.0071994
DW31240663105232,0.333333333,11.2,0.076957,0.0
DW31240510810040,7.0,11.0,0.0252216,0.1701314
DW31240411301695,5.0,11.0,0.0094208,0.558779
DW31240411301708,8.0,11.0,0.000233,0.5671529
DW31240411301645,0.416666667,11.0,0.0094353,0.3583291
DW31240663106395,0.25,11.0,0.1881371,0.0320527
DW31240663105264,7.0,11.0,0.0868606,0.3389375
DW31240510808604,2.5,10.5,0.0068516,0.546521
DW31240663106491,0.416666667,10.5,0.3218,0.1219027
DW31240411302256,0.25,10.0,0.0870754,0.0
DW31240411303713,1.5,10.0,0.0130095,0.4901919
DW31240411303760,11.0,10.0,0.0311693,0.3600222
DW31240510802803,11.0,10.0,0.0038397,0.6718266
DW31240510802883,4.0,10.0,0.0462815,0.649900601
DW31240510802898,0.916666667,10.0,0.3324447,0.1211417
DW31240510805317,8.0,10.0,0.0746686,0.554306
DW31240510807729,5.0,10.0,0.0070609,0.5394619
DW31240510807748,9.0,10.0,0.0202052,0.6993206
DW31240510809962,1.583333333,10.0,0.0059879,0.4020579
DW31240510809984,0.211538462,10.0,0.5746321,0.0001686
DW31240510810037,1.0,10.0,0.015532,0.5454739
DW31240510810077,5.0,10.0,1.37e-05,0.3949279
DW31240510802025,1.333333333,10.0,0.0621982,0.2185169
DW31240510809085,5.0,10.0,0.0047215,0.6411244
DW31240510802989,0.25,10.0,0.3704993,0.0
DW31240510807050,0.833333333,10.0,0.0362626,0.3152028
DW31240510802801,6.0,10.0,0.1616577,0.2160817
DW31240510809053,0.192307692,10.0,0.5370929,0.0
DW31240510806717,0.916666667,10.0,0.007126,0.4544378
DW31240510806665,7.0,10.0,0.0725806,0.4276549
DW31240411301123,2.0,10.0,0.1336362,0.244861
DW31240411301654,0.833333333,10.0,0.0004263,0.5543379
DW31240663105470,3.0,10.0,0.0010282,0.6489418
DW31240663105395,3.0,10.0,0.0042349,0.641852
DW31240663105469,5.0,10.0,0.0165383,0.2757216
DW31240411301799,1.083333333,10.0,0.0,0.7339909
DW31240510805144,4.0,9.8,0.3297804,0.0
DW31240663106455,6.0,9.7,0.0,0.6816562
DW31240510810063,0.5,9.6,0.0256299,0.1167913
DW31240411302813,0.153846154,9.0,0.3327291,0.0
DW31240510809894,0.211538462,9.0,0.8821114,0.0
DW31240510810103,0.458333333,9.0,0.0301646,0.6129713
DW31240510807738,0.269230769,9.0,0.1613129,0.2363539
DW31240510806516,13.0,9.0,0.0016344,0.5309356
DW31240411301076,2.0,9.0,0.0,0.0006534
DW31240663106402,0.038461538,9.0,0.0,0.0
DW31240411301631,0.192307692,8.9,0.0,0.0
DW31240510807758,0.17,8.8,0.5134082,0.0
DW31240411301820,1.0,8.8,0.3877699,0.0
DW31240510802085,0.666666667,8.77,0.0911101,0.0563444
DW31240411301731,0.416666667,8.6,0.0807849,0.4398165
DW31240510805133,0.326923077,8.5,0.5073762,0.0034303
DW31240663106500,14.0,8.5,0.900232,0.0097193
DW31240663106484,0.75,8.5,0.0668208,0.3309066
DW31240411301715,2.0,8.5,0.0102835,0.3685287
DWO31240411301108,7.0,8.5,0.1606737,0.5134461
DW31240411302287,0.333333333,8.0,0.0448107,0.0460242
DW31240411303785,0.583333333,8.0,0.1072097,0.1053278
DW31240510806496,6.0,8.0,0.0071598,0.6743465
DW31240510808902,2.5,8.0,0.1113955,0.3213464
DW31240510809831,11.0,8.0,0.0073386,0.6731945
DW31240510809965,0.25,8.0,0.9778685,0.0
DW31240510809976,0.25,8.0,0.415973,0.022998
DW31240510802850,0.416666667,8.0,0.4234612,0.0040277
DW31240510808955,13.0,8.0,0.0,0.5048051
DW31240510808166,0.307692308,8.0,0.3945883,0.0042182
DW31240510806533,0.583333333,8.0,0.0852651,0.4903078
DW31240510808904,0.416666667,8.0,0.0600962,0.4348895
DW31240411301776,0.416666667,8.0,0.0783556,0.5842532
DW31240663106427,0.096153846,8.0,0.1181383,0.0
DW31240510809958,6.0,7.8,0.0874149,0.0120877
DW31240663105388,5.0,7.8,0.0245393,0.2502229
DW31240411303652,0.25,7.0,0.143548,0.000717
DW31240510802012,0.25,7.0,0.5585875,0.0
DW31240510807737,0.416666667,7.0,0.0224883,0.1568818
DW31240510808886,0.583333333,7.0,0.0,0.3596121
DW31240510801977,0.25,7.0,0.3773003,0.0
DW31240510802969,4.0,7.0,0.0067522,0.6448683
DW31240510802995,0.583333333,7.0,0.0121491,0.2995719
DW31240663105318,13.0,7.0,0.0157123,0.6140576
DW31240663105365,0.096153846,7.0,0.0,0.0
DW31240510808932,1.083333333,7.0,0.0444765,0.2738376
DW31240411301639,0.5,7.0,0.6404543,0.0
DW31240510801999,0.416666667,6.8,0.0026331,0.4493393
DW31240510806511,0.25,6.5,0.163572,0.148458
DW31240411302414,0.230769231,6.4,0.4133865,0.0113304
DW31240510802084,0.416666667,6.0,0.017416,0.0636119
DW31240663105246,0.230769231,6.0,0.610322801,0.0098415
DW31240411301710,0.416666667,5.0,0.5875459,0.0415773
DW31240510801969,9.0,5.0,0.0175918,0.6377163
DW31240510808918,0.416666667,5.0,0.059759,0.7655002
DW31240411301737,0.288461538,5.0,0.1640056,0.3965184
DW31240663105274,0.5,5.0,0.0011608,0.6905407
DW31240510808882,10.0,4.5,0.000825186,0.363248271
DW31240510800126,0.384615385,4.5,0.0367795,0.537666
DW31240510808856,0.25,4.0,0.4463462,0.0634544
DW31240510808958,0.326923077,4.0,0.0299689,0.0452473
DW31240411301828,0.115384615,4.0,0.1414254,0.0160048
DW31240663105458,0.173076923,4.0,0.0026983,0.2873704
DW31240663105220,0.25,3.7,0.0,0.5385566
DW31240510809121,0.166666667,3.4,0.3146337,0.0
DW31240510802912,0.25,3.3,0.1308497,0.1439433
DW31240510809959,5.0,3.0,0.0,0.5163949
DW31240663105455,0.192307692,3.0,0.1152366,0.2622988
DW31240411302354,0.211538462,2.0,0.2468,0.0905609
DW31240210304726,6.0,,0.0046096,0.5825713
DW31240210304737,7.0,,0.0131431,0.5146261
DW31240210304811,6.0,,0.0033655,0.5468326
DW31240411301581,1.0,,0.0205004,0.571615
DW31240411301744,0.666666667,,0.0863114,0.1741637
DW31240411301783,0.333333333,,0.6561077,0.0
DW31240411301807,5.0,,0.0061256,0.6010403
DW31240411301871,1.0,,0.0100943,0.1781651
DW31240411302234,10.0,,0.2044627,0.1371778
DW31240411302260,14.0,,0.0357103,0.5627357
DW31240411302295,0.25,,0.3939409,0.0
DW31240411302327,12.0,,0.0285128,0.4522629
DW31240411302366,0.346153846,,0.6440085,0.000109
DW31240411302392,0.3589,,0.1119811,0.0014612
DW31240411302395,4.0,,0.1703158,0.4562959
DW31240411303282,3.0,,0.0568477,0.0
DW31240411303287,0.173076923,,0.0492081,0.2082951
DW31240411303319,0.25,,0.7860004,0.0
DW31240411303356,4.0,,0.0374157,0.3401024
DW31240411303380,0.115384615,,0.1105268,0.0
DW31240411303406,0.211538462,,0.0047927,0.549664
DW31240411303415,9.0,,0.0052636,0.7568842
DW31240411303587,0.833,,0.3328238,0.0027134
DW31240411303682,5.0,,0.6829875,0.0366997
DW31240411303716,5.0,,0.0150791,0.6640403
DW31240411303724,7.0,,0.0180975,0.4374875
DW31240411303732,2.0,,0.054007,0.5988785
DW31240411303736,0.269230769,,0.3698466,0.0006182
DW31240411303762,7.0,,0.0465871,0.3542227
DW31240411303780,1.166666667,,0.0429634,0.1714233
DW31240510802013,2.0,,0.1178322,0.0722267
DW31240510802135,0.5,,0.0067502,0.645213
DW31240510802913,3.0,,0.0140727,0.5171807
DW31240510804181,0.333333333,,0.1753852,0.2480595
DW31240510805112,0.230769231,,0.785094,0.0
DW31240510805210,3.5,,0.0710085,0.0106502
DW31240510807751,0.5,,0.1928298,0.0134188
DW31240510807772,9.0,,0.3314527,0.0204662
DW31240510808831,0.75,,0.0,0.0
DW31240510808838,0.833333333,,0.2086058,0.0
DW31240510808843,0.25,,0.710934799,0.0
DW31240510808857,0.25,,0.1164543,0.0
DW31240510808875,0.75,,0.2059112,0.0355524
DW31240510808879,12.0,,0.0935811,0.2394044
DW31240510808890,4.0,,0.0293963,0.6051215
DW31240510808911,0.833333333,,0.4098077,0.0
DW31240510809835,2.0,,0.0003991,0.5585912
DW31240510809884,0.583333333,,0.0382078,0.5405813
DW31240510809907,0.416666667,,0.6257551,0.0765487
DW31240510809931,0.583333333,,0.0045982,0.0002692
DW31240510809974,2.0,,0.1006354,0.3643664
DW31240510809991,2.0,,0.2025246,0.0385672
DW31240510809994,4.0,,0.1213755,0.1468202
DW31240510809995,5.0,,0.0231968,0.7485268
DW31240510810006,2.0,,0.681087,0.0139727
DW31240510810034,0.217948718,,0.0620319,0.009506
DW31240510810035,2.0,,0.6065732,0.0
DW31240510810068,4.0,,0.0668916,0.2073986
DW31240510810095,0.442307692,,0.0197706,0.2204846
DW31240510810441,15.0,,0.291290261,0.254902859
DW31240510801287,2.0,,0.2042257,0.0344994
DW31240510801484,0.230769231,,0.7943498,0.0
DW31240510801859,0.230769231,,0.9421387,0.0
DW31240510802057,2.0,,0.0649193,0.086318
DW31240510802105,1.833333333,,0.0164976,0.2588634
DW31240510802108,0.333333333,,0.4005103,0.0254756
DW31240510802797,0.416666667,,0.0187222,0.6545287
DW31240510802884,0.333333333,,0.4049774,0.0532611
DW31240510802918,0.458333333,,0.0124827,0.745903399
DW31240510802937,3.0,,0.2357003,0.1032773
DW31240510802993,0.5,,0.0508075,0.0622072
DW31240510807789,1.166666667,,0.158868,0.1044482
DW31240510809101,0.153846154,,0.5792661,0.0024733
DW31240510802946,2.0,,0.1087171,0.3996754
DW31240510802996,0.211538462,,0.3605436,0.0376524
DW31240510806974,1.0,,0.0031219,0.6710952
DW31240510808943,0.333333333,,0.8358637,0.0
DW31240510809072,0.25,,0.3170038,0.0217577
DW31240510808977,1.0,,0.0,0.2021294
DW31240510809115,0.333333333,,0.1574872,0.0
DWO31240510809016,0.75,,0.366308,0.1126174
DWO31240510809008,7.0,,0.0054748,0.7847099
DW31240510803390,1.0,,0.0587994,0.1727185
DW31240510806473,9.0,,0.0397138,0.7586349
DW31240510806744,2.0,,0.041907,0.2671748
DW31240510806753,6.0,,0.0579965,0.4237482
DW31240411301090,0.307692308,,0.6962076,0.0
DWO31240510808979,0.75,,0.2907201,0.009632
DW31240411301686,0.019230769,,0.0,0.0
DW31240411301751,0.019230769,,0.0001354,0.0
DW31240411301756,0.057692308,,0.0,0.0
DW31240510809013,0.416666667,,0.1029191,0.2767559
DW31240510809020,0.416666667,,0.4782813,0.0302806
DW31240411301638,2.0,,0.0005018,0.7493566
DW31240411301644,0.019230769,,0.0,0.0
DW31240411301809,0.057692308,,0.0,0.0
DWO31240510800094,1.0,,0.066422,0.1948901
DW31240510806697,5.0,,0.0695595,0.4931261
DW31240663105404,0.096153846,,0.0547445,0.2091711
DW31240663106319,0.346153846,,0.1168686,0.5202474
DW31240663106358,3.0,,0.0642135,0.0395162
DW31240663106482,0.333333333,,0.1579598,0.1232351
DW31240663106523,2.0,,0.1758735,0.3446449
DW31240663106547,0.333333333,,0.1982256,0.0748145
DW31240663105447,4.0,,0.0104148,0.6014608
DW31240663106469,1.0,,0.0202896,0.3408244
DWO31240663106562,12.5,,0.0010077,0.4994717
DW31240663106449,2.0,,0.4839116,0.2057386
DW31240663106540,3.0,,0.0191992,0.535063299
