order,UMAP1,UMAP2,spearman_r,mean_abundance
Actinomycetales,10.368732,-0.8314104,0.3339660390172524,0.010983264245937839
Corynebacteriales,10.348316,0.35858703,0.3313976796173575,0.0015222243520709787
Micrococcales,9.160389,0.4497242,0.3002349825927426,0.002943232868289976
Propionibacteriales,9.986699,-0.24671234,0.3157168468630242,0.0022974571019569196
Bacteroidales,10.8665,-0.44553038,0.5965819116003114,0.2802275669427691
Flavobacteriales,9.412149,-0.89661175,0.1600263276149917,0.13505614926753418
Endomicrobiales,10.265142,2.0846813,0.2929792081412254,0.00028557346418919306
Bacillales,7.299407,0.069760755,-0.6315021463898989,0.046131720743706514
Lactobacillales,8.779812,-1.1878597,-0.11671627145918519,0.0022612156434581175
Eubacteriales,10.310821,1.3741683,0.5460200275887812,0.0016914994804693136
Erysipelotrichales,11.542337,0.6076277,0.49537105661277436,0.0059415536152724515
Veillonellales,9.480859,2.6387358,0.12324568753103177,5.0621240871849114e-05
Tissierellales,9.377974,2.1390553,0.21373980910543763,8.040119302456189e-05
Fusobacteriales,8.007858,0.28429642,-0.0986753619764887,0.009303876406423812
Caulobacterales,7.992173,1.5270119,-0.028910431449164338,0.00011349206866400969
Burkholderiales,9.751732,0.30303836,0.5821040942232992,0.017884838639664245
Neisseriales,7.081785,-0.5871602,-0.3991866681657756,0.228746939209313
Desulfovibrionales,10.914923,1.4386925,0.5906212299431705,0.00875359842690301
Campylobacterales,11.049803,0.26323763,0.5186656378234011,0.01280702026006762
Enterobacterales,8.357672,2.0937672,-0.0019523301266835271,0.0418772462951663
Moraxellales,9.473259,-1.5261225,0.06718423018236244,0.04065595628911613
Pasteurellales,7.6665435,-0.60705215,-0.4092391687823943,0.11560527377277359
Pseudomonadales,8.548748,1.3547282,0.05584740018301561,0.0004622860646693327
Xanthomonadales,9.174787,-0.24002229,0.3294404101514424,0.013829452767110006
Spirochaetales,10.934155,0.91126066,0.5609838212529461,0.007300109574762925
Synergistales,9.722229,1.624813,0.19412583421402,1.8095216771644602e-05
Mycoplasmatales,7.7427597,-0.15679467,-0.099817905332884,0.013169334849043382
