trait,fold,sample_id,actual,predicted_cv,residual,best_alpha,best_l1_ratio
Age,1,DW31240411301123,2.0,3.4616997316116453,-1.4616997316116453,0.1,0.8
Age,1,DW31240411301632,1.0,1.737395309278988,-0.737395309278988,0.1,0.8
Age,1,DW31240411301695,5.0,10.90619949342696,-5.906199493426961,0.1,0.8
Age,1,DW31240411301717,2.0,3.9132597214705815,-1.9132597214705815,0.1,0.8
Age,1,DW31240411301730,7.0,6.435538883685892,0.5644611163141082,0.1,0.8
Age,1,DW31240411301787,2.5,3.7332662385373268,-1.2332662385373268,0.1,0.8
Age,1,DW31240411302224,3.5,3.3029783736739824,0.1970216263260176,0.1,0.8
Age,1,DW31240411302395,4.0,4.93197301286293,-0.9319730128629304,0.1,0.8
Age,1,DW31240411302423,7.0,3.502812391245192,3.497187608754808,0.1,0.8
Age,1,DW31240411303315,4.0,4.4366801696782465,-0.4366801696782465,0.1,0.8
Age,1,DW31240411303414,7.0,3.9519718923762808,3.0480281076237192,0.1,0.8
Age,1,DW31240411303757,4.0,3.3745449112542496,0.6254550887457504,0.1,0.8
Age,1,DW31240411303776,3.0,6.48028186791003,-3.48028186791003,0.1,0.8
Age,1,DW31240411303782,6.0,6.928958318665,-0.9289583186649999,0.1,0.8
Age,1,DW31240510802824,5.5,9.864644863511753,-4.364644863511753,0.1,0.8
Age,1,DW31240510802827,7.0,7.529216506768478,-0.5292165067684778,0.1,0.8
Age,1,DW31240510802894,1.5,0.38402569972970113,1.1159743002702989,0.1,0.8
Age,1,DW31240510802899,4.0,6.278307187537028,-2.2783071875370284,0.1,0.8
Age,1,DW31240510802913,3.0,5.467767793394845,-2.467767793394845,0.1,0.8
Age,1,DW31240510804184,3.0,5.676872575464563,-2.6768725754645626,0.1,0.8
Age,1,DW31240510805129,1.0,0.749976002084408,0.25002399791559204,0.1,0.8
Age,1,DW31240510805136,3.0,1.939642883502397,1.060357116497603,0.1,0.8
Age,1,DW31240510805161,5.0,6.063922692429875,-1.063922692429875,0.1,0.8
Age,1,DW31240510805317,8.0,4.9112094622286495,3.0887905377713505,0.1,0.8
Age,1,DW31240510806392,1.0,2.868707149194825,-1.868707149194825,0.1,0.8
Age,1,DW31240510806473,9.0,6.685087820885423,2.314912179114577,0.1,0.8
Age,1,DW31240510806513,6.0,2.939474101806794,3.060525898193206,0.1,0.8
Age,1,DW31240510806562,3.0,4.853294388011989,-1.8532943880119888,0.1,0.8
Age,1,DW31240510806582,7.0,7.220725582774319,-0.2207255827743193,0.1,0.8
Age,1,DW31240510806700,10.0,6.736915604800297,3.2630843951997033,0.1,0.8
Age,1,DW31240510806779,1.416666667,0.903445901915024,0.513220765084976,0.1,0.8
Age,1,DW31240510807709,2.0,2.229997677693351,-0.22999767769335122,0.1,0.8
Age,1,DW31240510807788,15.0,6.190146449787989,8.809853550212011,0.1,0.8
Age,1,DW31240510807791,5.0,4.66785807772349,0.3321419222765103,0.1,0.8
Age,1,DW31240510808894,2.0,2.9057865262865317,-0.9057865262865317,0.1,0.8
Age,1,DW31240510808914,6.0,3.483288171529745,2.516711828470255,0.1,0.8
Age,1,DW31240510808915,1.0,1.2207436621515417,-0.22074366215154173,0.1,0.8
Age,1,DW31240510808971,10.0,3.300472647077174,6.699527352922826,0.1,0.8
Age,1,DW31240510809052,5.0,6.376554833293396,-1.3765548332933957,0.1,0.8
Age,1,DW31240510809073,7.0,8.543547182434024,-1.5435471824340237,0.1,0.8
Age,1,DW31240510809113,2.0,1.7984569531960393,0.20154304680396073,0.1,0.8
Age,1,DW31240510809862,4.0,4.746347446402922,-0.7463474464029218,0.1,0.8
Age,1,DW31240510809915,1.0,4.25664361850046,-3.25664361850046,0.1,0.8
Age,1,DW31240510809955,1.5,1.7535289612841765,-0.25352896128417646,0.1,0.8
Age,1,DW31240510809974,2.0,5.694227703254337,-3.694227703254337,0.1,0.8
Age,1,DW31240510810037,1.0,3.62476699265506,-2.62476699265506,0.1,0.8
Age,1,DW31240510810055,6.0,7.76093449951332,-1.7609344995133203,0.1,0.8
Age,1,DW31240510810058,3.0,3.923598549483049,-0.923598549483049,0.1,0.8
Age,1,DW31240510810424,1.0,1.9254204938226023,-0.9254204938226023,0.1,0.8
Age,1,DW31240663105024,1.0,1.8630256449439457,-0.8630256449439457,0.1,0.8
Age,1,DW31240663105228,4.0,6.272560904445289,-2.272560904445289,0.1,0.8
Age,1,DW31240663105234,3.0,1.8921944790260485,1.1078055209739515,0.1,0.8
Age,1,DW31240663105249,1.0,4.57951804473627,-3.57951804473627,0.1,0.8
Age,1,DW31240663105258,3.0,3.592741134377219,-0.5927411343772189,0.1,0.8
Age,1,DW31240663105264,7.0,5.259815838001829,1.7401841619981706,0.1,0.8
Age,1,DW31240663105273,1.0,4.390640081550969,-3.390640081550969,0.1,0.8
Age,1,DW31240663105290,1.0,5.1246659549081715,-4.1246659549081715,0.1,0.8
Age,1,DW31240663105388,5.0,2.0575355240991136,2.9424644759008864,0.1,0.8
Age,1,DW31240663105447,4.0,7.230974067023171,-3.230974067023171,0.1,0.8
Age,1,DW31240663106443,2.0,1.280977754000983,0.719022245999017,0.1,0.8
Age,1,DW31240663106449,2.0,2.525919102775179,-0.5259191027751791,0.1,0.8
Age,1,DW31240663106461,11.0,5.348772136284944,5.651227863715056,0.1,0.8
Age,1,DW31240663106463,1.0,2.090930767972179,-1.090930767972179,0.1,0.8
Age,1,DW31240663106469,1.0,1.1038220256578763,-0.10382202565787635,0.1,0.8
Age,1,DW31240663106472,1.666666667,4.200555562279716,-2.5338888952797154,0.1,0.8
Age,1,DW31240663106496,4.0,3.050912002711729,0.9490879972882711,0.1,0.8
Age,1,DWO31240510808913,1.0,6.101417107349889,-5.101417107349889,0.1,0.8
Age,1,DWO31240663106480,5.0,9.137006826494776,-4.137006826494776,0.1,0.8
Age,2,DW31240210304811,6.0,9.33342336654258,-3.333423366542579,0.1,0.8
Age,2,DW31240411301075,2.0,3.711603535075123,-1.711603535075123,0.1,0.8
Age,2,DW31240411301620,1.25,0.18913297007468088,1.0608670299253191,0.1,0.8
Age,2,DW31240411301643,1.0,5.303371296045264,-4.303371296045264,0.1,0.8
Age,2,DW31240411301715,2.0,5.224653398055638,-3.224653398055638,0.1,0.8
Age,2,DW31240411301758,2.5,3.6685870114525043,-1.1685870114525043,0.1,0.8
Age,2,DW31240411301829,1.5,2.418678506682676,-0.9186785066826761,0.1,0.8
Age,2,DW31240411301875,3.0,2.373198625888424,0.6268013741115759,0.1,0.8
Age,2,DW31240411301893,4.0,3.685325596129443,0.3146744038705571,0.1,0.8
Age,2,DW31240411302201,1.5,0.4333147534248569,1.066685246575143,0.1,0.8
Age,2,DW31240411302202,1.5,0.8739165630437471,0.6260834369562529,0.1,0.8
Age,2,DW31240411302210,2.0,3.908394092504009,-1.9083940925040088,0.1,0.8
Age,2,DW31240411302307,7.0,3.5476757802835697,3.4523242197164303,0.1,0.8
Age,2,DW31240411303282,3.0,2.911237848210132,0.0887621517898678,0.1,0.8
Age,2,DW31240411303354,3.0,3.3403069769889813,-0.34030697698898127,0.1,0.8
Age,2,DW31240411303684,2.0,2.2953635746349335,-0.29536357463493346,0.1,0.8
Age,2,DW31240411303700,9.0,8.259318483640973,0.740681516359027,0.1,0.8
Age,2,DW31240411303724,7.0,7.767937867324302,-0.767937867324302,0.1,0.8
Age,2,DW31240411303806,2.0,2.5377875703994786,-0.5377875703994786,0.1,0.8
Age,2,DW31240510801601,6.0,6.04988236792762,-0.04988236792762013,0.1,0.8
Age,2,DW31240510802043,2.0,1.7415334847475892,0.2584665152524108,0.1,0.8
Age,2,DW31240510802828,5.0,4.509107126546069,0.49089287345393107,0.1,0.8
Age,2,DW31240510802889,1.0,2.927666837697825,-1.9276668376978252,0.1,0.8
Age,2,DW31240510802955,3.0,4.431049633140374,-1.4310496331403737,0.1,0.8
Age,2,DW31240510803390,1.0,2.0180545004749435,-1.0180545004749435,0.1,0.8
Age,2,DW31240510805111,1.166666667,3.1923687565011063,-2.025702089501106,0.1,0.8
Age,2,DW31240510805117,4.0,3.295411734560418,0.7045882654395821,0.1,0.8
Age,2,DW31240510805126,2.0,0.9393332869499496,1.0606667130500504,0.1,0.8
Age,2,DW31240510806531,1.333333333,0.7624975084872943,0.5708358245127056,0.1,0.8
Age,2,DW31240510806704,1.0,3.233333491114392,-2.233333491114392,0.1,0.8
Age,2,DW31240510806723,3.833333333,4.758573613574013,-0.925240280574013,0.1,0.8
Age,2,DW31240510806731,11.0,7.017608992525297,3.9823910074747033,0.1,0.8
Age,2,DW31240510806744,2.0,2.866837995110338,-0.866837995110338,0.1,0.8
Age,2,DW31240510806761,1.5,2.8768883581538622,-1.3768883581538622,0.1,0.8
Age,2,DW31240510806778,1.666666667,2.1599246228996414,-0.4932579558996413,0.1,0.8
Age,2,DW31240510807732,2.0,2.381520039227018,-0.38152003922701816,0.1,0.8
Age,2,DW31240510807756,7.0,6.171249761189492,0.8287502388105077,0.1,0.8
Age,2,DW31240510808604,2.5,7.840706002572487,-5.340706002572487,0.1,0.8
Age,2,DW31240510808819,2.0,1.8344541464206294,0.16554585357937057,0.1,0.8
Age,2,DW31240510808883,3.0,4.017779163886056,-1.0177791638860558,0.1,0.8
Age,2,DW31240510809056,5.0,4.479274789833821,0.5207252101661792,0.1,0.8
Age,2,DW31240510809868,1.5,1.4254859335076677,0.07451406649233228,0.1,0.8
Age,2,DW31240510809961,6.0,6.148360140471053,-0.14836014047105284,0.1,0.8
Age,2,DW31240510809990,1.0,3.4159663809013088,-2.4159663809013088,0.1,0.8
Age,2,DW31240510809991,2.0,2.519593374733844,-0.5195933747338439,0.1,0.8
Age,2,DW31240510809993,6.0,4.576982275640534,1.4230177243594664,0.1,0.8
Age,2,DW31240510809994,4.0,4.069072089533849,-0.06907208953384902,0.1,0.8
Age,2,DW31240510810068,4.0,5.184983675052448,-1.1849836750524476,0.1,0.8
Age,2,DW31240510810090,5.0,3.10564800887664,1.8943519911233602,0.1,0.8
Age,2,DW31240663105236,4.0,5.691751257032985,-1.6917512570329851,0.1,0.8
Age,2,DW31240663105250,4.0,3.032839744474191,0.9671602555258092,0.1,0.8
Age,2,DW31240663105270,1.25,2.219281128787448,-0.9692811287874479,0.1,0.8
Age,2,DW31240663105306,3.0,2.240731344626346,0.7592686553736541,0.1,0.8
Age,2,DW31240663105469,5.0,4.90793906058632,0.09206093941368021,0.1,0.8
Age,2,DW31240663105475,8.0,6.400050041271069,1.5999499587289314,0.1,0.8
Age,2,DW31240663105492,4.0,2.6824498979270905,1.3175501020729095,0.1,0.8
Age,2,DW31240663106340,1.25,2.3316403755477393,-1.0816403755477393,0.1,0.8
Age,2,DW31240663106370,10.0,4.069067510143105,5.930932489856895,0.1,0.8
Age,2,DW31240663106473,4.0,5.149815574944153,-1.149815574944153,0.1,0.8
Age,2,DW31240663106488,10.0,7.5432181202601045,2.4567818797398955,0.1,0.8
Age,2,DW31240663106493,3.0,4.146695163277772,-1.146695163277772,0.1,0.8
Age,2,DW31240663106495,3.0,2.3440368399248577,0.6559631600751423,0.1,0.8
Age,2,DWO31240411301652,3.5,1.7376443727313542,1.7623556272686458,0.1,0.8
Age,2,DWO31240510802087,1.0,2.897623053327643,-1.897623053327643,0.1,0.8
Age,2,DWO31240510806776,1.0,2.5410976640858305,-1.5410976640858305,0.1,0.8
Age,2,DWO31240510809019,1.0,3.1845913019086405,-2.1845913019086405,0.1,0.8
Age,2,DWO31240510809055,4.0,2.245633646773092,1.7543663532269078,0.1,0.8
Age,2,DWO31240663106363,2.0,2.013258840613884,-0.013258840613883827,0.1,0.8
Age,3,DW31231210401824,1.0,2.609043150268289,-1.6090431502682891,1.0,0.2
Age,3,DW31231210401827,1.0,2.6071085285986815,-1.6071085285986815,1.0,0.2
Age,3,DW31240411301091,3.0,3.4402471983050944,-0.4402471983050944,1.0,0.2
Age,3,DW31240411301688,5.0,5.077041598883961,-0.07704159888396056,1.0,0.2
Age,3,DW31240411301696,2.0,2.217373086428468,-0.2173730864284682,1.0,0.2
Age,3,DW31240411301706,12.58333333,2.579290316327482,10.004043013672518,1.0,0.2
Age,3,DW31240411301738,13.5,4.309005727833302,9.190994272166698,1.0,0.2
Age,3,DW31240411301745,11.0,9.198928714734148,1.8010712852658521,1.0,0.2
Age,3,DW31240411301752,8.0,5.658692574624871,2.3413074253751294,1.0,0.2
Age,3,DW31240411301782,1.5,3.7303780595766156,-2.2303780595766156,1.0,0.2
Age,3,DW31240411302223,13.0,7.573935162718792,5.426064837281208,1.0,0.2
Age,3,DW31240411302300,10.0,10.101484719348118,-0.10148471934811809,1.0,0.2
Age,3,DW31240411302369,15.0,7.665963584981613,7.334036415018387,1.0,0.2
Age,3,DW31240411302424,4.0,3.150545692784627,0.8494543072153729,1.0,0.2
Age,3,DW31240411302963,8.0,4.824061643268461,3.175938356731539,1.0,0.2
Age,3,DW31240411303475,1.0,3.2182523713227176,-2.2182523713227176,1.0,0.2
Age,3,DW31240411303593,1.0,2.3281754161574164,-1.3281754161574164,1.0,0.2
Age,3,DW31240411303716,5.0,5.4513343909354735,-0.45133439093547345,1.0,0.2
Age,3,DW31240411303732,2.0,4.915348351600465,-2.915348351600465,1.0,0.2
Age,3,DW31240411303741,1.0,2.689398826836615,-1.689398826836615,1.0,0.2
Age,3,DW31240411303786,2.0,7.4249937574601965,-5.4249937574601965,1.0,0.2
Age,3,DW31240510801969,9.0,6.670262136909711,2.3297378630902887,1.0,0.2
Age,3,DW31240510801996,4.0,6.453383915725458,-2.4533839157254578,1.0,0.2
Age,3,DW31240510802010,1.0,6.795493814621262,-5.795493814621262,1.0,0.2
Age,3,DW31240510802013,2.0,2.156071685266362,-0.15607168526636217,1.0,0.2
Age,3,DW31240510802025,1.333333333,3.194213180294711,-1.8608798472947112,1.0,0.2
Age,3,DW31240510802801,6.0,4.44665181482592,1.5533481851740802,1.0,0.2
Age,3,DW31240510802906,6.0,4.712301444360041,1.2876985556399587,1.0,0.2
Age,3,DW31240510802937,3.0,3.0295070686207577,-0.029507068620757693,1.0,0.2
Age,3,DW31240510802943,2.0,3.7672287023165754,-1.7672287023165754,1.0,0.2
Age,3,DW31240510802969,4.0,4.921947139910502,-0.9219471399105021,1.0,0.2
Age,3,DW31240510802977,1.0,2.3495533372231394,-1.3495533372231394,1.0,0.2
Age,3,DW31240510804406,4.0,3.6509134043490725,0.3490865956509275,1.0,0.2
Age,3,DW31240510805321,3.0,3.837482713505584,-0.837482713505584,1.0,0.2
Age,3,DW31240510806496,6.0,10.679042657506596,-4.679042657506596,1.0,0.2
Age,3,DW31240510806674,8.0,5.537907756775166,2.462092243224834,1.0,0.2
Age,3,DW31240510806768,3.0,3.0069611288804823,-0.006961128880482281,1.0,0.2
Age,3,DW31240510807785,1.0,2.460217485479212,-1.460217485479212,1.0,0.2
Age,3,DW31240510807789,1.166666667,1.7389748750265603,-0.5723082080265602,1.0,0.2
Age,3,DW31240510808159,7.0,5.215932415599016,1.784067584400984,1.0,0.2
Age,3,DW31240510808748,11.0,6.33595184706041,4.66404815293959,1.0,0.2
Age,3,DW31240510808873,14.0,7.887107231899927,6.112892768100073,1.0,0.2
Age,3,DW31240510808902,2.5,7.221229815138798,-4.721229815138798,1.0,0.2
Age,3,DW31240510808903,2.5,2.875142583597013,-0.3751425835970128,1.0,0.2
Age,3,DW31240510808945,8.0,3.262633928864628,4.737366071135372,1.0,0.2
Age,3,DW31240510808952,3.0,5.910514538451992,-2.9105145384519924,1.0,0.2
Age,3,DW31240510808964,4.0,2.903607527836412,1.096392472163588,1.0,0.2
Age,3,DW31240510809021,9.0,6.255793829719409,2.7442061702805907,1.0,0.2
Age,3,DW31240510809100,12.0,4.612648700859913,7.387351299140087,1.0,0.2
Age,3,DW31240510809911,12.0,7.621607995330794,4.378392004669206,1.0,0.2
Age,3,DW31240510809960,1.0,2.93853994250626,-1.9385399425062602,1.0,0.2
Age,3,DW31240510809985,10.0,4.833379998624775,5.166620001375225,1.0,0.2
Age,3,DW31240510810029,1.0,3.5178172732320725,-2.5178172732320725,1.0,0.2
Age,3,DW31240510810046,3.0,3.058648891528379,-0.05864889152837893,1.0,0.2
Age,3,DW31240510810080,1.5,3.5870785881745224,-2.0870785881745224,1.0,0.2
Age,3,DW31240510810085,1.0,2.3008970696075037,-1.3008970696075037,1.0,0.2
Age,3,DW31240510810094,2.0,4.139467347954236,-2.139467347954236,1.0,0.2
Age,3,DW31240663105327,1.0,3.5704558122050933,-2.5704558122050933,1.0,0.2
Age,3,DW31240663105375,1.0,2.7259563843159667,-1.7259563843159667,1.0,0.2
Age,3,DW31240663105403,8.0,6.945279812016443,1.0547201879835573,1.0,0.2
Age,3,DW31240663105413,8.0,4.523829319421762,3.476170680578238,1.0,0.2
Age,3,DW31240663105445,6.0,4.404487750136361,1.5955122498636394,1.0,0.2
Age,3,DW31240663105468,3.0,3.4764537352348133,-0.47645373523481327,1.0,0.2
Age,3,DW31240663106467,1.0,2.504228227126887,-1.504228227126887,1.0,0.2
Age,3,DW31240663106551,1.0,2.9317208659310543,-1.9317208659310543,1.0,0.2
Age,3,DW31240663106554,2.0,2.4872208275776653,-0.48722082757766527,1.0,0.2
Age,3,DW31240663106571,2.0,2.891322088680336,-0.8913220886803361,1.0,0.2
Age,3,DWO31240411301108,7.0,4.086013837410509,2.9139861625894907,1.0,0.2
Age,4,DW31240411301097,4.0,2.7399537822590556,1.2600462177409444,0.1,0.8
Age,4,DW31240411301634,3.0,2.5733445662019983,0.42665543379800175,0.1,0.8
Age,4,DW31240411301660,7.0,5.225259208992486,1.7747407910075141,0.1,0.8
Age,4,DW31240411301661,2.0,3.7442085199988195,-1.7442085199988195,0.1,0.8
Age,4,DW31240411301677,10.0,6.874893618042373,3.125106381957627,0.1,0.8
Age,4,DW31240411301734,9.0,5.035304954415899,3.964695045584101,0.1,0.8
Age,4,DW31240411301779,3.0,2.946437152893478,0.05356284710652215,0.1,0.8
Age,4,DW31240411301801,1.0,3.296180411629214,-2.296180411629214,0.1,0.8
Age,4,DW31240411301833,2.0,3.9882606747472025,-1.9882606747472025,0.1,0.8
Age,4,DW31240411302217,4.0,3.332077809995618,0.6679221900043819,0.1,0.8
Age,4,DW31240411302252,1.5,3.7385826094737107,-2.2385826094737107,0.1,0.8
Age,4,DW31240411302275,11.0,8.35584886270463,2.6441511372953705,0.1,0.8
Age,4,DW31240411302276,11.0,9.522359368850411,1.4776406311495887,0.1,0.8
Age,4,DW31240411302291,9.5,5.579941428799006,3.920058571200994,0.1,0.8
Age,4,DW31240411302292,1.0,1.7881436568503783,-0.7881436568503783,0.1,0.8
Age,4,DW31240411302378,5.0,10.447851887055041,-5.447851887055041,0.1,0.8
Age,4,DW31240411302401,1.0,1.4393733456785136,-0.4393733456785136,0.1,0.8
Age,4,DW31240411302940,7.0,4.500830791464999,2.499169208535001,0.1,0.8
Age,4,DW31240411302943,2.416666667,0.631858294368373,1.7848083726316268,0.1,0.8
Age,4,DW31240411303356,4.0,3.932532689733284,0.06746731026671604,0.1,0.8
Age,4,DW31240411303686,1.25,2.2171029771893194,-0.9671029771893194,0.1,0.8
Age,4,DW31240411303779,5.0,3.1512223591851587,1.8487776408148413,0.1,0.8
Age,4,DW31240411303808,1.5,2.111111944835926,-0.6111119448359261,0.1,0.8
Age,4,DW31240510802062,7.0,4.176891343253224,2.8231086567467756,0.1,0.8
Age,4,DW31240510802926,3.0,7.277233995479359,-4.277233995479359,0.1,0.8
Age,4,DW31240510802942,7.0,5.371580121060031,1.6284198789399689,0.1,0.8
Age,4,DW31240510802972,1.5,1.650893964297103,-0.150893964297103,0.1,0.8
Age,4,DW31240510805137,3.0,5.354728617741593,-2.3547286177415927,0.1,0.8
Age,4,DW31240510805143,1.0,3.1030138235526756,-2.1030138235526756,0.1,0.8
Age,4,DW31240510805150,1.166666667,3.226505260846637,-2.059838593846637,0.1,0.8
Age,4,DW31240510806472,2.0,2.304180903644994,-0.30418090364499406,0.1,0.8
Age,4,DW31240510806509,7.0,7.447779824080184,-0.44777982408018424,0.1,0.8
Age,4,DW31240510806581,7.0,4.2455722137475815,2.7544277862524185,0.1,0.8
Age,4,DW31240510806693,7.0,5.969726464792138,1.0302735352078622,0.1,0.8
Age,4,DW31240510806697,5.0,5.545010808140403,-0.545010808140403,0.1,0.8
Age,4,DW31240510806756,9.5,5.671954053621111,3.8280459463788894,0.1,0.8
Age,4,DW31240510806785,9.0,11.004487087775125,-2.004487087775125,0.1,0.8
Age,4,DW31240510808607,6.0,5.19913233858046,0.8008676614195398,0.1,0.8
Age,4,DW31240510808750,17.0,10.041334821572555,6.958665178427445,0.1,0.8
Age,4,DW31240510808846,6.0,5.484488440190381,0.5155115598096192,0.1,0.8
Age,4,DW31240510808865,5.0,4.661732263281895,0.3382677367181053,0.1,0.8
Age,4,DW31240510808997,2.0,3.5696137928506233,-1.5696137928506233,0.1,0.8
Age,4,DW31240510809006,5.0,3.9780007544150937,1.0219992455849063,0.1,0.8
Age,4,DW31240510809959,5.0,5.6513455382047875,-0.6513455382047875,0.1,0.8
Age,4,DW31240510809982,2.9,2.1606606529133403,0.7393393470866596,0.1,0.8
Age,4,DW31240510810051,3.0,4.753232134779666,-1.7532321347796662,0.1,0.8
Age,4,DW31240510810064,11.0,7.434778902512627,3.565221097487373,0.1,0.8
Age,4,DW31240510810078,6.0,4.47296463059626,1.5270353694037402,0.1,0.8
Age,4,DW31240510810091,7.0,6.6475282018309745,0.3524717981690255,0.1,0.8
Age,4,DW31240510810104,10.0,4.724992336921516,5.275007663078484,0.1,0.8
Age,4,DW31240663104963,1.0,1.3563914720211736,-0.3563914720211736,0.1,0.8
Age,4,DW31240663105281,8.0,4.817513249180543,3.182486750819457,0.1,0.8
Age,4,DW31240663105397,4.0,3.929901781860659,0.07009821813934103,0.1,0.8
Age,4,DW31240663105450,1.0,2.6489030725657274,-1.6489030725657274,0.1,0.8
Age,4,DW31240663106323,9.0,4.462127254126061,4.537872745873939,0.1,0.8
Age,4,DW31240663106333,12.0,10.888471668925867,1.1115283310741333,0.1,0.8
Age,4,DW31240663106346,3.5,4.513444063606406,-1.0134440636064062,0.1,0.8
Age,4,DW31240663106358,3.0,2.525778123408684,0.474221876591316,0.1,0.8
Age,4,DW31240663106387,1.0,1.27114032427043,-0.27114032427043,0.1,0.8
Age,4,DW31240663106416,11.0,11.15537445855734,-0.15537445855733978,0.1,0.8
Age,4,DW31240663106432,1.0,0.7899695510844151,0.21003044891558487,0.1,0.8
Age,4,DW31240663106440,1.166666667,3.2371965224840373,-2.070529855484037,0.1,0.8
Age,4,DW31240663106455,6.0,8.220802352924803,-2.220802352924803,0.1,0.8
Age,4,DW31240663106533,3.0,3.7237221640102622,-0.7237221640102622,0.1,0.8
Age,4,DW31240663106545,3.0,3.1063659370148176,-0.10636593701481756,0.1,0.8
Age,4,DWO31240510809008,7.0,8.439510692972759,-1.4395106929727586,0.1,0.8
Age,4,DWO31240663105265,10.0,7.092219812192771,2.907780187807229,0.1,0.8
Age,4,DWO31240663105433,10.0,4.157375557865256,5.842624442134744,0.1,0.8
Age,5,DW31240411301078,7.0,1.357644042374757,5.642355957625243,0.1,0.8
Age,5,DW31240411301111,3.0,3.756444880266872,-0.756444880266872,0.1,0.8
Age,5,DW31240411301121,2.0,2.580889217404226,-0.5808892174042262,0.1,0.8
Age,5,DW31240411301144,4.0,7.554746245736535,-3.554746245736535,0.1,0.8
Age,5,DW31240411301638,2.0,6.049007612531188,-4.049007612531188,0.1,0.8
Age,5,DW31240411301641,4.0,2.8891031267586365,1.1108968732413635,0.1,0.8
Age,5,DW31240411301675,3.0,5.126438205575312,-2.1264382055753117,0.1,0.8
Age,5,DW31240411301683,2.0,2.6882133180304937,-0.6882133180304937,0.1,0.8
Age,5,DW31240411301871,1.0,3.5879571018246437,-2.5879571018246437,0.1,0.8
Age,5,DW31240411301883,5.0,2.9871882797234077,2.0128117202765923,0.1,0.8
Age,5,DW31240411302218,9.0,6.297596308383078,2.7024036916169223,0.1,0.8
Age,5,DW31240411302219,4.0,6.0765391489748755,-2.0765391489748755,0.1,0.8
Age,5,DW31240411302253,7.0,5.9911427064793,1.0088572935207,0.1,0.8
Age,5,DW31240411302260,14.0,5.325921213073958,8.674078786926042,0.1,0.8
Age,5,DW31240411302261,4.0,6.897597130429839,-2.8975971304298387,0.1,0.8
Age,5,DW31240411302293,3.5,4.922481278560996,-1.422481278560996,0.1,0.8
Age,5,DW31240411302321,2.0,4.760077862321295,-2.760077862321295,0.1,0.8
Age,5,DW31240411302398,1.5,3.587620371686481,-2.087620371686481,0.1,0.8
Age,5,DW31240411303379,2.0,5.119519368301621,-3.1195193683016207,0.1,0.8
Age,5,DW31240411303760,11.0,7.27978462576855,3.72021537423145,0.1,0.8
Age,5,DW31240510800240,4.0,5.623820968379029,-1.6238209683790288,0.1,0.8
Age,5,DW31240510802822,3.666666667,4.773746649393444,-1.107079982393444,0.1,0.8
Age,5,DW31240510802853,3.0,3.8833016210411526,-0.8833016210411526,0.1,0.8
Age,5,DW31240510802891,2.0,4.270054994190927,-2.270054994190927,0.1,0.8
Age,5,DW31240510802944,2.0,2.0563437370493287,-0.05634373704932871,0.1,0.8
Age,5,DW31240510802967,12.0,5.114252855639136,6.885747144360864,0.1,0.8
Age,5,DW31240510803392,2.0,3.9310671646093995,-1.9310671646093995,0.1,0.8
Age,5,DW31240510804145,8.0,5.800941874070672,2.1990581259293283,0.1,0.8
Age,5,DW31240510804189,1.0,5.155378932777646,-4.155378932777646,0.1,0.8
Age,5,DW31240510805135,2.0,3.3155972212634,-1.3155972212634,0.1,0.8
Age,5,DW31240510806725,14.0,5.325870002002404,8.674129997997596,0.1,0.8
Age,5,DW31240510806767,1.25,3.6029251175056043,-2.3529251175056043,0.1,0.8
Age,5,DW31240510806974,1.0,4.303135388223915,-3.3031353882239154,0.1,0.8
Age,5,DW31240510807729,5.0,5.147536423733483,-0.14753642373348264,0.1,0.8
Age,5,DW31240510808821,10.0,4.594914637273899,5.405085362726101,0.1,0.8
Age,5,DW31240510808861,13.0,8.282099040144999,4.717900959855001,0.1,0.8
Age,5,DW31240510808907,11.0,8.45315291826254,2.546847081737461,0.1,0.8
Age,5,DW31240510808978,1.25,2.5843632821855507,-1.3343632821855507,0.1,0.8
Age,5,DW31240510809067,12.0,5.591089332740625,6.408910667259375,0.1,0.8
Age,5,DW31240510809905,7.0,5.093500189862338,1.906499810137662,0.1,0.8
Age,5,DW31240510809941,13.0,7.575005807444348,5.424994192555652,0.1,0.8
Age,5,DW31240510809958,6.0,0.5715289117267681,5.428471088273232,0.1,0.8
Age,5,DW31240510809966,1.0,2.360887955641109,-1.3608879556411089,0.1,0.8
Age,5,DW31240510809973,3.0,2.7549248125769523,0.24507518742304768,0.1,0.8
Age,5,DW31240510809988,1.0,0.07134147527278678,0.9286585247272132,0.1,0.8
Age,5,DW31240510809997,2.0,3.2183301429507063,-1.2183301429507063,0.1,0.8
Age,5,DW31240510810035,2.0,1.92177504235478,0.07822495764522008,0.1,0.8
Age,5,DW31240510810042,1.0,1.8107275060839263,-0.8107275060839263,0.1,0.8
Age,5,DW31240510810087,4.0,2.7044850993893643,1.2955149006106357,0.1,0.8
Age,5,DW31240510810088,6.5,4.891769694716302,1.6082303052836977,0.1,0.8
Age,5,DW31240663105256,16.0,8.781400872972057,7.218599127027943,0.1,0.8
Age,5,DW31240663105320,3.0,2.9034810225973726,0.09651897740262738,0.1,0.8
Age,5,DW31240663105384,1.5,4.759353108140852,-3.2593531081408518,0.1,0.8
Age,5,DW31240663105400,9.0,5.450596928368558,3.549403071631442,0.1,0.8
Age,5,DW31240663105423,6.0,9.083066942518352,-3.083066942518352,0.1,0.8
Age,5,DW31240663105424,5.0,4.358833659209912,0.6411663407900878,0.1,0.8
Age,5,DW31240663105430,7.0,4.939373309736914,2.060626690263086,0.1,0.8
Age,5,DW31240663105437,4.0,2.6485406438176007,1.3514593561823993,0.1,0.8
Age,5,DW31240663106444,1.0,1.5176656944495122,-0.5176656944495122,0.1,0.8
Age,5,DW31240663106477,3.0,3.325410008411528,-0.3254100084115281,0.1,0.8
Age,5,DW31240663106500,14.0,3.6044957192030544,10.395504280796946,0.1,0.8
Age,5,DW31240663106528,9.0,4.737821945347992,4.262178054652008,0.1,0.8
Age,5,DW31240663106535,12.0,7.722886904666653,4.277113095333347,0.1,0.8
Age,5,DW31240663106540,3.0,4.817617970148458,-1.8176179701484578,0.1,0.8
Age,5,DW31240663106559,2.0,2.8102867667266906,-0.8102867667266906,0.1,0.8
Age,5,DWO31240663105253,9.0,9.81506656021587,-0.81506656021587,0.1,0.8
Age,5,DWO31240663105311,8.0,4.535310723655932,3.4646892763440684,0.1,0.8
Age,5,DWO31240663105418,8.0,8.36395782984884,-0.3639578298488395,0.1,0.8
Age,6,DW31240210304726,6.0,6.982028985311086,-0.9820289853110857,0.1,0.8
Age,6,DW31240411301081,15.0,8.613476188014557,6.386523811985443,0.1,0.8
Age,6,DW31240411301122,9.0,6.24466598581826,2.7553340141817397,0.1,0.8
Age,6,DW31240411301581,1.0,4.48659033930388,-3.4865903393038797,0.1,0.8
Age,6,DW31240411301664,6.0,7.794154454024319,-1.7941544540243193,0.1,0.8
Age,6,DW31240411301680,1.5,3.9090562030300626,-2.4090562030300626,0.1,0.8
Age,6,DW31240411301714,1.0,4.562307281173843,-3.562307281173843,0.1,0.8
Age,6,DW31240411301807,5.0,6.347836213664305,-1.347836213664305,0.1,0.8
Age,6,DW31240411301870,1.0,2.802860567596065,-1.8028605675960652,0.1,0.8
Age,6,DW31240411302212,1.0,1.5558370803493888,-0.5558370803493888,0.1,0.8
Age,6,DW31240411302281,14.0,7.960792273130748,6.039207726869252,0.1,0.8
Age,6,DW31240411302306,10.0,5.255529290598242,4.744470709401758,0.1,0.8
Age,6,DW31240411302371,5.0,7.856231106528565,-2.856231106528565,0.1,0.8
Age,6,DW31240411302387,2.0,3.8275971489298333,-1.8275971489298333,0.1,0.8
Age,6,DW31240411303316,11.0,6.98345264480343,4.01654735519657,0.1,0.8
Age,6,DW31240411303712,4.0,6.330576393155519,-2.3305763931555186,0.1,0.8
Age,6,DW31240411303713,1.5,2.570740744259122,-1.0707407442591221,0.1,0.8
Age,6,DW31240411303830,5.0,4.889772643198134,0.11022735680186635,0.1,0.8
Age,6,DW31240510801287,2.0,1.5227850558294262,0.47721494417057375,0.1,0.8
Age,6,DW31240510802057,2.0,2.0299786582126296,-0.029978658212629572,0.1,0.8
Age,6,DW31240510802803,11.0,6.035934617151198,4.964065382848802,0.1,0.8
Age,6,DW31240510802820,1.75,2.8434454812213072,-1.0934454812213072,0.1,0.8
Age,6,DW31240510802883,4.0,5.766646248969938,-1.7666462489699377,0.1,0.8
Age,6,DW31240510802924,1.2,4.052705904686292,-2.8527059046862915,0.1,0.8
Age,6,DW31240510802925,1.0,1.5107023259857915,-0.5107023259857915,0.1,0.8
Age,6,DW31240510802982,2.0,1.3667722589147209,0.6332277410852791,0.1,0.8
Age,6,DW31240510804140,3.666666667,6.956684634253706,-3.2900179672537058,0.1,0.8
Age,6,DW31240510804176,2.0,3.616448361224333,-1.6164483612243332,0.1,0.8
Age,6,DW31240510805140,1.0,3.393121565243507,-2.393121565243507,0.1,0.8
Age,6,DW31240510806340,4.0,2.1798113687620675,1.8201886312379325,0.1,0.8
Age,6,DW31240510806620,2.0,4.703456356158074,-2.703456356158074,0.1,0.8
Age,6,DW31240510806634,7.5,6.527270148217847,0.9727298517821534,0.1,0.8
Age,6,DW31240510806738,7.0,4.316902317369404,2.6830976826305957,0.1,0.8
Age,6,DW31240510808867,1.0,1.5974179324749174,-0.5974179324749174,0.1,0.8
Age,6,DW31240510808890,4.0,6.208954397109055,-2.2089543971090553,0.1,0.8
Age,6,DW31240510808924,4.0,3.9644459246614714,0.03555407533852861,0.1,0.8
Age,6,DW31240510808946,8.0,3.590638341486126,4.409361658513874,0.1,0.8
Age,6,DW31240510808996,2.0,3.7236603734371307,-1.7236603734371307,0.1,0.8
Age,6,DW31240510809112,1.0,1.5521516998929843,-0.5521516998929843,0.1,0.8
Age,6,DW31240510809831,11.0,6.364389675799802,4.635610324200198,0.1,0.8
Age,6,DW31240510809860,6.0,5.7032247235900115,0.29677527640998846,0.1,0.8
Age,6,DW31240510809892,11.0,5.221587687689315,5.778412312310685,0.1,0.8
Age,6,DW31240510809912,11.0,9.283236986144662,1.7167630138553385,0.1,0.8
Age,6,DW31240510809978,7.0,4.829973671858262,2.170026328141738,0.1,0.8
Age,6,DW31240510809995,5.0,5.048302929293611,-0.048302929293610575,0.1,0.8
Age,6,DW31240510810006,2.0,3.7484013234157176,-1.7484013234157176,0.1,0.8
Age,6,DW31240510810028,8.583333333,9.545359192537187,-0.9620258595371869,0.1,0.8
Age,6,DW31240510810057,1.583333333,3.9831691541637335,-2.399835821163734,0.1,0.8
Age,6,DW31240510810061,1.333333333,3.0813740188576024,-1.7480406858576025,0.1,0.8
Age,6,DW31240510810097,1.0,4.7693622425212165,-3.7693622425212165,0.1,0.8
Age,6,DW31240510810107,2.5,2.4388997497687357,0.06110025023126431,0.1,0.8
Age,6,DW31240510810115,6.0,3.3918032565924943,2.6081967434075057,0.1,0.8
Age,6,DW31240510810436,1.5,3.154751324301806,-1.654751324301806,0.1,0.8
Age,6,DW31240663105257,4.0,3.3664221769219456,0.6335778230780544,0.1,0.8
Age,6,DW31240663105278,4.0,3.189616004468279,0.8103839955317209,0.1,0.8
Age,6,DW31240663105380,2.0,5.153909122965618,-3.1539091229656178,0.1,0.8
Age,6,DW31240663105395,3.0,7.195282627267066,-4.195282627267066,0.1,0.8
Age,6,DW31240663105401,3.0,3.9333906807501986,-0.9333906807501986,0.1,0.8
Age,6,DW31240663105470,3.0,10.628627748179536,-7.628627748179536,0.1,0.8
Age,6,DW31240663105479,2.0,4.648024428274448,-2.6480244282744483,0.1,0.8
Age,6,DW31240663106435,1.5,3.3054595687687707,-1.8054595687687707,0.1,0.8
Age,6,DW31240663106475,1.0,2.6475132129898133,-1.6475132129898133,0.1,0.8
Age,6,DW31240663106505,1.0,1.3687823742362761,-0.36878237423627613,0.1,0.8
Age,6,DW31240663106534,3.0,3.2772737806541246,-0.27727378065412456,0.1,0.8
Age,6,DW31240663106539,4.0,6.666874013042841,-2.6668740130428414,0.1,0.8
Age,6,DWO31240663106412,11.0,6.5949409847433405,4.4050590152566595,0.1,0.8
Age,6,DWO31240663106481,1.25,3.5072544208499985,-2.2572544208499985,0.1,0.8
Age,7,DW31240210304737,7.0,5.302655330398171,1.6973446696018293,0.1,0.6
Age,7,DW31240411301066,3.0,6.40354580630345,-3.40354580630345,0.1,0.6
Age,7,DW31240411301611,7.0,3.591377722202396,3.408622277797604,0.1,0.6
Age,7,DW31240411301612,2.0,3.244804184600214,-1.244804184600214,0.1,0.6
Age,7,DW31240411301724,5.5,6.219915066267904,-0.7199150662679044,0.1,0.6
Age,7,DW31240411301852,6.0,9.312485301862502,-3.312485301862502,0.1,0.6
Age,7,DW31240411301881,5.0,5.941520827207526,-0.9415208272075262,0.1,0.6
Age,7,DW31240411301899,2.0,1.9408167635821396,0.059183236417860385,0.1,0.6
Age,7,DW31240411302178,3.833333333,5.679839913036598,-1.8465065800365976,0.1,0.6
Age,7,DW31240411302266,4.0,0.87017606181919,3.12982393818081,0.1,0.6
Age,7,DW31240411302273,1.0,1.9879107737958535,-0.9879107737958535,0.1,0.6
Age,7,DW31240411302279,1.25,0.7257543584922765,0.5242456415077235,0.1,0.6
Age,7,DW31240411302283,1.5,2.5798216528306153,-1.0798216528306153,0.1,0.6
Age,7,DW31240411302327,12.0,5.574749841439523,6.425250158560477,0.1,0.6
Age,7,DW31240411302336,3.0,2.8057167509852956,0.1942832490147044,0.1,0.6
Age,7,DW31240411303312,1.166666667,4.85029616547204,-3.6836294984720395,0.1,0.6
Age,7,DW31240411303328,5.0,2.9335377490954357,2.0664622509045643,0.1,0.6
Age,7,DW31240411303415,9.0,5.427092763684533,3.5729072363154666,0.1,0.6
Age,7,DW31240411303705,5.0,2.4117505270345525,2.5882494729654475,0.1,0.6
Age,7,DW31240411303717,10.0,4.491941407317718,5.508058592682282,0.1,0.6
Age,7,DW31240411303768,2.5,3.0560098547637957,-0.5560098547637957,0.1,0.6
Age,7,DW31240411303780,1.166666667,2.682411545450656,-1.5157448784506558,0.1,0.6
Age,7,DW31240510801995,10.0,4.128592856149091,5.871407143850909,0.1,0.6
Age,7,DW31240510804147,10.0,7.945825545175387,2.0541744548246132,0.1,0.6
Age,7,DW31240510805115,1.5,1.2551366332593474,0.24486336674065257,0.1,0.6
Age,7,DW31240510805118,1.5,5.42375144236679,-3.9237514423667896,0.1,0.6
Age,7,DW31240510805144,4.0,0.6597646728426945,3.3402353271573055,0.1,0.6
Age,7,DW31240510805326,8.0,8.374393169119623,-0.3743931691196227,0.1,0.6
Age,7,DW31240510806696,8.0,6.322508457757918,1.6774915422420822,0.1,0.6
Age,7,DW31240510806701,1.0,2.392425656994323,-1.3924256569943232,0.1,0.6
Age,7,DW31240510806762,5.0,8.242585643780382,-3.242585643780382,0.1,0.6
Age,7,DW31240510807733,2.0,2.1217251964522426,-0.12172519645224256,0.1,0.6
Age,7,DW31240510807734,2.0,0.9660952079138583,1.0339047920861417,0.1,0.6
Age,7,DW31240510807772,9.0,0.7099283110701538,8.290071688929846,0.1,0.6
Age,7,DW31240510808783,3.0,11.332061734873992,-8.332061734873992,0.1,0.6
Age,7,DW31240510808820,1.5,2.810064183458781,-1.3100641834587812,0.1,0.6
Age,7,DW31240510808898,11.0,8.818961952005134,2.181038047994866,0.1,0.6
Age,7,DW31240510808944,2.0,3.443718697551816,-1.443718697551816,0.1,0.6
Age,7,DW31240510808947,1.0,4.124089673253095,-3.1240896732530947,0.1,0.6
Age,7,DW31240510808955,13.0,10.33955970131667,2.66044029868333,0.1,0.6
Age,7,DW31240510809071,8.0,5.347016460281424,2.6529835397185764,0.1,0.6
Age,7,DW31240510809822,4.0,3.4113979309385485,0.5886020690614515,0.1,0.6
Age,7,DW31240510809852,2.166666667,9.204873943465934,-7.0382072764659345,0.1,0.6
Age,7,DW31240510809870,13.0,6.400392970549619,6.599607029450381,0.1,0.6
Age,7,DW31240510809919,5.0,3.714520569900531,1.285479430099469,0.1,0.6
Age,7,DW31240510809962,1.583333333,4.5646192938470005,-2.981285960847001,0.1,0.6
Age,7,DW31240510809967,4.0,7.205446371046268,-3.2054463710462677,0.1,0.6
Age,7,DW31240510810053,11.0,5.515540031162957,5.484459968837043,0.1,0.6
Age,7,DW31240510810077,5.0,6.605767438183393,-1.6057674381833928,0.1,0.6
Age,7,DW31240510810441,15.0,7.4780703848217405,7.5219296151782595,0.1,0.6
Age,7,DW31240663105224,2.0,6.261750886766099,-4.261750886766099,0.1,0.6
Age,7,DW31240663105378,8.0,8.398890704478019,-0.3988907044780188,0.1,0.6
Age,7,DW31240663105383,2.0,4.747663327951367,-2.7476633279513667,0.1,0.6
Age,7,DW31240663105432,1.0,1.165240724183965,-0.16524072418396507,0.1,0.6
Age,7,DW31240663106318,2.0,2.9664652791873634,-0.9664652791873634,0.1,0.6
Age,7,DW31240663106353,1.0,1.275782631602251,-0.2757826316022509,0.1,0.6
Age,7,DW31240663106356,8.5,3.9849552443918768,4.515044755608123,0.1,0.6
Age,7,DW31240663106446,1.0,4.873361356278486,-3.873361356278486,0.1,0.6
Age,7,DW31240663106447,7.0,6.335586892127854,0.6644131078721456,0.1,0.6
Age,7,DW31240663106478,10.0,6.803900419631055,3.196099580368945,0.1,0.6
Age,7,DW31240663106525,3.0,2.7328773882478794,0.2671226117521206,0.1,0.6
Age,7,DWO31240510800094,1.0,3.715392592401729,-2.715392592401729,0.1,0.6
Age,7,DWO31240510806565,1.0,6.01138927154471,-5.01138927154471,0.1,0.6
Age,7,DWO31240510809039,3.0,7.311311176908783,-4.311311176908783,0.1,0.6
Age,7,DWO31240663105208,5.0,7.671561724437357,-2.671561724437357,0.1,0.6
Age,7,DWO31240663105239,4.0,2.564067293111192,1.4359327068888081,0.1,0.6
Age,7,DWO31240663106349,2.0,0.08274295012601307,1.917257049873987,0.1,0.6
Age,8,DW31240411301655,4.0,7.884316489291399,-3.8843164892913986,0.1,0.8
Age,8,DW31240411301682,6.0,5.117393470913957,0.8826065290860434,0.1,0.8
Age,8,DW31240411301697,13.0,5.9133649599119735,7.0866350400880265,0.1,0.8
Age,8,DW31240411301780,1.0,1.0767395331682486,-0.07673953316824855,0.1,0.8
Age,8,DW31240411301798,6.0,5.428508346348011,0.5714916536519894,0.1,0.8
Age,8,DW31240411301799,1.083333333,6.496009330601927,-5.412675997601927,0.1,0.8
Age,8,DW31240411301820,1.0,2.316700324477088,-1.3167003244770878,0.1,0.8
Age,8,DW31240411301824,3.0,4.059976211682828,-1.0599762116828284,0.1,0.8
Age,8,DW31240411301867,1.0,1.8706888053930784,-0.8706888053930784,0.1,0.8
Age,8,DW31240411301891,6.0,6.6429372390592505,-0.6429372390592505,0.1,0.8
Age,8,DW31240411302305,12.0,8.637097916552598,3.362902083447402,0.1,0.8
Age,8,DW31240411302339,7.0,6.220133451905109,0.7798665480948914,0.1,0.8
Age,8,DW31240411302389,3.0,5.75489808628309,-2.75489808628309,0.1,0.8
Age,8,DW31240411303654,8.0,5.171487796640434,2.8285122033595664,0.1,0.8
Age,8,DW31240411303729,1.0,1.1514614972676118,-0.15146149726761182,0.1,0.8
Age,8,DW31240411303869,2.0,3.8798343167137026,-1.8798343167137026,0.1,0.8
Age,8,DW31240411304918,2.0,2.3311628363301633,-0.3311628363301633,0.1,0.8
Age,8,DW31240510802105,1.833333333,3.5902968922696203,-1.7569635592696204,0.1,0.8
Age,8,DW31240510802789,1.083333333,1.9788012115025087,-0.8954678785025088,0.1,0.8
Age,8,DW31240510802790,11.0,9.1942983179327,1.8057016820672995,0.1,0.8
Age,8,DW31240510802897,4.0,8.852363386868921,-4.852363386868921,0.1,0.8
Age,8,DW31240510802908,8.0,8.650482914140468,-0.6504829141404684,0.1,0.8
Age,8,DW31240510802975,6.0,4.332165531369186,1.6678344686308142,0.1,0.8
Age,8,DW31240510802976,11.0,5.728265315411203,5.271734684588797,0.1,0.8
Age,8,DW31240510802992,1.0,3.297737802287589,-2.297737802287589,0.1,0.8
Age,8,DW31240510803391,4.0,2.8436387699896,1.1563612300104,0.1,0.8
Age,8,DW31240510804156,4.0,3.2650970441215987,0.7349029558784013,0.1,0.8
Age,8,DW31240510805132,3.0,6.24754777478534,-3.24754777478534,0.1,0.8
Age,8,DW31240510805210,3.5,2.4127338765766053,1.0872661234233947,0.1,0.8
Age,8,DW31240510805357,1.0,2.0481049683995316,-1.0481049683995316,0.1,0.8
Age,8,DW31240510806109,1.5,2.5077690808506152,-1.0077690808506152,0.1,0.8
Age,8,DW31240510806532,10.0,9.294441969030244,0.7055580309697564,0.1,0.8
Age,8,DW31240510806569,1.0,1.7836590085216968,-0.7836590085216968,0.1,0.8
Age,8,DW31240510806578,6.0,5.077650940115805,0.922349059884195,0.1,0.8
Age,8,DW31240510806615,1.5,3.5756044873186417,-2.0756044873186417,0.1,0.8
Age,8,DW31240510807064,1.583333333,4.6288063858755,-3.0454730528755007,0.1,0.8
Age,8,DW31240510807748,9.0,7.027207188014287,1.9727928119857134,0.1,0.8
Age,8,DW31240510808823,1.5,2.0500998938925905,-0.5500998938925905,0.1,0.8
Age,8,DW31240510808874,5.0,4.0452497525913955,0.9547502474086045,0.1,0.8
Age,8,DW31240510808879,12.0,5.968766380806427,6.031233619193573,0.1,0.8
Age,8,DW31240510808882,10.0,10.88904409831905,-0.8890440983190508,0.1,0.8
Age,8,DW31240510808939,1.0,2.308564432489629,-1.308564432489629,0.1,0.8
Age,8,DW31240510808980,11.0,5.05516429595136,5.94483570404864,0.1,0.8
Age,8,DW31240510809029,1.0,2.400252136508654,-1.4002521365086542,0.1,0.8
Age,8,DW31240510809058,2.0,1.2920720312435168,0.7079279687564832,0.1,0.8
Age,8,DW31240510809084,2.5,2.50488721384386,-0.004887213843860039,0.1,0.8
Age,8,DW31240510809835,2.0,7.792718858025358,-5.792718858025358,0.1,0.8
Age,8,DW31240510809858,1.0,3.627398951548598,-2.627398951548598,0.1,0.8
Age,8,DW31240510809940,1.0,6.168056492486985,-5.168056492486985,0.1,0.8
Age,8,DW31240510810047,2.0,3.1069879875802333,-1.1069879875802333,0.1,0.8
Age,8,DW31240510810426,3.0,2.732067302880793,0.26793269711920686,0.1,0.8
Age,8,DW31240663105242,2.0,2.76648668152379,-0.7664866815237898,0.1,0.8
Age,8,DW31240663105255,6.0,6.743029489312711,-0.7430294893127112,0.1,0.8
Age,8,DW31240663105318,13.0,10.92847746651544,2.0715225334845595,0.1,0.8
Age,8,DW31240663105370,3.0,5.317119634163172,-2.3171196341631717,0.1,0.8
Age,8,DW31240663105419,8.0,9.654413716231392,-1.6544137162313923,0.1,0.8
Age,8,DW31240663105499,5.0,4.996539297420439,0.0034607025795612145,0.1,0.8
Age,8,DW31240663106322,1.0,3.631642068333724,-2.631642068333724,0.1,0.8
Age,8,DW31240663106328,2.0,3.688106021521418,-1.6881060215214179,0.1,0.8
Age,8,DW31240663106459,12.0,6.5877102688451865,5.4122897311548135,0.1,0.8
Age,8,DW31240663106502,3.0,4.26585305911344,-1.2658530591134403,0.1,0.8
Age,8,DW31240663106515,6.0,8.87001230384669,-2.870012303846689,0.1,0.8
Age,8,DW31240663106529,1.5,1.3450814193597762,0.1549185806402238,0.1,0.8
Age,8,DWO31240510806494,5.0,6.367876626829739,-1.367876626829739,0.1,0.8
Age,8,DWO31240510810420,4.0,4.956369885797674,-0.9563698857976739,0.1,0.8
Age,8,DWO31240663105317,10.0,3.4668789873511607,6.53312101264884,0.1,0.8
Age,8,DWO31240663105406,10.0,6.734362216950742,3.2656377830492582,0.1,0.8
Age,9,DW31240411301076,2.0,4.644663542984986,-2.6446635429849863,0.1,0.8
Age,9,DW31240411301588,6.0,8.7025492483018,-2.7025492483018,0.1,0.8
Age,9,DW31240411301693,3.0,4.2290489621941045,-1.2290489621941045,0.1,0.8
Age,9,DW31240411301708,8.0,6.88344886923775,1.1165511307622502,0.1,0.8
Age,9,DW31240411301902,5.0,6.621156588472986,-1.621156588472986,0.1,0.8
Age,9,DW31240411302200,3.0,6.5790638678402695,-3.5790638678402695,0.1,0.8
Age,9,DW31240411302234,10.0,4.722934051452665,5.277065948547335,0.1,0.8
Age,9,DW31240411302297,1.0,0.7024326168779589,0.2975673831220411,0.1,0.8
Age,9,DW31240411302308,3.0,7.774177008365715,-4.774177008365715,0.1,0.8
Age,9,DW31240411302351,2.0,1.7479351583022793,0.2520648416977207,0.1,0.8
Age,9,DW31240411302372,7.0,6.260808839585063,0.7391911604149373,0.1,0.8
Age,9,DW31240411302420,1.0,2.0656018961154086,-1.0656018961154086,0.1,0.8
Age,9,DW31240411302941,6.0,6.04308499937847,-0.0430849993784701,0.1,0.8
Age,9,DW31240411302974,5.0,4.996176838347168,0.003823161652832141,0.1,0.8
Age,9,DW31240411303690,2.0,3.175642366674025,-1.1756423666740252,0.1,0.8
Age,9,DW31240411303711,10.0,7.133471151521009,2.866528848478991,0.1,0.8
Age,9,DW31240411303723,7.0,6.90977299428076,0.0902270057192398,0.1,0.8
Age,9,DW31240411303762,7.0,2.056591406918392,4.9434085930816085,0.1,0.8
Age,9,DW31240411303877,2.0,3.44185604405253,-1.44185604405253,0.1,0.8
Age,9,DW31240510801994,5.0,3.828758444260214,1.171241555739786,0.1,0.8
Age,9,DW31240510802029,6.0,5.8755314220461194,0.12446857795388055,0.1,0.8
Age,9,DW31240510802044,2.0,1.7927425578582734,0.2072574421417266,0.1,0.8
Age,9,DW31240510802946,2.0,4.998835164172626,-2.9988351641726263,0.1,0.8
Age,9,DW31240510806455,1.75,2.836492065777769,-1.0864920657777688,0.1,0.8
Age,9,DW31240510806606,2.0,3.30154949140735,-1.30154949140735,0.1,0.8
Age,9,DW31240510806665,7.0,4.86948689200367,2.1305131079963298,0.1,0.8
Age,9,DW31240510806670,5.0,4.8919156861836495,0.10808431381635053,0.1,0.8
Age,9,DW31240510806676,3.0,4.555461750534631,-1.555461750534631,0.1,0.8
Age,9,DW31240510806678,1.0,8.309148464912592,-7.309148464912592,0.1,0.8
Age,9,DW31240510806753,6.0,4.62564782827062,1.37435217172938,0.1,0.8
Age,9,DW31240510808827,1.0,1.3892590707658812,-0.3892590707658812,0.1,0.8
Age,9,DW31240510808836,5.0,2.4075274570391296,2.5924725429608704,0.1,0.8
Age,9,DW31240510808839,1.0,2.9800619329300955,-1.9800619329300955,0.1,0.8
Age,9,DW31240510808863,6.0,3.4449308593513432,2.5550691406486568,0.1,0.8
Age,9,DW31240510809010,2.0,3.21117038710147,-1.21117038710147,0.1,0.8
Age,9,DW31240510809015,1.166666667,2.1107011422423647,-0.9440344752423646,0.1,0.8
Age,9,DW31240510809037,4.0,7.44472005311588,-3.44472005311588,0.1,0.8
Age,9,DW31240510809085,5.0,6.126240765555963,-1.1262407655559628,0.1,0.8
Age,9,DW31240510809094,1.0,1.9538384542350329,-0.9538384542350329,0.1,0.8
Age,9,DW31240510809118,2.0,3.1119612167911392,-1.1119612167911392,0.1,0.8
Age,9,DW31240510809861,7.0,5.2612808632455295,1.7387191367544705,0.1,0.8
Age,9,DW31240510810040,7.0,4.294823864453093,2.705176135546907,0.1,0.8
Age,9,DW31240510810109,13.0,8.260889805930208,4.7391101940697915,0.1,0.8
Age,9,DW31240663105251,1.5,4.081450797323176,-2.5814507973231757,0.1,0.8
Age,9,DW31240663105261,1.0,2.3385674021393186,-1.3385674021393186,0.1,0.8
Age,9,DW31240663105291,10.0,6.45755721540449,3.5424427845955098,0.1,0.8
Age,9,DW31240663105301,2.0,8.031677377779264,-6.031677377779264,0.1,0.8
Age,9,DW31240663105398,2.0,2.5173697161723854,-0.5173697161723854,0.1,0.8
Age,9,DW31240663105464,1.0,0.4338442925173247,0.5661557074826753,0.1,0.8
Age,9,DW31240663105473,7.0,2.1607676588391773,4.839232341160823,0.1,0.8
Age,9,DW31240663106310,2.0,3.4325916517654385,-1.4325916517654385,0.1,0.8
Age,9,DW31240663106342,2.0,4.439102056186959,-2.439102056186959,0.1,0.8
Age,9,DW31240663106396,1.166666667,4.753842245525862,-3.587175578525862,0.1,0.8
Age,9,DW31240663106404,2.0,1.2833171640316268,0.7166828359683732,0.1,0.8
Age,9,DW31240663106415,3.0,3.372469272788428,-0.372469272788428,0.1,0.8
Age,9,DW31240663106421,4.0,3.9712098185197036,0.02879018148029644,0.1,0.8
Age,9,DW31240663106474,9.0,5.521483561039533,3.478516438960467,0.1,0.8
Age,9,DW31240663106510,9.5,5.112817771398164,4.387182228601836,0.1,0.8
Age,9,DW31240663106538,1.833333333,4.06394371166777,-2.2306103786677705,0.1,0.8
Age,9,DW31240663106543,2.0,4.1443909829587975,-2.1443909829587975,0.1,0.8
Age,9,DW31240663106550,2.0,5.020745981547836,-3.0207459815478357,0.1,0.8
Age,9,DWO31240411301658,1.0,2.335416819014447,-1.3354168190144469,0.1,0.8
Age,9,DWO31240510806711,8.0,4.981228176359992,3.018771823640008,0.1,0.8
Age,9,DWO31240663105213,17.0,7.059101259520915,9.940898740479085,0.1,0.8
Age,9,DWO31240663105309,3.0,4.379518242611225,-1.3795182426112254,0.1,0.8
Age,9,DWO31240663105390,3.0,4.217681761546473,-1.2176817615464728,0.1,0.8
Age,9,DWO31240663106562,12.5,7.525704351464228,4.974295648535772,0.1,0.8
Age,10,DW31240411301072,1.416666667,3.74378058187108,-2.32711391487108,1.0,0.2
Age,10,DW31240411301100,12.0,5.433433277371183,6.566566722628817,1.0,0.2
Age,10,DW31240411301109,9.0,5.725303427196068,3.274696572803932,1.0,0.2
Age,10,DW31240411301743,11.0,8.800845403876504,2.1991545961234955,1.0,0.2
Age,10,DW31240411301746,2.0,5.0745643675076515,-3.0745643675076515,1.0,0.2
Age,10,DW31240411301753,3.0,2.9842817545767386,0.01571824542326139,1.0,0.2
Age,10,DW31240411301759,1.0,3.5289200589864267,-2.5289200589864267,1.0,0.2
Age,10,DW31240411301761,5.0,4.270096670308031,0.729903329691969,1.0,0.2
Age,10,DW31240411301785,13.0,9.936961187503323,3.0630388124966768,1.0,0.2
Age,10,DW31240411301889,1.0,2.5063733957291348,-1.5063733957291348,1.0,0.2
Age,10,DW31240411302060,6.5,6.980351265642236,-0.48035126564223596,1.0,0.2
Age,10,DW31240411302221,1.5,3.664544743623372,-2.164544743623372,1.0,0.2
Age,10,DW31240411302271,2.5,4.942569865575683,-2.442569865575683,1.0,0.2
Age,10,DW31240411302379,1.5,3.4021272590081764,-1.9021272590081764,1.0,0.2
Age,10,DW31240411302385,10.0,5.898798515996527,4.101201484003473,1.0,0.2
Age,10,DW31240411302793,2.0,3.8010271399462376,-1.8010271399462376,1.0,0.2
Age,10,DW31240411302976,1.5,2.1927088412620823,-0.6927088412620823,1.0,0.2
Age,10,DW31240411303646,2.5,3.4451872213202024,-0.9451872213202024,1.0,0.2
Age,10,DW31240411303658,8.0,2.541501372378945,5.458498627621055,1.0,0.2
Age,10,DW31240411303660,8.0,9.277885477105318,-1.2778854771053183,1.0,0.2
Age,10,DW31240411303682,5.0,2.9548800886359134,2.0451199113640866,1.0,0.2
Age,10,DW31240411303787,1.0,3.69788955642082,-2.69788955642082,1.0,0.2
Age,10,DW31240411303842,7.0,7.429693415909821,-0.4296934159098207,1.0,0.2
Age,10,DW31240510802027,7.0,7.082821835542639,-0.08282183554263867,1.0,0.2
Age,10,DW31240510802107,1.0,2.5633103602024208,-1.5633103602024208,1.0,0.2
Age,10,DW31240510802134,1.0,2.9289559006694112,-1.9289559006694112,1.0,0.2
Age,10,DW31240510802855,2.0,2.6065903677418363,-0.6065903677418363,1.0,0.2
Age,10,DW31240510802858,1.0,2.323665140747433,-1.323665140747433,1.0,0.2
Age,10,DW31240510804192,2.0,2.1098447553263107,-0.10984475532631066,1.0,0.2
Age,10,DW31240510804851,2.0,4.177052441144153,-2.177052441144153,1.0,0.2
Age,10,DW31240510805113,3.0,2.958892816460385,0.041107183539614844,1.0,0.2
Age,10,DW31240510805167,1.416666667,5.354803540390404,-3.9381368733904036,1.0,0.2
Age,10,DW31240510805704,2.0,3.264078672403044,-1.264078672403044,1.0,0.2
Age,10,DW31240510806516,13.0,7.668586649389571,5.331413350610429,1.0,0.2
Age,10,DW31240510806535,6.0,4.0061334396961845,1.9938665603038155,1.0,0.2
Age,10,DW31240510806673,13.5,6.065331655024739,7.434668344975261,1.0,0.2
Age,10,DW31240510806745,2.0,3.760102461990146,-1.760102461990146,1.0,0.2
Age,10,DW31240510807067,4.0,4.447467707701629,-0.44746770770162936,1.0,0.2
Age,10,DW31240510807755,2.0,5.188578697040337,-3.188578697040337,1.0,0.2
Age,10,DW31240510807761,11.0,6.233300337472301,4.766699662527699,1.0,0.2
Age,10,DW31240510808858,4.0,4.300756504074585,-0.30075650407458543,1.0,0.2
Age,10,DW31240510808897,4.0,3.704354197257902,0.29564580274209806,1.0,0.2
Age,10,DW31240510808932,1.083333333,4.732432808659647,-3.6490994756596473,1.0,0.2
Age,10,DW31240510808977,1.0,3.1945501547939448,-2.1945501547939448,1.0,0.2
Age,10,DW31240510809046,1.833333333,2.655353346196559,-0.8220200131965589,1.0,0.2
Age,10,DW31240510809886,1.0,2.1551120583570897,-1.1551120583570897,1.0,0.2
Age,10,DW31240510809918,1.0,3.1071190022346196,-2.1071190022346196,1.0,0.2
Age,10,DW31240510809983,1.5,2.616770978388525,-1.1167709783885251,1.0,0.2
Age,10,DW31240510809996,8.0,7.6882432543225265,0.31175674567747347,1.0,0.2
Age,10,DW31240510810011,1.5,2.018443867267299,-0.5184438672672989,1.0,0.2
Age,10,DW31240510810100,1.5,4.483965847621827,-2.9839658476218274,1.0,0.2
Age,10,DW31240510810421,2.0,3.9085002674313447,-1.9085002674313447,1.0,0.2
Age,10,DW31240663105209,9.0,6.753126063199355,2.246873936800645,1.0,0.2
Age,10,DW31240663105247,3.0,2.927414606136498,0.07258539386350193,1.0,0.2
Age,10,DW31240663105312,6.0,3.4525857900321255,2.5474142099678745,1.0,0.2
Age,10,DW31240663105449,1.166666667,1.859619517852051,-0.6929528508520508,1.0,0.2
Age,10,DW31240663106329,3.0,6.167895590716711,-3.167895590716711,1.0,0.2
Age,10,DW31240663106351,11.0,8.029165858311762,2.970834141688238,1.0,0.2
Age,10,DW31240663106436,3.0,4.000098959457921,-1.0000989594579206,1.0,0.2
Age,10,DW31240663106504,1.5,3.0225181905334466,-1.5225181905334466,1.0,0.2
Age,10,DW31240663106523,2.0,3.633701077407963,-1.633701077407963,1.0,0.2
Age,10,DW31240663106527,14.0,4.832770519767411,9.167229480232589,1.0,0.2
Age,10,DW31240663106549,5.0,2.535807188153329,2.464192811846671,1.0,0.2
Age,10,DWO31240411301707,4.0,1.9646144625162405,2.0353855374837595,1.0,0.2
Age,10,DWO31240510806734,5.0,7.358617154903232,-2.358617154903232,1.0,0.2
Age,10,DWO31240510808908,7.0,4.059625830743491,2.9403741692565086,1.0,0.2
Age,10,DWO31240663105277,7.0,6.618802937054238,0.3811970629457617,1.0,0.2
Weight,1,DW31231210401824,67.0,47.685489082359865,19.314510917640135,1.0,0.8
Weight,1,DW31240411301111,52.0,63.342844257629835,-11.342844257629835,1.0,0.8
Weight,1,DW31240411301144,40.0,63.53811582042915,-23.538115820429148,1.0,0.8
Weight,1,DW31240411301620,70.0,55.00556632329442,14.994433676705583,1.0,0.8
Weight,1,DW31240411301708,11.0,58.27316513701034,-47.27316513701034,1.0,0.8
Weight,1,DW31240411301787,70.0,59.118163670428565,10.881836329571435,1.0,0.8
Weight,1,DW31240411301820,8.8,51.76994911142969,-42.969949111429685,1.0,0.8
Weight,1,DW31240411301875,55.0,53.30021257992495,1.6997874200750474,1.0,0.8
Weight,1,DW31240411301883,46.0,65.11428690605523,-19.114286906055227,1.0,0.8
Weight,1,DW31240411302202,55.0,52.54942296581844,2.4505770341815634,1.0,0.8
Weight,1,DW31240411302261,19.0,38.48677025686891,-19.48677025686891,1.0,0.8
Weight,1,DW31240411302275,45.0,46.608916127992565,-1.6089161279925648,1.0,0.8
Weight,1,DW31240411302423,56.0,61.918338454474274,-5.918338454474274,1.0,0.8
Weight,1,DW31240411303475,48.0,42.87530068949646,5.124699310503537,1.0,0.8
Weight,1,DW31240411303593,57.0,63.84534316314688,-6.845343163146879,1.0,0.8
Weight,1,DW31240411303757,50.0,68.38147231231655,-18.381472312316546,1.0,0.8
Weight,1,DW31240510801996,15.0,54.341259265432996,-39.341259265432996,1.0,0.8
Weight,1,DW31240510802827,80.0,55.20798178700113,24.79201821299887,1.0,0.8
Weight,1,DW31240510802883,10.0,38.222903227030095,-28.222903227030095,1.0,0.8
Weight,1,DW31240510802889,100.0,47.052956035066195,52.947043964933805,1.0,0.8
Weight,1,DW31240510804147,16.0,46.50801089949082,-30.50801089949082,1.0,0.8
Weight,1,DW31240510805136,55.0,63.527705645935924,-8.527705645935924,1.0,0.8
Weight,1,DW31240510805137,50.0,68.96288513944538,-18.962885139445376,1.0,0.8
Weight,1,DW31240510806496,8.0,26.344561325896155,-18.344561325896155,1.0,0.8
Weight,1,DW31240510806513,166.0,75.60128877225873,90.39871122774127,1.0,0.8
Weight,1,DW31240510806700,47.0,36.96710754928131,10.032892450718691,1.0,0.8
Weight,1,DW31240510806704,95.0,69.46487772004573,25.535122279954265,1.0,0.8
Weight,1,DW31240510806723,78.0,70.69617760334472,7.303822396655278,1.0,0.8
Weight,1,DW31240510806738,30.0,9.048411586495092,20.951588413504908,1.0,0.8
Weight,1,DW31240510806756,61.0,74.355469042684,-13.355469042684007,1.0,0.8
Weight,1,DW31240510806779,125.0,67.96347103895101,57.03652896104899,1.0,0.8
Weight,1,DW31240510807729,10.0,35.96584908066292,-25.96584908066292,1.0,0.8
Weight,1,DW31240510807788,40.0,44.88154772874863,-4.881547728748629,1.0,0.8
Weight,1,DW31240510807791,70.0,62.662724409584115,7.337275590415885,1.0,0.8
Weight,1,DW31240510808914,37.0,52.501391950829216,-15.501391950829216,1.0,0.8
Weight,1,DW31240510809056,19.5,16.71564948128139,2.784350518718611,1.0,0.8
Weight,1,DW31240510809067,18.0,52.67083770651701,-34.67083770651701,1.0,0.8
Weight,1,DW31240510809073,80.0,51.87032750599982,28.129672494000182,1.0,0.8
Weight,1,DW31240510809100,45.0,41.278005293263504,3.7219947067364956,1.0,0.8
Weight,1,DW31240510809955,55.0,39.42795509955611,15.572044900443892,1.0,0.8
Weight,1,DW31240510809993,66.0,54.871871144500005,11.128128855499995,1.0,0.8
Weight,1,DW31240510810028,11.6,49.18608185618089,-37.58608185618089,1.0,0.8
Weight,1,DW31240510810053,23.0,24.761076457312104,-1.7610764573121038,1.0,0.8
Weight,1,DW31240510810055,88.0,46.38123010437905,41.61876989562095,1.0,0.8
Weight,1,DW31240510810057,13.0,54.57682254903935,-41.57682254903935,1.0,0.8
Weight,1,DW31240510810058,80.0,53.398331185353186,26.601668814646814,1.0,0.8
Weight,1,DW31240663105228,67.0,53.37531626503715,13.62468373496285,1.0,0.8
Weight,1,DW31240663105236,15.0,31.465944435865,-16.465944435865,1.0,0.8
Weight,1,DW31240663105250,90.0,44.47426671517111,45.52573328482889,1.0,0.8
Weight,1,DW31240663105258,45.0,52.92385767287315,-7.923857672873147,1.0,0.8
Weight,1,DW31240663105273,75.0,47.57517830382507,27.42482169617493,1.0,0.8
Weight,1,DW31240663105290,36.0,48.2968287388954,-12.2968287388954,1.0,0.8
Weight,1,DW31240663105378,29.0,18.601684368635297,10.398315631364703,1.0,0.8
Weight,1,DW31240663105419,35.4,32.545910763799,2.8540892362009984,1.0,0.8
Weight,1,DW31240663105475,80.0,52.3907151682141,27.6092848317859,1.0,0.8
Weight,1,DW31240663106370,55.0,47.32969024950383,7.670309750496173,1.0,0.8
Weight,1,DW31240663106473,60.0,58.23560504150649,1.7643949584935115,1.0,0.8
Weight,1,DW31240663106535,50.0,55.218527648734515,-5.218527648734515,1.0,0.8
Weight,1,DWO31240411301652,59.0,48.98139077374796,10.018609226252039,1.0,0.8
Weight,1,DWO31240510808913,48.0,28.099417354311946,19.900582645688054,1.0,0.8
Weight,1,DWO31240663105311,21.0,63.506462133416164,-42.506462133416164,1.0,0.8
Weight,1,DWO31240663106481,41.0,61.45000187923851,-20.450001879238513,1.0,0.8
Weight,2,DW31240411301066,42.0,30.513790420695237,11.486209579304763,1.0,0.6
Weight,2,DW31240411301730,85.0,54.526762700138036,30.473237299861964,1.0,0.6
Weight,2,DW31240411301829,63.0,75.52480472283918,-12.524804722839178,1.0,0.6
Weight,2,DW31240411301893,155.0,84.09574665230679,70.90425334769321,1.0,0.6
Weight,2,DW31240411302201,45.0,58.98035196853862,-13.98035196853862,1.0,0.6
Weight,2,DW31240411302276,55.0,53.115817542042016,1.8841824579579836,1.0,0.6
Weight,2,DW31240411302307,14.0,34.24562872552471,-20.24562872552471,1.0,0.6
Weight,2,DW31240411303414,14.0,43.54493264873662,-29.54493264873662,1.0,0.6
Weight,2,DW31240411303700,80.0,31.48180378093266,48.51819621906734,1.0,0.6
Weight,2,DW31240510802010,58.0,29.26659883646749,28.73340116353251,1.0,0.6
Weight,2,DW31240510802824,58.0,44.38838488710332,13.61161511289668,1.0,0.6
Weight,2,DW31240510802926,55.0,54.948833537512165,0.05116646248783496,1.0,0.6
Weight,2,DW31240510802944,43.0,46.118487287283955,-3.118487287283955,1.0,0.6
Weight,2,DW31240510802955,65.0,69.81866272320548,-4.8186627232054775,1.0,0.6
Weight,2,DW31240510805111,58.0,52.84573306833533,5.154266931664672,1.0,0.6
Weight,2,DW31240510805117,65.0,56.16405888611063,8.835941113889369,1.0,0.6
Weight,2,DW31240510805143,51.0,58.18012671684386,-7.1801267168438585,1.0,0.6
Weight,2,DW31240510805150,50.0,50.236151773805574,-0.23615177380557384,1.0,0.6
Weight,2,DW31240510805161,22.0,38.46768154717656,-16.46768154717656,1.0,0.6
Weight,2,DW31240510806472,45.0,58.79923128369573,-13.799231283695732,1.0,0.6
Weight,2,DW31240510806509,14.0,50.950963674335966,-36.950963674335966,1.0,0.6
Weight,2,DW31240510806516,9.0,31.7755175930708,-22.7755175930708,1.0,0.6
Weight,2,DW31240510806531,88.0,57.16401102008845,30.835988979911548,1.0,0.6
Weight,2,DW31240510806582,80.0,49.65782164503937,30.34217835496063,1.0,0.6
Weight,2,DW31240510807709,80.0,86.18897123952894,-6.188971239528939,1.0,0.6
Weight,2,DW31240510808604,10.5,17.517808509666732,-7.017808509666732,1.0,0.6
Weight,2,DW31240510808883,85.0,71.93655120691525,13.063448793084746,1.0,0.6
Weight,2,DW31240510808898,24.0,37.83396285213847,-13.83396285213847,1.0,0.6
Weight,2,DW31240510808903,55.0,83.42000426062069,-28.420004260620686,1.0,0.6
Weight,2,DW31240510808915,20.0,61.612471766670744,-41.612471766670744,1.0,0.6
Weight,2,DW31240510808932,7.0,42.29314001949959,-35.29314001949959,1.0,0.6
Weight,2,DW31240510808952,53.0,61.964969839049786,-8.964969839049786,1.0,0.6
Weight,2,DW31240510808971,76.0,71.20550376837187,4.7944962316281305,1.0,0.6
Weight,2,DW31240510809052,75.0,48.207484144714606,26.792515855285394,1.0,0.6
Weight,2,DW31240510809071,12.0,33.101137959913004,-21.101137959913004,1.0,0.6
Weight,2,DW31240510809973,20.0,54.87436735021775,-34.87436735021775,1.0,0.6
Weight,2,DW31240510810042,25.0,44.43667118354911,-19.43667118354911,1.0,0.6
Weight,2,DW31240510810047,17.0,54.53813316788027,-37.53813316788027,1.0,0.6
Weight,2,DW31240510810077,10.0,36.250881179627285,-26.250881179627285,1.0,0.6
Weight,2,DW31240510810090,105.0,64.50178789174333,40.498212108256666,1.0,0.6
Weight,2,DW31240510810094,100.0,60.196749623852206,39.803250376147794,1.0,0.6
Weight,2,DW31240510810097,15.0,62.449942874674896,-47.449942874674896,1.0,0.6
Weight,2,DW31240510810107,21.0,37.17463255667933,-16.174632556679327,1.0,0.6
Weight,2,DW31240663105024,50.0,60.17919469808744,-10.179194698087443,1.0,0.6
Weight,2,DW31240663105264,11.0,49.22580988412812,-38.22580988412812,1.0,0.6
Weight,2,DW31240663105306,70.0,52.269818248114234,17.730181751885766,1.0,0.6
Weight,2,DW31240663105318,7.0,10.399689283619239,-3.3996892836192387,1.0,0.6
Weight,2,DW31240663105375,73.0,60.27510177058069,12.72489822941931,1.0,0.6
Weight,2,DW31240663105413,44.0,51.8531379420061,-7.8531379420061,1.0,0.6
Weight,2,DW31240663105424,35.0,46.92089656518673,-11.92089656518673,1.0,0.6
Weight,2,DW31240663105445,75.0,53.354389230769364,21.645610769230636,1.0,0.6
Weight,2,DW31240663105470,10.0,20.802118285761882,-10.802118285761882,1.0,0.6
Weight,2,DW31240663106346,13.0,7.510018072419605,5.489981927580395,1.0,0.6
Weight,2,DW31240663106387,60.0,62.788268571388855,-2.788268571388855,1.0,0.6
Weight,2,DW31240663106443,53.0,66.03610640549667,-13.036106405496668,1.0,0.6
Weight,2,DW31240663106455,9.7,28.346694159550935,-18.646694159550936,1.0,0.6
Weight,2,DW31240663106488,36.0,48.42741296645611,-12.42741296645611,1.0,0.6
Weight,2,DW31240663106493,75.0,57.939607294314534,17.060392705685466,1.0,0.6
Weight,2,DW31240663106496,62.0,45.206553550375816,16.793446449624184,1.0,0.6
Weight,2,DW31240663106515,17.0,25.990590781814376,-8.990590781814376,1.0,0.6
Weight,2,DW31240663106539,45.0,59.55998351565858,-14.55998351565858,1.0,0.6
Weight,2,DW31240663106559,48.0,42.577056779066695,5.4229432209333055,1.0,0.6
Weight,3,DW31240411301091,30.0,62.55177527208747,-32.55177527208747,1.0,0.8
Weight,3,DW31240411301123,10.0,45.58065661547424,-35.58065661547424,1.0,0.8
Weight,3,DW31240411301632,16.0,48.8846230434261,-32.8846230434261,1.0,0.8
Weight,3,DW31240411301634,60.0,55.045425055855446,4.954574944144554,1.0,0.8
Weight,3,DW31240411301688,55.0,39.080844556355224,15.919155443644776,1.0,0.8
Weight,3,DW31240411301696,50.0,64.55751535593868,-14.557515355938676,1.0,0.8
Weight,3,DW31240411301715,8.5,42.90017515401361,-34.40017515401361,1.0,0.8
Weight,3,DW31240411301833,105.0,57.372344487456274,47.627655512543726,1.0,0.8
Weight,3,DW31240411302210,30.0,64.13174235616046,-34.13174235616046,1.0,0.8
Weight,3,DW31240411302217,75.0,57.98245969944258,17.01754030055742,1.0,0.8
Weight,3,DW31240411302218,40.0,45.0994250745552,-5.0994250745551994,1.0,0.8
Weight,3,DW31240411302291,79.0,61.627459461060184,17.372540538939816,1.0,0.8
Weight,3,DW31240411302292,14.0,31.414927311534406,-17.414927311534406,1.0,0.8
Weight,3,DW31240411302387,42.0,61.507782134128796,-19.507782134128796,1.0,0.8
Weight,3,DW31240411302401,60.0,80.37852814520934,-20.378528145209344,1.0,0.8
Weight,3,DW31240411302424,62.0,49.222370926073054,12.777629073926946,1.0,0.8
Weight,3,DW31240411302940,140.0,50.93246067061698,89.06753932938301,1.0,0.8
Weight,3,DW31240411302943,76.0,55.9366448250878,20.063355174912203,1.0,0.8
Weight,3,DW31240411303315,13.5,42.7001696050553,-29.2001696050553,1.0,0.8
Weight,3,DW31240411303686,81.0,76.10151475480922,4.898485245190784,1.0,0.8
Weight,3,DW31240411303776,27.0,49.479946455061665,-22.479946455061665,1.0,0.8
Weight,3,DW31240411303786,50.0,40.738174865890876,9.261825134109124,1.0,0.8
Weight,3,DW31240411303806,55.0,46.724264022932346,8.275735977067654,1.0,0.8
Weight,3,DW31240510802062,65.0,48.24297163103407,16.757028368965933,1.0,0.8
Weight,3,DW31240510802891,50.0,60.03473443855759,-10.034734438557592,1.0,0.8
Weight,3,DW31240510802894,36.0,63.132252762477464,-27.132252762477464,1.0,0.8
Weight,3,DW31240510802899,60.0,48.5689449630488,11.4310550369512,1.0,0.8
Weight,3,DW31240510803392,50.0,55.328625908011055,-5.328625908011055,1.0,0.8
Weight,3,DW31240510804184,52.0,52.065875934420454,-0.06587593442045403,1.0,0.8
Weight,3,DW31240510805126,58.0,68.95659165069227,-10.956591650692275,1.0,0.8
Weight,3,DW31240510806392,53.0,49.45381104208216,3.546188957917842,1.0,0.8
Weight,3,DW31240510806562,53.0,46.483516552369046,6.516483447630954,1.0,0.8
Weight,3,DW31240510806674,80.0,40.91526546404986,39.08473453595014,1.0,0.8
Weight,3,DW31240510806696,15.0,41.45137021205152,-26.451370212051522,1.0,0.8
Weight,3,DW31240510806761,47.0,72.9049066351755,-25.904906635175493,1.0,0.8
Weight,3,DW31240510806768,82.0,63.79265651189227,18.207343488107732,1.0,0.8
Weight,3,DW31240510806778,65.0,64.52029378734123,0.479706212658769,1.0,0.8
Weight,3,DW31240510808159,63.0,54.77275452534283,8.227245474657167,1.0,0.8
Weight,3,DW31240510808748,80.0,51.76272697049529,28.237273029504713,1.0,0.8
Weight,3,DW31240510808945,57.0,31.76660688197198,25.23339311802802,1.0,0.8
Weight,3,DW31240510808946,50.0,68.75505196508357,-18.755051965083567,1.0,0.8
Weight,3,DW31240510808997,50.0,65.88525708303963,-15.885257083039633,1.0,0.8
Weight,3,DW31240510809006,71.0,67.36692189998047,3.6330781000195316,1.0,0.8
Weight,3,DW31240510809892,48.0,64.12910720562296,-16.129107205622958,1.0,0.8
Weight,3,DW31240510809958,7.8,46.74379363376499,-38.94379363376499,1.0,0.8
Weight,3,DW31240510809960,124.0,55.448115566692714,68.5518844333073,1.0,0.8
Weight,3,DW31240510809961,58.0,59.74656318606946,-1.7465631860694586,1.0,0.8
Weight,3,DW31240510809982,80.0,76.28648536156373,3.7135146384362656,1.0,0.8
Weight,3,DW31240510809990,50.0,50.94575090759405,-0.9457509075940465,1.0,0.8
Weight,3,DW31240510809997,46.0,67.29361695818956,-21.29361695818956,1.0,0.8
Weight,3,DW31240510810046,25.5,71.20806018649503,-45.70806018649503,1.0,0.8
Weight,3,DW31240510810061,38.0,52.438641492129214,-14.438641492129214,1.0,0.8
Weight,3,DW31240510810078,115.0,67.79377027555644,47.20622972444356,1.0,0.8
Weight,3,DW31240510810091,69.0,49.410373754835376,19.589626245164624,1.0,0.8
Weight,3,DW31240663105270,65.0,42.60784263403052,22.39215736596948,1.0,0.8
Weight,3,DW31240663105468,92.0,68.74162388088405,23.25837611911595,1.0,0.8
Weight,3,DW31240663106340,60.0,61.864312081624284,-1.8643120816242842,1.0,0.8
Weight,3,DW31240663106440,50.0,48.200279452215916,1.7997205477840836,1.0,0.8
Weight,3,DW31240663106495,35.0,50.15309649933832,-15.153096499338318,1.0,0.8
Weight,3,DW31240663106545,48.0,59.197393080246655,-11.197393080246655,1.0,0.8
Weight,3,DW31240663106571,19.0,63.65355956545474,-44.65355956545474,1.0,0.8
Weight,3,DWO31240663105265,80.0,52.899113492606794,27.100886507393206,1.0,0.8
Weight,4,DW31240411301081,30.0,48.034896323760265,-18.034896323760265,1.0,0.8
Weight,4,DW31240411301121,60.0,45.47805854929166,14.52194145070834,1.0,0.8
Weight,4,DW31240411301677,50.0,38.68698604808246,11.31301395191754,1.0,0.8
Weight,4,DW31240411301706,150.0,47.85308736856643,102.14691263143357,1.0,0.8
Weight,4,DW31240411301738,30.0,57.58399871953288,-27.58399871953288,1.0,0.8
Weight,4,DW31240411301782,32.0,61.16071090811418,-29.160710908114183,1.0,0.8
Weight,4,DW31240411302224,89.0,40.769908002717756,48.230091997282244,1.0,0.8
Weight,4,DW31240411302252,75.0,60.43541037242738,14.564589627572623,1.0,0.8
Weight,4,DW31240411302283,30.0,48.504636318970384,-18.504636318970384,1.0,0.8
Weight,4,DW31240411303660,12.0,13.453037950799938,-1.4530379507999385,1.0,0.8
Weight,4,DW31240411303779,52.0,58.345402809362454,-6.345402809362454,1.0,0.8
Weight,4,DW31240510802803,10.0,20.241599823910107,-10.241599823910107,1.0,0.8
Weight,4,DW31240510802853,60.4,26.996480400685,33.403519599315,1.0,0.8
Weight,4,DW31240510802942,50.0,63.657150415629005,-13.657150415629005,1.0,0.8
Weight,4,DW31240510804406,76.0,57.49049400517919,18.509505994820813,1.0,0.8
Weight,4,DW31240510806634,30.0,37.21371375436503,-7.213713754365031,1.0,0.8
Weight,4,DW31240510806678,13.0,10.162457645561503,2.8375423544384972,1.0,0.8
Weight,4,DW31240510806725,34.0,51.56783117496661,-17.567831174966607,1.0,0.8
Weight,4,DW31240510806767,67.0,52.24112061157617,14.758879388423829,1.0,0.8
Weight,4,DW31240510807064,13.0,43.712140484873565,-30.712140484873565,1.0,0.8
Weight,4,DW31240510807732,81.0,57.54699753107664,23.45300246892336,1.0,0.8
Weight,4,DW31240510807785,46.0,60.71160468491854,-14.711604684918541,1.0,0.8
Weight,4,DW31240510808783,22.5,24.97484527169965,-2.4748452716996496,1.0,0.8
Weight,4,DW31240510808846,43.0,56.424022970369,-13.424022970369002,1.0,0.8
Weight,4,DW31240510808865,170.0,49.02127498656703,120.97872501343298,1.0,0.8
Weight,4,DW31240510808902,8.0,17.14568173261744,-9.14568173261744,1.0,0.8
Weight,4,DW31240510808924,42.0,61.46391323029313,-19.46391323029313,1.0,0.8
Weight,4,DW31240510808964,109.0,57.89033033883925,51.10966966116075,1.0,0.8
Weight,4,DW31240510808980,21.0,50.326509889708774,-29.326509889708774,1.0,0.8
Weight,4,DW31240510809021,15.0,34.29526563351696,-19.295265633516962,1.0,0.8
Weight,4,DW31240510809868,61.0,51.72018059825461,9.279819401745392,1.0,0.8
Weight,4,DW31240510809915,50.0,51.7625043730173,-1.7625043730173005,1.0,0.8
Weight,4,DW31240510809941,70.0,32.89915709060074,37.10084290939926,1.0,0.8
Weight,4,DW31240510809959,3.0,6.204492741038592,-3.2044927410385924,1.0,0.8
Weight,4,DW31240510809966,51.0,48.94121502547298,2.058784974527022,1.0,0.8
Weight,4,DW31240510810051,105.0,74.66558426397768,30.334415736022322,1.0,0.8
Weight,4,DW31240510810080,16.0,37.60757550964922,-21.607575509649223,1.0,0.8
Weight,4,DW31240510810085,65.0,56.03523425311458,8.96476574688542,1.0,0.8
Weight,4,DW31240510810087,66.0,42.29226518686479,23.70773481313521,1.0,0.8
Weight,4,DW31240510810436,25.0,39.43923476908272,-14.439234769082717,1.0,0.8
Weight,4,DW31240663105242,12.0,29.252747958344017,-17.252747958344017,1.0,0.8
Weight,4,DW31240663105249,50.0,38.87048368379272,11.12951631620728,1.0,0.8
Weight,4,DW31240663105255,13.0,36.0743005385659,-23.0743005385659,1.0,0.8
Weight,4,DW31240663105327,35.0,33.73985189273611,1.2601481072638876,1.0,0.8
Weight,4,DW31240663105384,50.0,55.89604315359613,-5.896043153596132,1.0,0.8
Weight,4,DW31240663105388,7.8,39.344241488693996,-31.544241488693995,1.0,0.8
Weight,4,DW31240663105400,90.0,59.163892416547924,30.836107583452076,1.0,0.8
Weight,4,DW31240663105499,15.0,36.48075449217976,-21.480754492179763,1.0,0.8
Weight,4,DW31240663106323,30.0,54.63595470969057,-24.635954709690573,1.0,0.8
Weight,4,DW31240663106432,72.0,55.815282961087135,16.184717038912865,1.0,0.8
Weight,4,DW31240663106459,28.0,35.72427549078552,-7.724275490785523,1.0,0.8
Weight,4,DW31240663106463,50.0,27.867853398870754,22.132146601129246,1.0,0.8
Weight,4,DW31240663106467,55.0,69.73675367718042,-14.736753677180417,1.0,0.8
Weight,4,DW31240663106472,51.0,59.279049167886214,-8.279049167886214,1.0,0.8
Weight,4,DW31240663106477,53.0,38.37553690221518,14.624463097784819,1.0,0.8
Weight,4,DW31240663106478,35.0,52.249880202231864,-17.249880202231864,1.0,0.8
Weight,4,DW31240663106533,100.0,75.44411954749368,24.555880452506315,1.0,0.8
Weight,4,DWO31240510806565,30.0,51.562241863345136,-21.562241863345136,1.0,0.8
Weight,4,DWO31240510809019,42.0,45.92999907153296,-3.9299990715329614,1.0,0.8
Weight,4,DWO31240510809055,75.0,61.952967355348264,13.047032644651736,1.0,0.8
Weight,4,DWO31240510810420,18.0,30.068614533239924,-12.068614533239924,1.0,0.8
Weight,4,DWO31240663105253,45.0,64.21765562388833,-19.217655623888334,1.0,0.8
Weight,5,DW31240411301122,115.0,45.67072392146511,69.32927607853489,1.0,0.6
Weight,5,DW31240411301643,14.0,54.607833351959485,-40.607833351959485,1.0,0.6
Weight,5,DW31240411301661,46.0,55.613278098923686,-9.613278098923686,1.0,0.6
Weight,5,DW31240411301680,90.0,47.66092979368162,42.33907020631838,1.0,0.6
Weight,5,DW31240411301745,19.0,6.984134696470235,12.015865303529765,1.0,0.6
Weight,5,DW31240411301758,48.0,51.20358547097774,-3.2035854709777425,1.0,0.6
Weight,5,DW31240411301799,10.0,22.40656120886342,-12.406561208863419,1.0,0.6
Weight,5,DW31240411301870,17.0,59.875839486075556,-42.875839486075556,1.0,0.6
Weight,5,DW31240411302293,63.0,51.872437429280424,11.127562570719576,1.0,0.6
Weight,5,DW31240411302321,105.0,49.34769562461672,55.65230437538328,1.0,0.6
Weight,5,DW31240411302339,12.0,41.907003912056254,-29.907003912056254,1.0,0.6
Weight,5,DW31240411302369,38.0,61.74561203892945,-23.74561203892945,1.0,0.6
Weight,5,DW31240411302371,75.0,55.30918307157444,19.690816928425562,1.0,0.6
Weight,5,DW31240411302398,67.0,54.4626978223411,12.537302177658901,1.0,0.6
Weight,5,DW31240411303379,64.0,52.227869594299726,11.772130405700274,1.0,0.6
Weight,5,DW31240411303741,48.0,57.29216864369941,-9.292168643699412,1.0,0.6
Weight,5,DW31240411303782,20.0,36.871016548650736,-16.871016548650736,1.0,0.6
Weight,5,DW31240411303808,45.0,51.02887843932327,-6.028878439323272,1.0,0.6
Weight,5,DW31240510802025,10.0,40.502022969231724,-30.502022969231724,1.0,0.6
Weight,5,DW31240510802029,12.0,39.49732201461666,-27.497322014616657,1.0,0.6
Weight,5,DW31240510802801,10.0,32.37992395191962,-22.379923951919622,1.0,0.6
Weight,5,DW31240510802822,70.0,52.62763358450906,17.372366415490937,1.0,0.6
Weight,5,DW31240510802897,37.0,51.62181475044494,-14.62181475044494,1.0,0.6
Weight,5,DW31240510802906,42.0,63.15013817583666,-21.15013817583666,1.0,0.6
Weight,5,DW31240510802908,22.0,28.903628342425797,-6.903628342425797,1.0,0.6
Weight,5,DW31240510802943,47.0,69.91098602058514,-22.910986020585142,1.0,0.6
Weight,5,DW31240510804176,60.0,46.780129661511374,13.219870338488626,1.0,0.6
Weight,5,DW31240510804189,65.0,58.02656430103892,6.973435698961083,1.0,0.6
Weight,5,DW31240510805129,15.0,54.56372276003589,-39.56372276003589,1.0,0.6
Weight,5,DW31240510805321,13.0,24.865248628947977,-11.865248628947977,1.0,0.6
Weight,5,DW31240510806340,165.0,69.10610409125047,95.89389590874953,1.0,0.6
Weight,5,DW31240510806785,48.0,49.78404468617798,-1.7840446861779782,1.0,0.6
Weight,5,DW31240510807734,32.0,47.920912315847445,-15.920912315847445,1.0,0.6
Weight,5,DW31240510808607,45.0,32.98066175424557,12.019338245754433,1.0,0.6
Weight,5,DW31240510808821,53.0,41.40744014829283,11.592559851707172,1.0,0.6
Weight,5,DW31240510808955,8.0,20.391890432778926,-12.391890432778926,1.0,0.6
Weight,5,DW31240510808978,73.0,60.29338190360397,12.706618096396028,1.0,0.6
Weight,5,DW31240510808996,90.0,77.51571418389935,12.484285816100652,1.0,0.6
Weight,5,DW31240510809113,100.0,61.44629216618749,38.55370783381251,1.0,0.6
Weight,5,DW31240510809905,26.0,51.18143817465257,-25.18143817465257,1.0,0.6
Weight,5,DW31240510809962,10.0,27.795549130584362,-17.795549130584362,1.0,0.6
Weight,5,DW31240510809985,23.0,40.05103841013332,-17.051038410133323,1.0,0.6
Weight,5,DW31240510809988,56.0,54.52651267955456,1.473487320445443,1.0,0.6
Weight,5,DW31240510810029,45.0,49.469986227275925,-4.469986227275925,1.0,0.6
Weight,5,DW31240510810040,11.0,32.741578411353515,-21.741578411353515,1.0,0.6
Weight,5,DW31240663105397,48.0,53.01407669911205,-5.014076699112053,1.0,0.6
Weight,5,DW31240663105423,45.0,49.659489747541485,-4.659489747541485,1.0,0.6
Weight,5,DW31240663105430,102.0,53.60295855048636,48.39704144951364,1.0,0.6
Weight,5,DW31240663105437,110.0,63.038603459517546,46.961396540482454,1.0,0.6
Weight,5,DW31240663105479,62.0,50.23788568864951,11.762114311350487,1.0,0.6
Weight,5,DW31240663106416,20.0,32.96789841032434,-12.967898410324338,1.0,0.6
Weight,5,DW31240663106435,56.0,45.59226766202663,10.407732337973371,1.0,0.6
Weight,5,DW31240663106444,55.0,53.76668752248391,1.2333124775160869,1.0,0.6
Weight,5,DW31240663106505,102.0,51.98204203418363,50.01795796581637,1.0,0.6
Weight,5,DW31240663106528,88.0,35.2832799503012,52.7167200496988,1.0,0.6
Weight,5,DW31240663106534,160.0,56.477130040938334,103.52286995906167,1.0,0.6
Weight,5,DW31240663106551,45.0,49.44665707160962,-4.446657071609621,1.0,0.6
Weight,5,DWO31240411301108,8.5,34.52631689128347,-26.02631689128347,1.0,0.6
Weight,5,DWO31240510802087,50.0,71.71293939447649,-21.712939394476493,1.0,0.6
Weight,5,DWO31240663105213,13.0,25.277475951049286,-12.277475951049286,1.0,0.6
Weight,5,DWO31240663105433,20.0,20.66102924674257,-0.6610292467425687,1.0,0.6
Weight,5,DWO31240663106480,37.0,49.69180843929946,-12.691808439299457,1.0,0.6
Weight,6,DW31240411301097,40.0,65.48643560365791,-25.48643560365791,1.0,0.6
Weight,6,DW31240411301611,65.0,48.20539444026778,16.79460555973222,1.0,0.6
Weight,6,DW31240411301655,15.0,31.66023888183621,-16.66023888183621,1.0,0.6
Weight,6,DW31240411301664,40.0,34.6170659510383,5.382934048961701,1.0,0.6
Weight,6,DW31240411301752,45.0,43.82852785482723,1.1714721451727712,1.0,0.6
Weight,6,DW31240411301801,45.0,48.05470541546387,-3.0547054154638715,1.0,0.6
Weight,6,DW31240411301881,54.0,46.98540774902902,7.014592250970978,1.0,0.6
Weight,6,DW31240411301899,52.0,52.13745806076707,-0.13745806076706657,1.0,0.6
Weight,6,DW31240411302178,55.0,50.02624181179458,4.973758188205423,1.0,0.6
Weight,6,DW31240411302223,17.4,20.055431153650616,-2.6554311536506177,1.0,0.6
Weight,6,DW31240411302266,75.0,60.82551041834897,14.17448958165103,1.0,0.6
Weight,6,DW31240411302281,55.0,43.72169393923337,11.278306060766631,1.0,0.6
Weight,6,DW31240411302305,15.0,31.25464771868937,-16.25464771868937,1.0,0.6
Weight,6,DW31240411302306,65.0,31.09183096739326,33.908169032606736,1.0,0.6
Weight,6,DW31240411302336,70.0,52.14540072659447,17.854599273405533,1.0,0.6
Weight,6,DW31240411303316,81.0,22.54248798690121,58.45751201309879,1.0,0.6
Weight,6,DW31240411303328,145.0,60.86810847707289,84.1318915229271,1.0,0.6
Weight,6,DW31240411303654,28.0,55.644345832611386,-27.644345832611386,1.0,0.6
Weight,6,DW31240411303705,32.0,48.626401018345454,-16.626401018345454,1.0,0.6
Weight,6,DW31240411303712,35.0,55.5668548604032,-20.566854860403197,1.0,0.6
Weight,6,DW31240411303760,10.0,55.1529984954263,-45.1529984954263,1.0,0.6
Weight,6,DW31240411303830,65.0,57.14936222887397,7.850637771126031,1.0,0.6
Weight,6,DW31240411304918,32.0,46.96164479879409,-14.96164479879409,1.0,0.6
Weight,6,DW31240510800240,16.0,37.706738400609396,-21.706738400609396,1.0,0.6
Weight,6,DW31240510801995,85.0,68.77622084693934,16.22377915306066,1.0,0.6
Weight,6,DW31240510802820,63.0,63.12793840991033,-0.12793840991032823,1.0,0.6
Weight,6,DW31240510802925,55.0,45.37210769294406,9.627892307055937,1.0,0.6
Weight,6,DW31240510802967,29.0,31.209310067016776,-2.2093100670167765,1.0,0.6
Weight,6,DW31240510802982,97.0,58.3178568254763,38.6821431745237,1.0,0.6
Weight,6,DW31240510804140,42.0,49.827579543186566,-7.827579543186566,1.0,0.6
Weight,6,DW31240510805132,15.0,36.24214253703305,-21.242142537033047,1.0,0.6
Weight,6,DW31240510805317,10.0,38.3820479416587,-28.382047941658698,1.0,0.6
Weight,6,DW31240510806620,60.0,53.132584450554816,6.867415549445184,1.0,0.6
Weight,6,DW31240510806665,10.0,35.67028696919216,-25.670286969192162,1.0,0.6
Weight,6,DW31240510806731,45.0,46.243965499379314,-1.243965499379314,1.0,0.6
Weight,6,DW31240510807733,44.0,53.876317037089336,-9.876317037089336,1.0,0.6
Weight,6,DW31240510808750,15.0,33.74777126292115,-18.747771262921148,1.0,0.6
Weight,6,DW31240510808873,15.0,28.673930503006343,-13.673930503006343,1.0,0.6
Weight,6,DW31240510808947,30.0,29.302128751634722,0.6978712483652778,1.0,0.6
Weight,6,DW31240510809112,60.0,61.32423182073652,-1.3242318207365216,1.0,0.6
Weight,6,DW31240510809822,80.0,61.50028748604707,18.49971251395293,1.0,0.6
Weight,6,DW31240510809912,25.0,26.206105327422005,-1.206105327422005,1.0,0.6
Weight,6,DW31240510809919,98.0,50.608979161567824,47.391020838432176,1.0,0.6
Weight,6,DW31240510810064,44.0,47.65803626414754,-3.6580362641475404,1.0,0.6
Weight,6,DW31240510810115,65.0,49.10225996470927,15.897740035290731,1.0,0.6
Weight,6,DW31240663104963,16.0,53.179020874926074,-37.179020874926074,1.0,0.6
Weight,6,DW31240663105257,65.0,73.52619573051207,-8.526195730512072,1.0,0.6
Weight,6,DW31240663105278,49.0,29.616249048160814,19.383750951839186,1.0,0.6
Weight,6,DW31240663105301,14.0,17.60657200055372,-3.6065720005537187,1.0,0.6
Weight,6,DW31240663105383,50.0,18.64969148046568,31.35030851953432,1.0,0.6
Weight,6,DW31240663105395,10.0,30.884736517362228,-20.884736517362228,1.0,0.6
Weight,6,DW31240663105401,90.0,63.806026487679425,26.193973512320575,1.0,0.6
Weight,6,DW31240663105469,10.0,40.73674883418108,-30.73674883418108,1.0,0.6
Weight,6,DW31240663106318,50.0,55.022940708277574,-5.022940708277574,1.0,0.6
Weight,6,DW31240663106333,17.4,9.72130384537222,7.678696154627779,1.0,0.6
Weight,6,DW31240663106353,32.0,39.50590522078194,-7.505905220781941,1.0,0.6
Weight,6,DW31240663106446,53.0,42.78941012170183,10.210589878298173,1.0,0.6
Weight,6,DW31240663106461,13.0,5.401059879508431,7.598940120491569,1.0,0.6
Weight,6,DW31240663106475,53.0,56.32429610404645,-3.3242961040464465,1.0,0.6
Weight,6,DW31240663106525,75.0,45.13394685378568,29.86605314621432,1.0,0.6
Weight,6,DWO31240510809039,68.0,65.53914727926028,2.460852720739723,1.0,0.6
Weight,6,DWO31240663105208,60.0,78.8618700180825,-18.8618700180825,1.0,0.6
Weight,7,DW31240411301078,31.0,53.488377605554746,-22.488377605554746,1.0,0.6
Weight,7,DW31240411301612,95.0,42.81797142691168,52.18202857308832,1.0,0.6
Weight,7,DW31240411301641,32.0,55.61414282482672,-23.614142824826722,1.0,0.6
Weight,7,DW31240411301697,61.0,53.48983767314382,7.510162326856182,1.0,0.6
Weight,7,DW31240411301734,40.0,31.899794521059633,8.100205478940367,1.0,0.6
Weight,7,DW31240411301824,47.0,53.170531326304776,-6.170531326304776,1.0,0.6
Weight,7,DW31240411301867,35.0,57.028922085895715,-22.028922085895715,1.0,0.6
Weight,7,DW31240411302212,30.0,44.03726828587574,-14.03726828587574,1.0,0.6
Weight,7,DW31240411302219,13.4,24.146495581279527,-10.746495581279527,1.0,0.6
Weight,7,DW31240411302273,47.0,39.71616676358421,7.283833236415788,1.0,0.6
Weight,7,DW31240411302279,27.0,54.46289440683279,-27.46289440683279,1.0,0.6
Weight,7,DW31240411302378,25.0,27.372809213792312,-2.372809213792312,1.0,0.6
Weight,7,DW31240411303312,35.0,13.19134807542936,21.80865192457064,1.0,0.6
Weight,7,DW31240411303729,73.0,62.04815484718142,10.951845152818578,1.0,0.6
Weight,7,DW31240411303768,25.0,48.7673542148226,-23.767354214822603,1.0,0.6
Weight,7,DW31240411303869,50.0,57.969418444245825,-7.969418444245825,1.0,0.6
Weight,7,DW31240510801601,13.0,38.87911228231418,-25.879112282314182,1.0,0.6
Weight,7,DW31240510802789,41.4,55.27797319570428,-13.877973195704278,1.0,0.6
Weight,7,DW31240510802790,70.0,53.35255349389015,16.64744650610985,1.0,0.6
Weight,7,DW31240510802924,20.0,60.05724223595594,-40.05724223595594,1.0,0.6
Weight,7,DW31240510802976,55.0,48.33159376666618,6.668406233333819,1.0,0.6
Weight,7,DW31240510804145,28.0,59.96058591912361,-31.96058591912361,1.0,0.6
Weight,7,DW31240510804156,75.0,64.80889041722597,10.191109582774033,1.0,0.6
Weight,7,DW31240510805118,66.0,70.14928421537857,-4.149284215378572,1.0,0.6
Weight,7,DW31240510805140,30.0,33.06284368131751,-3.06284368131751,1.0,0.6
Weight,7,DW31240510805144,9.8,56.52633144334641,-46.72633144334641,1.0,0.6
Weight,7,DW31240510805167,12.5,44.502839851927206,-32.002839851927206,1.0,0.6
Weight,7,DW31240510806532,50.0,58.63984093913325,-8.63984093913325,1.0,0.6
Weight,7,DW31240510806578,52.0,53.796355695658406,-1.7963556956584057,1.0,0.6
Weight,7,DW31240510806615,39.4,27.006274306295367,12.393725693704631,1.0,0.6
Weight,7,DW31240510806701,49.5,55.41456583467189,-5.91456583467189,1.0,0.6
Weight,7,DW31240510806762,45.0,55.79339148513141,-10.793391485131409,1.0,0.6
Weight,7,DW31240510808820,17.0,54.087654955026,-37.087654955026,1.0,0.6
Weight,7,DW31240510808823,75.0,41.25103162613701,33.74896837386299,1.0,0.6
Weight,7,DW31240510808867,27.0,63.289120931402664,-36.289120931402664,1.0,0.6
Weight,7,DW31240510808874,70.0,61.22499517933467,8.77500482066533,1.0,0.6
Weight,7,DW31240510808882,4.5,6.012879134199743,-1.5128791341997427,1.0,0.6
Weight,7,DW31240510808894,25.0,70.69714023786267,-45.69714023786267,1.0,0.6
Weight,7,DW31240510809029,56.0,49.262815991340915,6.737184008659085,1.0,0.6
Weight,7,DW31240510809058,16.0,53.468831094823074,-37.468831094823074,1.0,0.6
Weight,7,DW31240510809084,57.0,59.74684495390465,-2.746844953904649,1.0,0.6
Weight,7,DW31240510809858,67.0,63.34616700768849,3.653832992311507,1.0,0.6
Weight,7,DW31240510809870,70.0,32.82012961931396,37.17987038068604,1.0,0.6
Weight,7,DW31240510809911,18.0,22.746511847349684,-4.746511847349684,1.0,0.6
Weight,7,DW31240510809940,45.0,69.51226456322428,-24.512264563224278,1.0,0.6
Weight,7,DW31240510809967,16.0,32.281688747016275,-16.281688747016275,1.0,0.6
Weight,7,DW31240510810037,10.0,40.07004261385697,-30.07004261385697,1.0,0.6
Weight,7,DW31240510810088,75.0,47.15537765128437,27.84462234871563,1.0,0.6
Weight,7,DW31240663105234,26.0,35.6530486627546,-9.6530486627546,1.0,0.6
Weight,7,DW31240663105281,18.0,43.60764432012967,-25.607644320129673,1.0,0.6
Weight,7,DW31240663105320,15.0,42.55570574183162,-27.555705741831623,1.0,0.6
Weight,7,DW31240663105370,47.8,56.192395723414585,-8.392395723414587,1.0,0.6
Weight,7,DW31240663105403,14.0,20.83530679390173,-6.835306793901729,1.0,0.6
Weight,7,DW31240663105432,60.0,51.13881379610417,8.861186203895826,1.0,0.6
Weight,7,DW31240663105450,50.0,56.61471445524075,-6.614714455240751,1.0,0.6
Weight,7,DW31240663106322,60.0,37.05148458868062,22.948515411319377,1.0,0.6
Weight,7,DW31240663106356,67.0,42.25994340975186,24.740056590248138,1.0,0.6
Weight,7,DW31240663106447,30.0,56.500270919632925,-26.500270919632925,1.0,0.6
Weight,7,DW31240663106529,90.0,72.40795605915667,17.592043940843325,1.0,0.6
Weight,7,DWO31240510806494,70.0,31.463361811715465,38.536638188284535,1.0,0.6
Weight,7,DWO31240663105406,55.0,60.28404824465893,-5.284048244658933,1.0,0.6
Weight,7,DWO31240663105418,62.0,56.09455555770632,5.905444442293678,1.0,0.6
Weight,8,DW31231210401827,90.0,74.36052285871796,15.639477141282043,1.0,0.6
Weight,8,DW31240411301075,17.0,34.63634505258207,-17.636345052582072,1.0,0.6
Weight,8,DW31240411301660,12.0,30.325858415548087,-18.325858415548087,1.0,0.6
Weight,8,DW31240411301675,120.0,61.64794754196587,58.35205245803413,1.0,0.6
Weight,8,DW31240411301682,60.0,75.46816493823887,-15.468164938238871,1.0,0.6
Weight,8,DW31240411301683,75.0,56.725144736897526,18.274855263102474,1.0,0.6
Weight,8,DW31240411301717,65.0,59.034880455293774,5.965119544706226,1.0,0.6
Weight,8,DW31240411301724,60.0,59.18758235569411,0.8124176443058886,1.0,0.6
Weight,8,DW31240411301779,100.0,64.21272270978025,35.78727729021975,1.0,0.6
Weight,8,DW31240411301798,56.0,67.00113859364755,-11.001138593647553,1.0,0.6
Weight,8,DW31240411301852,65.0,24.26325238935628,40.73674761064372,1.0,0.6
Weight,8,DW31240411301891,64.0,28.274764540539163,35.72523545946083,1.0,0.6
Weight,8,DW31240411302253,26.0,32.30959138183799,-6.30959138183799,1.0,0.6
Weight,8,DW31240411302389,40.0,45.387680299009645,-5.387680299009645,1.0,0.6
Weight,8,DW31240411303354,70.0,70.83241871562805,-0.8324187156280516,1.0,0.6
Weight,8,DW31240411303684,19.0,30.377552181260352,-11.377552181260352,1.0,0.6
Weight,8,DW31240411303690,75.0,44.10242856339631,30.89757143660369,1.0,0.6
Weight,8,DW31240411303713,10.0,38.55439061537541,-28.55439061537541,1.0,0.6
Weight,8,DW31240411303717,15.0,25.220007544595948,-10.220007544595948,1.0,0.6
Weight,8,DW31240510802043,50.0,60.404216005833,-10.404216005833,1.0,0.6
Weight,8,DW31240510802828,90.0,35.38152210976696,54.61847789023304,1.0,0.6
Weight,8,DW31240510802972,56.0,55.375832752266895,0.6241672477331051,1.0,0.6
Weight,8,DW31240510802975,53.0,59.04098591814709,-6.0409859181470935,1.0,0.6
Weight,8,DW31240510802977,85.0,64.65158572431301,20.34841427568699,1.0,0.6
Weight,8,DW31240510802992,55.0,60.30109821208446,-5.301098212084462,1.0,0.6
Weight,8,DW31240510803391,55.0,68.1641943682901,-13.164194368290097,1.0,0.6
Weight,8,DW31240510805115,23.0,43.870793966588785,-20.870793966588785,1.0,0.6
Weight,8,DW31240510805135,47.0,52.79614514121724,-5.796145141217238,1.0,0.6
Weight,8,DW31240510806109,41.0,68.38013878807938,-27.38013878807938,1.0,0.6
Weight,8,DW31240510806455,78.0,69.07285458746489,8.927145412535111,1.0,0.6
Weight,8,DW31240510806569,18.0,59.59846614166557,-41.59846614166557,1.0,0.6
Weight,8,DW31240510806581,16.0,33.18225641417332,-17.182256414173317,1.0,0.6
Weight,8,DW31240510806606,55.0,49.5619070316818,5.438092968318202,1.0,0.6
Weight,8,DW31240510806676,55.0,53.31944836199212,1.680551638007877,1.0,0.6
Weight,8,DW31240510807748,10.0,10.056749665475444,-0.05674966547544358,1.0,0.6
Weight,8,DW31240510807756,84.0,45.24077623973864,38.75922376026136,1.0,0.6
Weight,8,DW31240510808861,18.0,10.769897914698802,7.230102085301198,1.0,0.6
Weight,8,DW31240510808907,67.0,23.296010041178334,43.703989958821666,1.0,0.6
Weight,8,DW31240510808939,45.0,45.80361361720494,-0.8036136172049382,1.0,0.6
Weight,8,DW31240510808944,70.0,66.16026764461358,3.839732355386417,1.0,0.6
Weight,8,DW31240510809085,10.0,17.777031284912574,-7.7770312849125744,1.0,0.6
Weight,8,DW31240510809118,65.0,61.25288153243778,3.747118467562217,1.0,0.6
Weight,8,DW31240510809831,8.0,24.007970268212237,-16.007970268212237,1.0,0.6
Weight,8,DW31240510809852,28.0,16.22347366839969,11.776526331600309,1.0,0.6
Weight,8,DW31240510809860,50.0,55.96542537272791,-5.965425372727907,1.0,0.6
Weight,8,DW31240510809862,48.0,65.99864400461817,-17.99864400461817,1.0,0.6
Weight,8,DW31240510809978,50.0,55.56834244019859,-5.568342440198592,1.0,0.6
Weight,8,DW31240510810104,55.0,43.43433881815984,11.565661181840163,1.0,0.6
Weight,8,DW31240510810424,70.0,74.13598097001267,-4.1359809700126675,1.0,0.6
Weight,8,DW31240510810426,48.0,40.015298159896304,7.984701840103696,1.0,0.6
Weight,8,DW31240663105256,65.0,39.183957753675855,25.816042246324145,1.0,0.6
Weight,8,DW31240663105492,70.0,65.1206128590564,4.8793871409436065,1.0,0.6
Weight,8,DW31240663106502,40.0,53.34722783884857,-13.347227838848568,1.0,0.6
Weight,8,DW31240663106510,99.0,39.88398372844353,59.11601627155647,1.0,0.6
Weight,8,DW31240663106554,25.0,57.483666991951736,-32.483666991951736,1.0,0.6
Weight,8,DWO31240510806711,12.0,38.934796900236876,-26.934796900236876,1.0,0.6
Weight,8,DWO31240510806776,20.0,37.331382980506696,-17.331382980506696,1.0,0.6
Weight,8,DWO31240663105239,72.0,49.481399524372534,22.518600475627466,1.0,0.6
Weight,8,DWO31240663105309,65.0,36.736298710187064,28.263701289812936,1.0,0.6
Weight,8,DWO31240663105317,35.0,30.554289354288024,4.445710645711976,1.0,0.6
Weight,8,DWO31240663106349,13.0,34.367844450658986,-21.367844450658986,1.0,0.6
Weight,8,DWO31240663106363,90.0,62.43316814164856,27.566831858351442,1.0,0.6
Weight,9,DW31240411301076,9.0,10.603299260395033,-1.6032992603950333,1.0,0.6
Weight,9,DW31240411301588,17.0,23.246943914805517,-6.246943914805517,1.0,0.6
Weight,9,DW31240411301693,90.0,57.04239387116739,32.95760612883261,1.0,0.6
Weight,9,DW31240411301714,16.0,52.41453379775981,-36.41453379775981,1.0,0.6
Weight,9,DW31240411301746,35.0,58.93702036446534,-23.93702036446534,1.0,0.6
Weight,9,DW31240411301780,44.0,46.2555442634294,-2.2555442634293996,1.0,0.6
Weight,9,DW31240411301902,25.0,18.645629615591822,6.354370384408178,1.0,0.6
Weight,9,DW31240411302200,15.0,25.36339057935144,-10.363390579351439,1.0,0.6
Weight,9,DW31240411302297,60.0,35.32027533836276,24.679724661637238,1.0,0.6
Weight,9,DW31240411302300,14.0,23.605182091276735,-9.605182091276735,1.0,0.6
Weight,9,DW31240411302308,18.0,44.378328806850476,-26.378328806850476,1.0,0.6
Weight,9,DW31240411302351,54.0,63.088266275268495,-9.088266275268495,1.0,0.6
Weight,9,DW31240411302372,55.0,55.60614219776237,-0.6061421977623667,1.0,0.6
Weight,9,DW31240411302385,20.0,7.0319670366949865,12.968032963305014,1.0,0.6
Weight,9,DW31240411302420,24.0,40.81751816296726,-16.81751816296726,1.0,0.6
Weight,9,DW31240411302941,14.0,27.100882709298773,-13.100882709298773,1.0,0.6
Weight,9,DW31240411302963,13.0,17.081397054041393,-4.081397054041393,1.0,0.6
Weight,9,DW31240411302974,85.0,63.97568530600033,21.02431469399967,1.0,0.6
Weight,9,DW31240411303711,24.0,10.521913468239639,13.478086531760361,1.0,0.6
Weight,9,DW31240411303723,45.0,55.588202496854564,-10.588202496854564,1.0,0.6
Weight,9,DW31240411303877,69.0,67.72818890987926,1.2718110901207353,1.0,0.6
Weight,9,DW31240510801969,5.0,26.309306167434062,-21.309306167434062,1.0,0.6
Weight,9,DW31240510801994,57.0,52.81334695935392,4.186653040646078,1.0,0.6
Weight,9,DW31240510802044,15.0,41.8709409550591,-26.870940955059098,1.0,0.6
Weight,9,DW31240510805326,14.0,30.3477924969543,-16.3477924969543,1.0,0.6
Weight,9,DW31240510805357,50.0,41.8952824300343,8.1047175699657,1.0,0.6
Weight,9,DW31240510806670,65.0,65.85646821762445,-0.8564682176244531,1.0,0.6
Weight,9,DW31240510806693,62.0,50.02234835613415,11.977651643865848,1.0,0.6
Weight,9,DW31240510808819,92.0,53.758165632012535,38.241834367987465,1.0,0.6
Weight,9,DW31240510808827,65.0,61.973615016333575,3.026384983666425,1.0,0.6
Weight,9,DW31240510808836,57.0,68.42153630020549,-11.421536300205489,1.0,0.6
Weight,9,DW31240510808839,40.0,60.87177213369621,-20.87177213369621,1.0,0.6
Weight,9,DW31240510808863,75.0,59.85908361488404,15.140916385115958,1.0,0.6
Weight,9,DW31240510809010,50.0,60.24465079975764,-10.244650799757643,1.0,0.6
Weight,9,DW31240510809015,38.0,72.32635186618867,-34.32635186618867,1.0,0.6
Weight,9,DW31240510809037,40.0,38.872267575300725,1.1277324246992748,1.0,0.6
Weight,9,DW31240510809094,70.0,55.409376228132366,14.590623771867634,1.0,0.6
Weight,9,DW31240510809861,115.0,64.12653545958094,50.873464540419064,1.0,0.6
Weight,9,DW31240510810109,21.0,31.191780132383748,-10.191780132383748,1.0,0.6
Weight,9,DW31240663105224,45.0,38.13466174830013,6.8653382516998676,1.0,0.6
Weight,9,DW31240663105251,36.0,50.240628908936046,-14.240628908936046,1.0,0.6
Weight,9,DW31240663105261,32.0,54.24772320602743,-22.24772320602743,1.0,0.6
Weight,9,DW31240663105291,95.0,52.894157077816146,42.105842922183854,1.0,0.6
Weight,9,DW31240663105380,15.0,6.485697852608084,8.514302147391916,1.0,0.6
Weight,9,DW31240663105398,18.0,48.79668563975864,-30.796685639758643,1.0,0.6
Weight,9,DW31240663105464,90.0,65.24597160512263,24.754028394877366,1.0,0.6
Weight,9,DW31240663105473,50.0,52.44305535634433,-2.443055356344331,1.0,0.6
Weight,9,DW31240663106310,35.0,59.73926220697859,-24.739262206978587,1.0,0.6
Weight,9,DW31240663106328,54.0,54.59092183441279,-0.5909218344127893,1.0,0.6
Weight,9,DW31240663106342,60.0,62.909282698228125,-2.9092826982281252,1.0,0.6
Weight,9,DW31240663106396,19.0,34.48395394837883,-15.483953948378833,1.0,0.6
Weight,9,DW31240663106404,85.0,65.41951732346755,19.580482676532455,1.0,0.6
Weight,9,DW31240663106415,165.0,50.552750492489125,114.44724950751088,1.0,0.6
Weight,9,DW31240663106421,60.0,64.05998235059859,-4.059982350598588,1.0,0.6
Weight,9,DW31240663106474,100.0,56.04441627251305,43.95558372748695,1.0,0.6
Weight,9,DW31240663106538,60.0,62.9067657232514,-2.9067657232513966,1.0,0.6
Weight,9,DW31240663106543,38.0,68.18517743535068,-30.18517743535068,1.0,0.6
Weight,9,DW31240663106550,70.0,54.8350455093685,15.164954490631501,1.0,0.6
Weight,9,DWO31240411301658,101.0,54.49968819346111,46.50031180653889,1.0,0.6
Weight,9,DWO31240663105390,52.0,54.33177948527875,-2.3317794852787515,1.0,0.6
Weight,9,DWO31240663106412,12.0,38.11602515291263,-26.116025152912627,1.0,0.6
Weight,10,DW31240411301072,18.2,41.66394752735376,-23.463947527353763,1.0,0.6
Weight,10,DW31240411301100,57.5,58.18762958694454,-0.6876295869445386,1.0,0.6
Weight,10,DW31240411301109,75.0,38.04175577358106,36.95824422641894,1.0,0.6
Weight,10,DW31240411301695,11.0,17.595603646076295,-6.595603646076295,1.0,0.6
Weight,10,DW31240411301743,50.0,22.65808721609139,27.34191278390861,1.0,0.6
Weight,10,DW31240411301753,75.0,68.8204728636367,6.179527136363305,1.0,0.6
Weight,10,DW31240411301759,12.0,51.4928361773453,-39.4928361773453,1.0,0.6
Weight,10,DW31240411301761,24.0,69.02829955722535,-45.02829955722535,1.0,0.6
Weight,10,DW31240411301785,20.0,33.84586862829546,-13.845868628295463,1.0,0.6
Weight,10,DW31240411301889,51.0,46.864408482781016,4.135591517218984,1.0,0.6
Weight,10,DW31240411302060,80.0,69.04186306684817,10.958136933151835,1.0,0.6
Weight,10,DW31240411302221,12.6,47.212247759867786,-34.612247759867785,1.0,0.6
Weight,10,DW31240411302271,20.0,42.83310301832107,-22.83310301832107,1.0,0.6
Weight,10,DW31240411302379,76.0,63.688833235536805,12.311166764463195,1.0,0.6
Weight,10,DW31240411302793,32.0,53.1636507005213,-21.163650700521302,1.0,0.6
Weight,10,DW31240411302976,12.0,47.48921075162955,-35.48921075162955,1.0,0.6
Weight,10,DW31240411303646,60.0,57.30196438910376,2.698035610896241,1.0,0.6
Weight,10,DW31240411303658,105.0,50.27468169805695,54.72531830194305,1.0,0.6
Weight,10,DW31240411303787,54.0,61.66976140147598,-7.669761401475981,1.0,0.6
Weight,10,DW31240411303842,85.0,39.83923941446358,45.16076058553642,1.0,0.6
Weight,10,DW31240510802027,80.0,50.915272111824144,29.084727888175856,1.0,0.6
Weight,10,DW31240510802107,166.0,54.270240607814614,111.72975939218539,1.0,0.6
Weight,10,DW31240510802134,48.0,55.8541339677055,-7.854133967705501,1.0,0.6
Weight,10,DW31240510802855,42.0,50.4873537103261,-8.487353710326097,1.0,0.6
Weight,10,DW31240510802858,120.0,71.12855487070439,48.87144512929561,1.0,0.6
Weight,10,DW31240510802969,7.0,16.325027137468496,-9.325027137468496,1.0,0.6
Weight,10,DW31240510804192,45.0,41.189252195691836,3.810747804308164,1.0,0.6
Weight,10,DW31240510804851,105.0,71.50438106752212,33.49561893247788,1.0,0.6
Weight,10,DW31240510805113,60.0,56.842537000041105,3.157462999958895,1.0,0.6
Weight,10,DW31240510805704,41.0,69.03983621729184,-28.039836217291835,1.0,0.6
Weight,10,DW31240510806535,40.0,63.393893177099756,-23.393893177099756,1.0,0.6
Weight,10,DW31240510806673,16.8,42.049356594556016,-25.249356594556016,1.0,0.6
Weight,10,DW31240510806745,65.0,58.6774650188267,6.322534981173298,1.0,0.6
Weight,10,DW31240510807067,76.0,55.84435114394863,20.15564885605137,1.0,0.6
Weight,10,DW31240510807755,12.0,54.29002003533503,-42.29002003533503,1.0,0.6
Weight,10,DW31240510807761,29.0,37.15457715719672,-8.15457715719672,1.0,0.6
Weight,10,DW31240510808858,70.0,70.6805778710818,-0.6805778710817947,1.0,0.6
Weight,10,DW31240510808897,30.0,65.09436664675857,-35.09436664675857,1.0,0.6
Weight,10,DW31240510809046,49.0,65.30656659130426,-16.30656659130426,1.0,0.6
Weight,10,DW31240510809886,48.0,51.362522336479984,-3.3625223364799837,1.0,0.6
Weight,10,DW31240510809918,75.0,49.71893211085471,25.28106788914529,1.0,0.6
Weight,10,DW31240510809983,45.0,47.458993017126936,-2.458993017126936,1.0,0.6
Weight,10,DW31240510809996,17.0,34.622380737104116,-17.622380737104116,1.0,0.6
Weight,10,DW31240510810011,38.0,50.86705710965911,-12.867057109659108,1.0,0.6
Weight,10,DW31240510810100,45.0,44.63163943449685,0.36836056550315277,1.0,0.6
Weight,10,DW31240510810421,25.0,72.60206286507639,-47.60206286507639,1.0,0.6
Weight,10,DW31240663105209,65.0,50.88694910793537,14.113050892064628,1.0,0.6
Weight,10,DW31240663105247,75.0,59.938693274542274,15.061306725457726,1.0,0.6
Weight,10,DW31240663105312,60.0,67.78528376499585,-7.785283764995853,1.0,0.6
Weight,10,DW31240663105449,70.0,52.09584690577491,17.904153094225087,1.0,0.6
Weight,10,DW31240663106329,23.0,49.436994215355085,-26.436994215355085,1.0,0.6
Weight,10,DW31240663106351,20.0,30.48947696662332,-10.489476966623322,1.0,0.6
Weight,10,DW31240663106436,47.0,70.45200803911106,-23.452008039111064,1.0,0.6
Weight,10,DW31240663106500,8.5,46.258451156709114,-37.758451156709114,1.0,0.6
Weight,10,DW31240663106504,100.0,50.7755049520987,49.2244950479013,1.0,0.6
Weight,10,DW31240663106527,52.0,51.04060042411529,0.95939957588471,1.0,0.6
Weight,10,DW31240663106549,39.2,46.8439856561941,-7.643985656194097,1.0,0.6
Weight,10,DWO31240411301707,55.0,54.26216570379517,0.7378342962048308,1.0,0.6
Weight,10,DWO31240510806734,25.0,31.55405674487933,-6.554056744879329,1.0,0.6
Weight,10,DWO31240510808908,55.0,53.60485109077068,1.3951489092293201,1.0,0.6
Weight,10,DWO31240663105277,17.0,3.9408073491354685,13.059192650864532,1.0,0.6
